/*************************************************************
Proyecto: Uniformes Comercio v2
Descripción:Inserción de catalogos
Valor de retorno: Resultado de ejecucion de cada línea.
Precondiciones: Tener tablas y esquema creado   
Creador: Luis Daniel Rodriguez Garcia
Fecha de creación: Abril 2018
*************************************************************/

INSERT INTO UNIFORMES.TAESTATUSSPPI (FIESTATUS, FCESTATUS)
VALUES (0, 'ERROR');
INSERT INTO UNIFORMES.TAESTATUSSPPI (FIESTATUS, FCESTATUS)
VALUES (1, 'APLICADO EN SPPI');
INSERT INTO UNIFORMES.TAESTATUSSPPI (FIESTATUS, FCESTATUS)
VALUES (2, 'PROCESANDO');
INSERT INTO UNIFORMES.TAESTATUSSPPI (FIESTATUS, FCESTATUS)
VALUES (3, 'COMPLETADO');

INSERT INTO UNIFORMES.TATIPOTALLA (FITALLA, FCDESCRIPCION, FCCLAVE, FIORDEN)
VALUES (1, 'ExtraChica', 'XCH', 10);
INSERT INTO UNIFORMES.TATIPOTALLA (FITALLA, FCDESCRIPCION, FCCLAVE, FIORDEN)
VALUES (2, 'Chica', 'CH', 20);
INSERT INTO UNIFORMES.TATIPOTALLA (FITALLA, FCDESCRIPCION, FCCLAVE, FIORDEN)
VALUES (3, 'Mediana', 'M', 30);
INSERT INTO UNIFORMES.TATIPOTALLA (FITALLA, FCDESCRIPCION, FCCLAVE, FIORDEN)
VALUES (4, 'Grande', 'G', 40);
INSERT INTO UNIFORMES.TATIPOTALLA (FITALLA, FCDESCRIPCION, FCCLAVE, FIORDEN)
VALUES (5, 'Extra Grande', 'XG', 50);
INSERT INTO UNIFORMES.TATIPOTALLA (FITALLA, FCDESCRIPCION, FCCLAVE, FIORDEN)
VALUES (6, 'Extra Extra Grande', 'XXG', 60);
INSERT INTO UNIFORMES.TATIPOTALLA (FITALLA, FCDESCRIPCION, FCCLAVE, FIORDEN)
VALUES (7, 'Talla-3', '3', 100);
INSERT INTO UNIFORMES.TATIPOTALLA (FITALLA, FCDESCRIPCION, FCCLAVE, FIORDEN)
VALUES (8, 'Talla-5', '5', 110);
INSERT INTO UNIFORMES.TATIPOTALLA (FITALLA, FCDESCRIPCION, FCCLAVE, FIORDEN)
VALUES (9, 'Talla-7', '7', 120);
INSERT INTO UNIFORMES.TATIPOTALLA (FITALLA, FCDESCRIPCION, FCCLAVE, FIORDEN)
VALUES (10, 'Talla-9', '9', 130);
INSERT INTO UNIFORMES.TATIPOTALLA (FITALLA, FCDESCRIPCION, FCCLAVE, FIORDEN)
VALUES (11, 'Talla-11', '11', 140);
INSERT INTO UNIFORMES.TATIPOTALLA (FITALLA, FCDESCRIPCION, FCCLAVE, FIORDEN)
VALUES (12, 'Talla-13', '13', 150);
INSERT INTO UNIFORMES.TATIPOTALLA (FITALLA, FCDESCRIPCION, FCCLAVE, FIORDEN)
VALUES (13, 'Talla-15', '15', 160);
INSERT INTO UNIFORMES.TATIPOTALLA (FITALLA, FCDESCRIPCION, FCCLAVE, FIORDEN)
VALUES (14, 'Talla-17', '17', 170);
INSERT INTO UNIFORMES.TATIPOTALLA (FITALLA, FCDESCRIPCION, FCCLAVE, FIORDEN)
VALUES (15, 'Talla-19', '19', 180);
INSERT INTO UNIFORMES.TATIPOTALLA (FITALLA, FCDESCRIPCION, FCCLAVE, FIORDEN)
VALUES (16, 'Talla-21', '21', 190);
INSERT INTO UNIFORMES.TATIPOTALLA (FITALLA, FCDESCRIPCION, FCCLAVE, FIORDEN)
VALUES (17, 'Talla-26', '26', 220);
INSERT INTO UNIFORMES.TATIPOTALLA (FITALLA, FCDESCRIPCION, FCCLAVE, FIORDEN)
VALUES (18, 'Talla-28', '28', 230);
INSERT INTO UNIFORMES.TATIPOTALLA (FITALLA, FCDESCRIPCION, FCCLAVE, FIORDEN)
VALUES (19, 'Talla-30', '30', 240);
INSERT INTO UNIFORMES.TATIPOTALLA (FITALLA, FCDESCRIPCION, FCCLAVE, FIORDEN)
VALUES (20, 'Talla-32', '32', 250);
INSERT INTO UNIFORMES.TATIPOTALLA (FITALLA, FCDESCRIPCION, FCCLAVE, FIORDEN)
VALUES (21, 'Talla-34', '34', 260);
INSERT INTO UNIFORMES.TATIPOTALLA (FITALLA, FCDESCRIPCION, FCCLAVE, FIORDEN)
VALUES (22, 'Talla-36', '36', 270);
INSERT INTO UNIFORMES.TATIPOTALLA (FITALLA, FCDESCRIPCION, FCCLAVE, FIORDEN)
VALUES (23, 'Talla-38', '38', 280);
INSERT INTO UNIFORMES.TATIPOTALLA (FITALLA, FCDESCRIPCION, FCCLAVE, FIORDEN)
VALUES (24, 'Talla-40', '40', 290);
INSERT INTO UNIFORMES.TATIPOTALLA (FITALLA, FCDESCRIPCION, FCCLAVE, FIORDEN)
VALUES (25, 'Talla-42', '42', 300);
INSERT INTO UNIFORMES.TATIPOTALLA (FITALLA, FCDESCRIPCION, FCCLAVE, FIORDEN)
VALUES (26, 'Talla-44', '44', 310);
INSERT INTO UNIFORMES.TATIPOTALLA (FITALLA, FCDESCRIPCION, FCCLAVE, FIORDEN)
VALUES (27, '3XG', '3XG', 70);
INSERT INTO UNIFORMES.TATIPOTALLA (FITALLA, FCDESCRIPCION, FCCLAVE, FIORDEN)
VALUES (28, '4XG', '4XG', 80);
INSERT INTO UNIFORMES.TATIPOTALLA (FITALLA, FCDESCRIPCION, FCCLAVE, FIORDEN)
VALUES (29, 'Talla-23', '23', 200);
INSERT INTO UNIFORMES.TATIPOTALLA (FITALLA, FCDESCRIPCION, FCCLAVE, FIORDEN)
VALUES (30, 'Talla-25', '25', 210);
INSERT INTO UNIFORMES.TATIPOTALLA (FITALLA, FCDESCRIPCION, FCCLAVE, FIORDEN)
VALUES (31, 'Talla-46', '46', 320);
INSERT INTO UNIFORMES.TATIPOTALLA (FITALLA, FCDESCRIPCION, FCCLAVE, FIORDEN)
VALUES (32, 'Talla-48', '48', 330);
INSERT INTO UNIFORMES.TATIPOTALLA (FITALLA, FCDESCRIPCION, FCCLAVE, FIORDEN)
VALUES (33, 'Unitalla', 'UNI', 0);

--TAGENERO
INSERT INTO UNIFORMES.TAGENERO (FIIDGENERO, FCDESCRIPCION)
VALUES (1, 'HOMBRE');
INSERT INTO UNIFORMES.TAGENERO (FIIDGENERO, FCDESCRIPCION)
VALUES (2, 'MUJER');
INSERT INTO UNIFORMES.TAGENERO (FIIDGENERO, FCDESCRIPCION)
VALUES (3, 'UNISEX');

--TAKITS
INSERT INTO UNIFORMES.TATIPOKIT (FIKIT, FCDESCRIPCION)
VALUES (1, 'ELEKTRA');
INSERT INTO UNIFORMES.TATIPOKIT (FIKIT, FCDESCRIPCION)
VALUES (2, 'SYR');
INSERT INTO UNIFORMES.TATIPOKIT (FIKIT, FCDESCRIPCION)
VALUES (3, 'BDR');
INSERT INTO UNIFORMES.TATIPOKIT (FIKIT, FCDESCRIPCION)
VALUES (4, 'ELEKTRA REMATES');
INSERT INTO UNIFORMES.TATIPOKIT (FIKIT, FCDESCRIPCION)
VALUES (5, 'DINERO AZTECA');
INSERT INTO UNIFORMES.TATIPOKIT (FIKIT, FCDESCRIPCION)
VALUES (6, 'PRESTA PRENDA');

--TATIPOSPRENDA
INSERT INTO UNIFORMES.TATIPOSPRENDA (FIIDTIPOPRENDA, FCDESCRIPCION, FCIMAGEN)
VALUES (1, 'PANTALON', 'pants1.png');
INSERT INTO UNIFORMES.TATIPOSPRENDA (FIIDTIPOPRENDA, FCDESCRIPCION, FCIMAGEN)
VALUES (2, 'CAMISA MC', 'shirt1.png');
INSERT INTO UNIFORMES.TATIPOSPRENDA (FIIDTIPOPRENDA, FCDESCRIPCION, FCIMAGEN)
VALUES (3, 'CAMISA ML', 'shirt1.png');
INSERT INTO UNIFORMES.TATIPOSPRENDA (FIIDTIPOPRENDA, FCDESCRIPCION, FCIMAGEN)
VALUES (4, 'LANDYARD', 'card1.png');
COMMIT;

-- ESTATUS ABASTO
INSERT INTO UNIFORMES.TAESTATUSABASTO (FIESTATUS, FCMENSAJE)
VALUES (-1, 'SIN ESTADO');
INSERT INTO UNIFORMES.TAESTATUSABASTO (FIESTATUS, FCMENSAJE)
VALUES (0, 'SIN ESTADO');
INSERT INTO UNIFORMES.TAESTATUSABASTO (FIESTATUS, FCMENSAJE)
VALUES (90, NULL);
INSERT INTO UNIFORMES.TAESTATUSABASTO (FIESTATUS, FCMENSAJE)
VALUES (20, 'CREATED');
INSERT INTO UNIFORMES.TAESTATUSABASTO (FIESTATUS, FCMENSAJE)
VALUES (800, 'PARTIALLY SHIPPED');
INSERT INTO UNIFORMES.TAESTATUSABASTO (FIESTATUS, FCMENSAJE)
VALUES (400, 'ALLOCATED');
INSERT INTO UNIFORMES.TAESTATUSABASTO (FIESTATUS, FCMENSAJE)
VALUES (650, 'PARTIALLY DC ALLOCATED');
INSERT INTO UNIFORMES.TAESTATUSABASTO (FIESTATUS, FCMENSAJE)
VALUES (500, 'RELEASED');
INSERT INTO UNIFORMES.TAESTATUSABASTO (FIESTATUS, FCMENSAJE)
VALUES (850, 'SHIPPED');
INSERT INTO UNIFORMES.TAESTATUSABASTO (FIESTATUS, FCMENSAJE)
VALUES (940, 'CANCELED');
INSERT INTO UNIFORMES.TAESTATUSABASTO (FIESTATUS, FCMENSAJE)
VALUES (390, 'SCHEDULING FAILED');
INSERT INTO UNIFORMES.TAESTATUSABASTO (FIESTATUS, FCMENSAJE)
VALUES (600, 'DC ALLOCATED');
INSERT INTO UNIFORMES.TAESTATUSABASTO (FIESTATUS, FCMENSAJE)
VALUES (200, 'SOURCED');
INSERT INTO UNIFORMES.TAESTATUSABASTO (FIESTATUS, FCMENSAJE)
VALUES (492, 'DO CREATED');
INSERT INTO UNIFORMES.TAESTATUSABASTO (FIESTATUS, FCMENSAJE)
VALUES (10, 'INVALID');
INSERT INTO UNIFORMES.TAESTATUSABASTO (FIESTATUS, FCMENSAJE)
VALUES (490, 'ALLOCATION FAILED');

--TATIPOSPRENDAXKIT
INSERT INTO UNIFORMES.TATIPOSPRENDAXKIT (FIKIT, FIIDTIPOPRENDA)
VALUES (1, 1);
INSERT INTO UNIFORMES.TATIPOSPRENDAXKIT (FIKIT, FIIDTIPOPRENDA)
VALUES (1, 2);
INSERT INTO UNIFORMES.TATIPOSPRENDAXKIT (FIKIT, FIIDTIPOPRENDA)
VALUES (1, 3);
INSERT INTO UNIFORMES.TATIPOSPRENDAXKIT (FIKIT, FIIDTIPOPRENDA)
VALUES (1, 4);
INSERT INTO UNIFORMES.TATIPOSPRENDAXKIT (FIKIT, FIIDTIPOPRENDA)
VALUES (2, 1);
INSERT INTO UNIFORMES.TATIPOSPRENDAXKIT (FIKIT, FIIDTIPOPRENDA)
VALUES (2, 2);
INSERT INTO UNIFORMES.TATIPOSPRENDAXKIT (FIKIT, FIIDTIPOPRENDA)
VALUES (2, 3);
INSERT INTO UNIFORMES.TATIPOSPRENDAXKIT (FIKIT, FIIDTIPOPRENDA)
VALUES (2, 4);
INSERT INTO UNIFORMES.TATIPOSPRENDAXKIT (FIKIT, FIIDTIPOPRENDA)
VALUES (3, 1);
INSERT INTO UNIFORMES.TATIPOSPRENDAXKIT (FIKIT, FIIDTIPOPRENDA)
VALUES (3, 2);
INSERT INTO UNIFORMES.TATIPOSPRENDAXKIT (FIKIT, FIIDTIPOPRENDA)
VALUES (3, 3);
INSERT INTO UNIFORMES.TATIPOSPRENDAXKIT (FIKIT, FIIDTIPOPRENDA)
VALUES (3, 4);
INSERT INTO UNIFORMES.TATIPOSPRENDAXKIT (FIKIT, FIIDTIPOPRENDA)
VALUES (4, 1);
INSERT INTO UNIFORMES.TATIPOSPRENDAXKIT (FIKIT, FIIDTIPOPRENDA)
VALUES (4, 2);
INSERT INTO UNIFORMES.TATIPOSPRENDAXKIT (FIKIT, FIIDTIPOPRENDA)
VALUES (4, 3);
INSERT INTO UNIFORMES.TATIPOSPRENDAXKIT (FIKIT, FIIDTIPOPRENDA)
VALUES (4, 4);
INSERT INTO UNIFORMES.TATIPOSPRENDAXKIT (FIKIT, FIIDTIPOPRENDA)
VALUES (5, 1);
INSERT INTO UNIFORMES.TATIPOSPRENDAXKIT (FIKIT, FIIDTIPOPRENDA)
VALUES (5, 2);
INSERT INTO UNIFORMES.TATIPOSPRENDAXKIT (FIKIT, FIIDTIPOPRENDA)
VALUES (5, 3);
INSERT INTO UNIFORMES.TATIPOSPRENDAXKIT (FIKIT, FIIDTIPOPRENDA)
VALUES (5, 4);
INSERT INTO UNIFORMES.TATIPOSPRENDAXKIT (FIKIT, FIIDTIPOPRENDA)
VALUES (6, 1);
INSERT INTO UNIFORMES.TATIPOSPRENDAXKIT (FIKIT, FIIDTIPOPRENDA)
VALUES (6, 2);
INSERT INTO UNIFORMES.TATIPOSPRENDAXKIT (FIKIT, FIIDTIPOPRENDA)
VALUES (6, 3);
INSERT INTO UNIFORMES.TATIPOSPRENDAXKIT (FIKIT, FIIDTIPOPRENDA)
VALUES (6, 4);

--TATALLASXTIPOPRENDA
INSERT INTO UNIFORMES.TATALLASXTIPOPRENDA (FIIDTIPOPRENDA, FITALLA, FIIDGENERO)
VALUES (1, 7, 2);
INSERT INTO UNIFORMES.TATALLASXTIPOPRENDA (FIIDTIPOPRENDA, FITALLA, FIIDGENERO)
VALUES (1, 8, 2);
INSERT INTO UNIFORMES.TATALLASXTIPOPRENDA (FIIDTIPOPRENDA, FITALLA, FIIDGENERO)
VALUES (1, 9, 2);
INSERT INTO UNIFORMES.TATALLASXTIPOPRENDA (FIIDTIPOPRENDA, FITALLA, FIIDGENERO)
VALUES (1, 10, 2);
INSERT INTO UNIFORMES.TATALLASXTIPOPRENDA (FIIDTIPOPRENDA, FITALLA, FIIDGENERO)
VALUES (1, 11, 2);
INSERT INTO UNIFORMES.TATALLASXTIPOPRENDA (FIIDTIPOPRENDA, FITALLA, FIIDGENERO)
VALUES (1, 12, 2);
INSERT INTO UNIFORMES.TATALLASXTIPOPRENDA (FIIDTIPOPRENDA, FITALLA, FIIDGENERO)
VALUES (1, 13, 2);
INSERT INTO UNIFORMES.TATALLASXTIPOPRENDA (FIIDTIPOPRENDA, FITALLA, FIIDGENERO)
VALUES (1, 14, 2);
INSERT INTO UNIFORMES.TATALLASXTIPOPRENDA (FIIDTIPOPRENDA, FITALLA, FIIDGENERO)
VALUES (1, 15, 2);
INSERT INTO UNIFORMES.TATALLASXTIPOPRENDA (FIIDTIPOPRENDA, FITALLA, FIIDGENERO)
VALUES (1, 16, 2);
INSERT INTO UNIFORMES.TATALLASXTIPOPRENDA (FIIDTIPOPRENDA, FITALLA, FIIDGENERO)
VALUES (1, 17, 1);
INSERT INTO UNIFORMES.TATALLASXTIPOPRENDA (FIIDTIPOPRENDA, FITALLA, FIIDGENERO)
VALUES (1, 18, 1);
INSERT INTO UNIFORMES.TATALLASXTIPOPRENDA (FIIDTIPOPRENDA, FITALLA, FIIDGENERO)
VALUES (1, 19, 1);
INSERT INTO UNIFORMES.TATALLASXTIPOPRENDA (FIIDTIPOPRENDA, FITALLA, FIIDGENERO)
VALUES (1, 20, 1);
INSERT INTO UNIFORMES.TATALLASXTIPOPRENDA (FIIDTIPOPRENDA, FITALLA, FIIDGENERO)
VALUES (1, 21, 1);
INSERT INTO UNIFORMES.TATALLASXTIPOPRENDA (FIIDTIPOPRENDA, FITALLA, FIIDGENERO)
VALUES (1, 22, 1);
INSERT INTO UNIFORMES.TATALLASXTIPOPRENDA (FIIDTIPOPRENDA, FITALLA, FIIDGENERO)
VALUES (1, 23, 1);
INSERT INTO UNIFORMES.TATALLASXTIPOPRENDA (FIIDTIPOPRENDA, FITALLA, FIIDGENERO)
VALUES (1, 24, 1);
INSERT INTO UNIFORMES.TATALLASXTIPOPRENDA (FIIDTIPOPRENDA, FITALLA, FIIDGENERO)
VALUES (1, 25, 1);
INSERT INTO UNIFORMES.TATALLASXTIPOPRENDA (FIIDTIPOPRENDA, FITALLA, FIIDGENERO)
VALUES (1, 26, 1);
INSERT INTO UNIFORMES.TATALLASXTIPOPRENDA (FIIDTIPOPRENDA, FITALLA, FIIDGENERO)
VALUES (1, 29, 2);
INSERT INTO UNIFORMES.TATALLASXTIPOPRENDA (FIIDTIPOPRENDA, FITALLA, FIIDGENERO)
VALUES (1, 30, 2);
INSERT INTO UNIFORMES.TATALLASXTIPOPRENDA (FIIDTIPOPRENDA, FITALLA, FIIDGENERO)
VALUES (1, 31, 1);
INSERT INTO UNIFORMES.TATALLASXTIPOPRENDA (FIIDTIPOPRENDA, FITALLA, FIIDGENERO)
VALUES (1, 32, 1);
INSERT INTO UNIFORMES.TATALLASXTIPOPRENDA (FIIDTIPOPRENDA, FITALLA, FIIDGENERO)
VALUES (2, 1, 1);
INSERT INTO UNIFORMES.TATALLASXTIPOPRENDA (FIIDTIPOPRENDA, FITALLA, FIIDGENERO)
VALUES (2, 1, 2);
INSERT INTO UNIFORMES.TATALLASXTIPOPRENDA (FIIDTIPOPRENDA, FITALLA, FIIDGENERO)
VALUES (2, 2, 1);
INSERT INTO UNIFORMES.TATALLASXTIPOPRENDA (FIIDTIPOPRENDA, FITALLA, FIIDGENERO)
VALUES (2, 2, 2);
INSERT INTO UNIFORMES.TATALLASXTIPOPRENDA (FIIDTIPOPRENDA, FITALLA, FIIDGENERO)
VALUES (2, 3, 1);
INSERT INTO UNIFORMES.TATALLASXTIPOPRENDA (FIIDTIPOPRENDA, FITALLA, FIIDGENERO)
VALUES (2, 3, 2);
INSERT INTO UNIFORMES.TATALLASXTIPOPRENDA (FIIDTIPOPRENDA, FITALLA, FIIDGENERO)
VALUES (2, 4, 1);
INSERT INTO UNIFORMES.TATALLASXTIPOPRENDA (FIIDTIPOPRENDA, FITALLA, FIIDGENERO)
VALUES (2, 4, 2);
INSERT INTO UNIFORMES.TATALLASXTIPOPRENDA (FIIDTIPOPRENDA, FITALLA, FIIDGENERO)
VALUES (2, 5, 1);
INSERT INTO UNIFORMES.TATALLASXTIPOPRENDA (FIIDTIPOPRENDA, FITALLA, FIIDGENERO)
VALUES (2, 5, 2);
INSERT INTO UNIFORMES.TATALLASXTIPOPRENDA (FIIDTIPOPRENDA, FITALLA, FIIDGENERO)
VALUES (2, 6, 1);
INSERT INTO UNIFORMES.TATALLASXTIPOPRENDA (FIIDTIPOPRENDA, FITALLA, FIIDGENERO)
VALUES (2, 6, 2);
INSERT INTO UNIFORMES.TATALLASXTIPOPRENDA (FIIDTIPOPRENDA, FITALLA, FIIDGENERO)
VALUES (2, 27, 1);
INSERT INTO UNIFORMES.TATALLASXTIPOPRENDA (FIIDTIPOPRENDA, FITALLA, FIIDGENERO)
VALUES (2, 27, 2);
INSERT INTO UNIFORMES.TATALLASXTIPOPRENDA (FIIDTIPOPRENDA, FITALLA, FIIDGENERO)
VALUES (2, 28, 1);
INSERT INTO UNIFORMES.TATALLASXTIPOPRENDA (FIIDTIPOPRENDA, FITALLA, FIIDGENERO)
VALUES (2, 28, 2);
INSERT INTO UNIFORMES.TATALLASXTIPOPRENDA (FIIDTIPOPRENDA, FITALLA, FIIDGENERO)
VALUES (3, 1, 1);
INSERT INTO UNIFORMES.TATALLASXTIPOPRENDA (FIIDTIPOPRENDA, FITALLA, FIIDGENERO)
VALUES (3, 1, 2);
INSERT INTO UNIFORMES.TATALLASXTIPOPRENDA (FIIDTIPOPRENDA, FITALLA, FIIDGENERO)
VALUES (3, 2, 1);
INSERT INTO UNIFORMES.TATALLASXTIPOPRENDA (FIIDTIPOPRENDA, FITALLA, FIIDGENERO)
VALUES (3, 2, 2);
INSERT INTO UNIFORMES.TATALLASXTIPOPRENDA (FIIDTIPOPRENDA, FITALLA, FIIDGENERO)
VALUES (3, 3, 1);
INSERT INTO UNIFORMES.TATALLASXTIPOPRENDA (FIIDTIPOPRENDA, FITALLA, FIIDGENERO)
VALUES (3, 3, 2);
INSERT INTO UNIFORMES.TATALLASXTIPOPRENDA (FIIDTIPOPRENDA, FITALLA, FIIDGENERO)
VALUES (3, 4, 1);
INSERT INTO UNIFORMES.TATALLASXTIPOPRENDA (FIIDTIPOPRENDA, FITALLA, FIIDGENERO)
VALUES (3, 4, 2);
INSERT INTO UNIFORMES.TATALLASXTIPOPRENDA (FIIDTIPOPRENDA, FITALLA, FIIDGENERO)
VALUES (3, 5, 1);
INSERT INTO UNIFORMES.TATALLASXTIPOPRENDA (FIIDTIPOPRENDA, FITALLA, FIIDGENERO)
VALUES (3, 5, 2);
INSERT INTO UNIFORMES.TATALLASXTIPOPRENDA (FIIDTIPOPRENDA, FITALLA, FIIDGENERO)
VALUES (3, 6, 1);
INSERT INTO UNIFORMES.TATALLASXTIPOPRENDA (FIIDTIPOPRENDA, FITALLA, FIIDGENERO)
VALUES (3, 6, 2);
INSERT INTO UNIFORMES.TATALLASXTIPOPRENDA (FIIDTIPOPRENDA, FITALLA, FIIDGENERO)
VALUES (3, 27, 1);
INSERT INTO UNIFORMES.TATALLASXTIPOPRENDA (FIIDTIPOPRENDA, FITALLA, FIIDGENERO)
VALUES (3, 27, 2);
INSERT INTO UNIFORMES.TATALLASXTIPOPRENDA (FIIDTIPOPRENDA, FITALLA, FIIDGENERO)
VALUES (3, 28, 1);
INSERT INTO UNIFORMES.TATALLASXTIPOPRENDA (FIIDTIPOPRENDA, FITALLA, FIIDGENERO)
VALUES (3, 28, 2);
INSERT INTO UNIFORMES.TATALLASXTIPOPRENDA (FIIDTIPOPRENDA, FITALLA, FIIDGENERO)
VALUES (4, 33, 3);
COMMIT;
--TAPRENDAS
INSERT INTO UNIFORMES.TAPRENDAS (FISKU, FCDESCRIPCION, FIIDTIPOPRENDA, FITALLA, FIIDGENERO, FNCOSTO, FIDISCONTINUO)
VALUES (1005560, 'CORDON PORTAGAFETE ROJO', 4, 33, 3, 13, 0);
INSERT INTO UNIFORMES.TAPRENDAS (FISKU, FCDESCRIPCION, FIIDTIPOPRENDA, FITALLA, FIIDGENERO, FNCOSTO, FIDISCONTINUO)
VALUES (500209, 'CORDON PORTAGAFETE', 4, 33, 3, 10, 1);
INSERT INTO UNIFORMES.TAPRENDAS (FISKU, FCDESCRIPCION, FIIDTIPOPRENDA, FITALLA, FIIDGENERO, FNCOSTO, FIDISCONTINUO)
VALUES (1002750, 'PANTALON AZUL DC DAM 11', 1, 11, 2, 115, 0);
INSERT INTO UNIFORMES.TAPRENDAS (FISKU, FCDESCRIPCION, FIIDTIPOPRENDA, FITALLA, FIIDGENERO, FNCOSTO, FIDISCONTINUO)
VALUES (1002755, 'PANTALON AZUL DC DAM 3', 1, 7, 2, 115, 0);
INSERT INTO UNIFORMES.TAPRENDAS (FISKU, FCDESCRIPCION, FIIDTIPOPRENDA, FITALLA, FIIDGENERO, FNCOSTO, FIDISCONTINUO)
VALUES (1002756, 'PANTALON AZUL DC DAM 5', 1, 8, 2, 115, 0);
INSERT INTO UNIFORMES.TAPRENDAS (FISKU, FCDESCRIPCION, FIIDTIPOPRENDA, FITALLA, FIIDGENERO, FNCOSTO, FIDISCONTINUO)
VALUES (1002757, 'PANTALON AZUL DC DAM 15', 1, 13, 2, 115, 0);
INSERT INTO UNIFORMES.TAPRENDAS (FISKU, FCDESCRIPCION, FIIDTIPOPRENDA, FITALLA, FIIDGENERO, FNCOSTO, FIDISCONTINUO)
VALUES (1002758, 'PANTALON AZUL DC DAM 17', 1, 14, 2, 115, 0);
INSERT INTO UNIFORMES.TAPRENDAS (FISKU, FCDESCRIPCION, FIIDTIPOPRENDA, FITALLA, FIIDGENERO, FNCOSTO, FIDISCONTINUO)
VALUES (1002759, 'PANTALON AZUL DC CAB 36', 1, 22, 1, 115, 0);
INSERT INTO UNIFORMES.TAPRENDAS (FISKU, FCDESCRIPCION, FIIDTIPOPRENDA, FITALLA, FIIDGENERO, FNCOSTO, FIDISCONTINUO)
VALUES (1002760, 'PANTALON AZUL DC CAB 42', 1, 25, 1, 115, 0);
INSERT INTO UNIFORMES.TAPRENDAS (FISKU, FCDESCRIPCION, FIIDTIPOPRENDA, FITALLA, FIIDGENERO, FNCOSTO, FIDISCONTINUO)
VALUES (1002775, 'PANTALON AZUL DC DAM 7', 1, 9, 2, 115, 0);
INSERT INTO UNIFORMES.TAPRENDAS (FISKU, FCDESCRIPCION, FIIDTIPOPRENDA, FITALLA, FIIDGENERO, FNCOSTO, FIDISCONTINUO)
VALUES (1002776, 'PANTALON AZUL DC DAM 9', 1, 10, 2, 115, 0);
INSERT INTO UNIFORMES.TAPRENDAS (FISKU, FCDESCRIPCION, FIIDTIPOPRENDA, FITALLA, FIIDGENERO, FNCOSTO, FIDISCONTINUO)
VALUES (1002777, 'PANTALON AZUL DC DAM 13', 1, 12, 2, 115, 0);
INSERT INTO UNIFORMES.TAPRENDAS (FISKU, FCDESCRIPCION, FIIDTIPOPRENDA, FITALLA, FIIDGENERO, FNCOSTO, FIDISCONTINUO)
VALUES (1002778, 'PANTALON AZUL DC DAM 19', 1, 15, 2, 115, 0);
INSERT INTO UNIFORMES.TAPRENDAS (FISKU, FCDESCRIPCION, FIIDTIPOPRENDA, FITALLA, FIIDGENERO, FNCOSTO, FIDISCONTINUO)
VALUES (1002785, 'PANTALON AZUL DC DAM 21', 1, 16, 2, 115, 0);
INSERT INTO UNIFORMES.TAPRENDAS (FISKU, FCDESCRIPCION, FIIDTIPOPRENDA, FITALLA, FIIDGENERO, FNCOSTO, FIDISCONTINUO)
VALUES (1002786, 'PANTALON AZUL DC CAB 38', 1, 23, 1, 115, 0);
INSERT INTO UNIFORMES.TAPRENDAS (FISKU, FCDESCRIPCION, FIIDTIPOPRENDA, FITALLA, FIIDGENERO, FNCOSTO, FIDISCONTINUO)
VALUES (1002787, 'PANTALON AZUL DC CAB 44', 1, 26, 1, 115, 0);
INSERT INTO UNIFORMES.TAPRENDAS (FISKU, FCDESCRIPCION, FIIDTIPOPRENDA, FITALLA, FIIDGENERO, FNCOSTO, FIDISCONTINUO)
VALUES (1002791, 'PANTALON AZUL DC CAB 26', 1, 17, 1, 115, 0);
INSERT INTO UNIFORMES.TAPRENDAS (FISKU, FCDESCRIPCION, FIIDTIPOPRENDA, FITALLA, FIIDGENERO, FNCOSTO, FIDISCONTINUO)
VALUES (1002792, 'PANTALON AZUL DC CAB 28', 1, 18, 1, 115, 0);
INSERT INTO UNIFORMES.TAPRENDAS (FISKU, FCDESCRIPCION, FIIDTIPOPRENDA, FITALLA, FIIDGENERO, FNCOSTO, FIDISCONTINUO)
VALUES (1002793, 'PANTALON AZUL DC CAB 30', 1, 19, 1, 115, 0);
INSERT INTO UNIFORMES.TAPRENDAS (FISKU, FCDESCRIPCION, FIIDTIPOPRENDA, FITALLA, FIIDGENERO, FNCOSTO, FIDISCONTINUO)
VALUES (1002794, 'PANTALON AZUL DC CAB 32', 1, 20, 1, 115, 0);
INSERT INTO UNIFORMES.TAPRENDAS (FISKU, FCDESCRIPCION, FIIDTIPOPRENDA, FITALLA, FIIDGENERO, FNCOSTO, FIDISCONTINUO)
VALUES (1002795, 'PANTALON AZUL DC CAB 34', 1, 21, 1, 115, 0);
INSERT INTO UNIFORMES.TAPRENDAS (FISKU, FCDESCRIPCION, FIIDTIPOPRENDA, FITALLA, FIIDGENERO, FNCOSTO, FIDISCONTINUO)
VALUES (1002796, 'PANTALON AZUL DC CAB 40', 1, 24, 1, 115, 0);
INSERT INTO UNIFORMES.TAPRENDAS (FISKU, FCDESCRIPCION, FIIDTIPOPRENDA, FITALLA, FIIDGENERO, FNCOSTO, FIDISCONTINUO)
VALUES (1003293, 'PANTALON AZUL DC DAM 23', 1, 29, 2, 115, 0);
INSERT INTO UNIFORMES.TAPRENDAS (FISKU, FCDESCRIPCION, FIIDTIPOPRENDA, FITALLA, FIIDGENERO, FNCOSTO, FIDISCONTINUO)
VALUES (1003333, 'PANTALON AZUL DC CAB 48', 1, 32, 1, 115, 0);
INSERT INTO UNIFORMES.TAPRENDAS (FISKU, FCDESCRIPCION, FIIDTIPOPRENDA, FITALLA, FIIDGENERO, FNCOSTO, FIDISCONTINUO)
VALUES (1003337, 'PANTALON AZUL DC CAB 46', 1, 31, 1, 115, 0);
INSERT INTO UNIFORMES.TAPRENDAS (FISKU, FCDESCRIPCION, FIIDTIPOPRENDA, FITALLA, FIIDGENERO, FNCOSTO, FIDISCONTINUO)
VALUES (1003344, 'PANTALON AZUL DC DAM 25', 1, 30, 2, 115, 0);
INSERT INTO UNIFORMES.TAPRENDAS (FISKU, FCDESCRIPCION, FIIDTIPOPRENDA, FITALLA, FIIDGENERO, FNCOSTO, FIDISCONTINUO)
VALUES (1006733, 'CAMISA BR CAB MC XCH 2017 2', 2, 1, 1, 168, 0);
INSERT INTO UNIFORMES.TAPRENDAS (FISKU, FCDESCRIPCION, FIIDTIPOPRENDA, FITALLA, FIIDGENERO, FNCOSTO, FIDISCONTINUO)
VALUES (1006734, 'CAMISA BR CAB MC CH 2017 2', 2, 2, 1, 168, 0);
INSERT INTO UNIFORMES.TAPRENDAS (FISKU, FCDESCRIPCION, FIIDTIPOPRENDA, FITALLA, FIIDGENERO, FNCOSTO, FIDISCONTINUO)
VALUES (1006735, 'CAMISA BR CAB MC M 2017 2', 2, 3, 1, 168, 0);
INSERT INTO UNIFORMES.TAPRENDAS (FISKU, FCDESCRIPCION, FIIDTIPOPRENDA, FITALLA, FIIDGENERO, FNCOSTO, FIDISCONTINUO)
VALUES (1006736, 'CAMISA BR CAB MC G 2017 2', 2, 4, 1, 168, 0);
INSERT INTO UNIFORMES.TAPRENDAS (FISKU, FCDESCRIPCION, FIIDTIPOPRENDA, FITALLA, FIIDGENERO, FNCOSTO, FIDISCONTINUO)
VALUES (1006737, 'CAMISA BR CAB MC XG 2017 2', 2, 5, 1, 168, 0);
INSERT INTO UNIFORMES.TAPRENDAS (FISKU, FCDESCRIPCION, FIIDTIPOPRENDA, FITALLA, FIIDGENERO, FNCOSTO, FIDISCONTINUO)
VALUES (1006738, 'CAMISA BR CAB MC XXG 2017 2', 2, 6, 1, 168, 0);
INSERT INTO UNIFORMES.TAPRENDAS (FISKU, FCDESCRIPCION, FIIDTIPOPRENDA, FITALLA, FIIDGENERO, FNCOSTO, FIDISCONTINUO)
VALUES (1006739, 'CAMISA BR CAB MC 3XG 2017 2', 2, 27, 1, 168, 0);
INSERT INTO UNIFORMES.TAPRENDAS (FISKU, FCDESCRIPCION, FIIDTIPOPRENDA, FITALLA, FIIDGENERO, FNCOSTO, FIDISCONTINUO)
VALUES (1006740, 'CAMISA BR CAB MC 4XG 2017 2', 2, 28, 1, 168, 0);
INSERT INTO UNIFORMES.TAPRENDAS (FISKU, FCDESCRIPCION, FIIDTIPOPRENDA, FITALLA, FIIDGENERO, FNCOSTO, FIDISCONTINUO)
VALUES (1006741, 'CAMISA BR CAB ML XCH 2017 2', 3, 1, 1, 178, 0);
INSERT INTO UNIFORMES.TAPRENDAS (FISKU, FCDESCRIPCION, FIIDTIPOPRENDA, FITALLA, FIIDGENERO, FNCOSTO, FIDISCONTINUO)
VALUES (1006742, 'CAMISA BR CAB ML CH 2017 2', 3, 2, 1, 178, 0);
INSERT INTO UNIFORMES.TAPRENDAS (FISKU, FCDESCRIPCION, FIIDTIPOPRENDA, FITALLA, FIIDGENERO, FNCOSTO, FIDISCONTINUO)
VALUES (1006743, 'CAMISA BR CAB ML G 2017 2', 3, 4, 1, 178, 0);
INSERT INTO UNIFORMES.TAPRENDAS (FISKU, FCDESCRIPCION, FIIDTIPOPRENDA, FITALLA, FIIDGENERO, FNCOSTO, FIDISCONTINUO)
VALUES (1006744, 'CAMISA BR CAB ML M 2017 2', 3, 3, 1, 178, 0);
INSERT INTO UNIFORMES.TAPRENDAS (FISKU, FCDESCRIPCION, FIIDTIPOPRENDA, FITALLA, FIIDGENERO, FNCOSTO, FIDISCONTINUO)
VALUES (1006745, 'CAMISA BR CAB ML XG 2017 2', 3, 5, 1, 178, 0);
INSERT INTO UNIFORMES.TAPRENDAS (FISKU, FCDESCRIPCION, FIIDTIPOPRENDA, FITALLA, FIIDGENERO, FNCOSTO, FIDISCONTINUO)
VALUES (1006746, 'CAMISA BR CAB ML XXG 2017 2', 3, 6, 1, 178, 0);
INSERT INTO UNIFORMES.TAPRENDAS (FISKU, FCDESCRIPCION, FIIDTIPOPRENDA, FITALLA, FIIDGENERO, FNCOSTO, FIDISCONTINUO)
VALUES (1006747, 'CAMISA BR CAB ML 3XG 2017 2', 3, 27, 1, 178, 0);
INSERT INTO UNIFORMES.TAPRENDAS (FISKU, FCDESCRIPCION, FIIDTIPOPRENDA, FITALLA, FIIDGENERO, FNCOSTO, FIDISCONTINUO)
VALUES (1006748, 'CAMISA BR CAB ML 4XG 2017 2', 3, 28, 1, 178, 0);
INSERT INTO UNIFORMES.TAPRENDAS (FISKU, FCDESCRIPCION, FIIDTIPOPRENDA, FITALLA, FIIDGENERO, FNCOSTO, FIDISCONTINUO)
VALUES (1006749, 'CAMISA BR DAM MC XCH 2017 2', 2, 1, 2, 168, 0);
INSERT INTO UNIFORMES.TAPRENDAS (FISKU, FCDESCRIPCION, FIIDTIPOPRENDA, FITALLA, FIIDGENERO, FNCOSTO, FIDISCONTINUO)
VALUES (1006750, 'CAMISA BR DAM MC CH 2017 2', 2, 2, 2, 168, 0);
INSERT INTO UNIFORMES.TAPRENDAS (FISKU, FCDESCRIPCION, FIIDTIPOPRENDA, FITALLA, FIIDGENERO, FNCOSTO, FIDISCONTINUO)
VALUES (1006751, 'CAMISA BR DAM MC M 2017 2', 2, 3, 2, 168, 0);
INSERT INTO UNIFORMES.TAPRENDAS (FISKU, FCDESCRIPCION, FIIDTIPOPRENDA, FITALLA, FIIDGENERO, FNCOSTO, FIDISCONTINUO)
VALUES (1006752, 'CAMISA BR DAM MC G 2017 2', 2, 4, 2, 168, 0);
INSERT INTO UNIFORMES.TAPRENDAS (FISKU, FCDESCRIPCION, FIIDTIPOPRENDA, FITALLA, FIIDGENERO, FNCOSTO, FIDISCONTINUO)
VALUES (1006753, 'CAMISA BR DAM MC XG 2017 2', 2, 5, 2, 168, 0);
INSERT INTO UNIFORMES.TAPRENDAS (FISKU, FCDESCRIPCION, FIIDTIPOPRENDA, FITALLA, FIIDGENERO, FNCOSTO, FIDISCONTINUO)
VALUES (1006754, 'CAMISA BR DAM MC XXG 2017 2', 2, 6, 2, 168, 0);
INSERT INTO UNIFORMES.TAPRENDAS (FISKU, FCDESCRIPCION, FIIDTIPOPRENDA, FITALLA, FIIDGENERO, FNCOSTO, FIDISCONTINUO)
VALUES (1006755, 'CAMISA BR DAM MC 3XG 2017 2', 2, 27, 2, 168, 0);
INSERT INTO UNIFORMES.TAPRENDAS (FISKU, FCDESCRIPCION, FIIDTIPOPRENDA, FITALLA, FIIDGENERO, FNCOSTO, FIDISCONTINUO)
VALUES (1006756, 'CAMISA BR DAM MC 4XG 2017 2', 2, 28, 2, 168, 0);
INSERT INTO UNIFORMES.TAPRENDAS (FISKU, FCDESCRIPCION, FIIDTIPOPRENDA, FITALLA, FIIDGENERO, FNCOSTO, FIDISCONTINUO)
VALUES (1006757, 'CAMISA BR DAM ML XCH 2017 2', 3, 1, 2, 178, 0);
INSERT INTO UNIFORMES.TAPRENDAS (FISKU, FCDESCRIPCION, FIIDTIPOPRENDA, FITALLA, FIIDGENERO, FNCOSTO, FIDISCONTINUO)
VALUES (1006758, 'CAMISA BR DAM ML CH 2017 2', 3, 2, 2, 178, 0);
INSERT INTO UNIFORMES.TAPRENDAS (FISKU, FCDESCRIPCION, FIIDTIPOPRENDA, FITALLA, FIIDGENERO, FNCOSTO, FIDISCONTINUO)
VALUES (1006759, 'CAMISA BR DAM ML M 2017 2', 3, 3, 2, 178, 0);
INSERT INTO UNIFORMES.TAPRENDAS (FISKU, FCDESCRIPCION, FIIDTIPOPRENDA, FITALLA, FIIDGENERO, FNCOSTO, FIDISCONTINUO)
VALUES (1006760, 'CAMISA BR DAM ML G 2017 2', 3, 4, 2, 178, 0);
INSERT INTO UNIFORMES.TAPRENDAS (FISKU, FCDESCRIPCION, FIIDTIPOPRENDA, FITALLA, FIIDGENERO, FNCOSTO, FIDISCONTINUO)
VALUES (1006761, 'CAMISA BR DAM ML XG 2017 2', 3, 5, 2, 178, 0);
INSERT INTO UNIFORMES.TAPRENDAS (FISKU, FCDESCRIPCION, FIIDTIPOPRENDA, FITALLA, FIIDGENERO, FNCOSTO, FIDISCONTINUO)
VALUES (1006762, 'CAMISA BR DAM ML XXG 2017 2', 3, 6, 2, 178, 0);
INSERT INTO UNIFORMES.TAPRENDAS (FISKU, FCDESCRIPCION, FIIDTIPOPRENDA, FITALLA, FIIDGENERO, FNCOSTO, FIDISCONTINUO)
VALUES (1006763, 'CAMISA BR DAM ML 3XG 2017 2', 3, 27, 2, 178, 0);
INSERT INTO UNIFORMES.TAPRENDAS (FISKU, FCDESCRIPCION, FIIDTIPOPRENDA, FITALLA, FIIDGENERO, FNCOSTO, FIDISCONTINUO)
VALUES (1006764, 'CAMISA BR DAM ML 4XG 2017 2', 3, 28, 2, 178, 0);
INSERT INTO UNIFORMES.TAPRENDAS (FISKU, FCDESCRIPCION, FIIDTIPOPRENDA, FITALLA, FIIDGENERO, FNCOSTO, FIDISCONTINUO)
VALUES (1006765, 'CAMISA EKT CAB MC XCH 2017 2', 2, 1, 1, 168, 0);
INSERT INTO UNIFORMES.TAPRENDAS (FISKU, FCDESCRIPCION, FIIDTIPOPRENDA, FITALLA, FIIDGENERO, FNCOSTO, FIDISCONTINUO)
VALUES (1006766, 'CAMISA EKT CAB MC CH 2017 2', 2, 2, 1, 168, 0);
INSERT INTO UNIFORMES.TAPRENDAS (FISKU, FCDESCRIPCION, FIIDTIPOPRENDA, FITALLA, FIIDGENERO, FNCOSTO, FIDISCONTINUO)
VALUES (1006767, 'CAMISA EKT CAB MC M 2017 2', 2, 3, 1, 168, 0);
INSERT INTO UNIFORMES.TAPRENDAS (FISKU, FCDESCRIPCION, FIIDTIPOPRENDA, FITALLA, FIIDGENERO, FNCOSTO, FIDISCONTINUO)
VALUES (1006768, 'CAMISA EKT CAB MC G 2017 2', 2, 4, 1, 168, 0);
INSERT INTO UNIFORMES.TAPRENDAS (FISKU, FCDESCRIPCION, FIIDTIPOPRENDA, FITALLA, FIIDGENERO, FNCOSTO, FIDISCONTINUO)
VALUES (1006769, 'CAMISA EKT CAB MC XG 2017 2', 2, 5, 1, 168, 0);
INSERT INTO UNIFORMES.TAPRENDAS (FISKU, FCDESCRIPCION, FIIDTIPOPRENDA, FITALLA, FIIDGENERO, FNCOSTO, FIDISCONTINUO)
VALUES (1006770, 'CAMISA EKT CAB MC XXG 2017 2', 2, 6, 1, 168, 0);
INSERT INTO UNIFORMES.TAPRENDAS (FISKU, FCDESCRIPCION, FIIDTIPOPRENDA, FITALLA, FIIDGENERO, FNCOSTO, FIDISCONTINUO)
VALUES (1006771, 'CAMISA EKT CAB MC 3XG 2017 2', 2, 27, 1, 168, 0);
INSERT INTO UNIFORMES.TAPRENDAS (FISKU, FCDESCRIPCION, FIIDTIPOPRENDA, FITALLA, FIIDGENERO, FNCOSTO, FIDISCONTINUO)
VALUES (1006772, 'CAMISA EKT CAB MC 4XG 2017 2', 2, 28, 1, 168, 0);
INSERT INTO UNIFORMES.TAPRENDAS (FISKU, FCDESCRIPCION, FIIDTIPOPRENDA, FITALLA, FIIDGENERO, FNCOSTO, FIDISCONTINUO)
VALUES (1006773, 'CAMISA EKT CAB ML XCH 2017 2', 3, 1, 1, 178, 0);
INSERT INTO UNIFORMES.TAPRENDAS (FISKU, FCDESCRIPCION, FIIDTIPOPRENDA, FITALLA, FIIDGENERO, FNCOSTO, FIDISCONTINUO)
VALUES (1006774, 'CAMISA EKT CAB ML CH 2017 2', 3, 2, 1, 178, 0);
INSERT INTO UNIFORMES.TAPRENDAS (FISKU, FCDESCRIPCION, FIIDTIPOPRENDA, FITALLA, FIIDGENERO, FNCOSTO, FIDISCONTINUO)
VALUES (1006775, 'CAMISA EKT CAB ML M 2017 2', 3, 3, 1, 178, 0);
INSERT INTO UNIFORMES.TAPRENDAS (FISKU, FCDESCRIPCION, FIIDTIPOPRENDA, FITALLA, FIIDGENERO, FNCOSTO, FIDISCONTINUO)
VALUES (1006776, 'CAMISA EKT CAB ML G 2017 2', 3, 4, 1, 178, 0);
INSERT INTO UNIFORMES.TAPRENDAS (FISKU, FCDESCRIPCION, FIIDTIPOPRENDA, FITALLA, FIIDGENERO, FNCOSTO, FIDISCONTINUO)
VALUES (1006777, 'CAMISA EKT CAB ML XG 2017 2', 3, 5, 1, 178, 0);
INSERT INTO UNIFORMES.TAPRENDAS (FISKU, FCDESCRIPCION, FIIDTIPOPRENDA, FITALLA, FIIDGENERO, FNCOSTO, FIDISCONTINUO)
VALUES (1006778, 'CAMISA EKT CAB ML XXG 2017 2', 3, 6, 1, 178, 0);
INSERT INTO UNIFORMES.TAPRENDAS (FISKU, FCDESCRIPCION, FIIDTIPOPRENDA, FITALLA, FIIDGENERO, FNCOSTO, FIDISCONTINUO)
VALUES (1006779, 'CAMISA EKT CAB ML 3XG 2017 2', 3, 27, 1, 178, 0);
INSERT INTO UNIFORMES.TAPRENDAS (FISKU, FCDESCRIPCION, FIIDTIPOPRENDA, FITALLA, FIIDGENERO, FNCOSTO, FIDISCONTINUO)
VALUES (1006780, 'CAMISA EKT CAB ML 4XG 2017 2', 3, 28, 1, 178, 0);
INSERT INTO UNIFORMES.TAPRENDAS (FISKU, FCDESCRIPCION, FIIDTIPOPRENDA, FITALLA, FIIDGENERO, FNCOSTO, FIDISCONTINUO)
VALUES (1006781, 'CAMISA EKT DAM MC XCH 2017 2', 2, 1, 2, 168, 0);
INSERT INTO UNIFORMES.TAPRENDAS (FISKU, FCDESCRIPCION, FIIDTIPOPRENDA, FITALLA, FIIDGENERO, FNCOSTO, FIDISCONTINUO)
VALUES (1006782, 'CAMISA EKT DAM MC CH 2017 2', 2, 2, 2, 168, 0);
INSERT INTO UNIFORMES.TAPRENDAS (FISKU, FCDESCRIPCION, FIIDTIPOPRENDA, FITALLA, FIIDGENERO, FNCOSTO, FIDISCONTINUO)
VALUES (1006783, 'CAMISA EKT DAM MC M 2017 2', 2, 3, 2, 168, 0);
INSERT INTO UNIFORMES.TAPRENDAS (FISKU, FCDESCRIPCION, FIIDTIPOPRENDA, FITALLA, FIIDGENERO, FNCOSTO, FIDISCONTINUO)
VALUES (1006784, 'CAMISA EKT DAM MC G 2017 2', 2, 4, 2, 168, 0);
INSERT INTO UNIFORMES.TAPRENDAS (FISKU, FCDESCRIPCION, FIIDTIPOPRENDA, FITALLA, FIIDGENERO, FNCOSTO, FIDISCONTINUO)
VALUES (1006785, 'CAMISA EKT DAM MC XG 2017 2', 2, 5, 2, 168, 0);
INSERT INTO UNIFORMES.TAPRENDAS (FISKU, FCDESCRIPCION, FIIDTIPOPRENDA, FITALLA, FIIDGENERO, FNCOSTO, FIDISCONTINUO)
VALUES (1006786, 'CAMISA EKT DAM MC XXG 2017 2', 2, 6, 2, 168, 0);
INSERT INTO UNIFORMES.TAPRENDAS (FISKU, FCDESCRIPCION, FIIDTIPOPRENDA, FITALLA, FIIDGENERO, FNCOSTO, FIDISCONTINUO)
VALUES (1006787, 'CAMISA EKT DAM MC 3XG 2017 2', 2, 27, 2, 168, 0);
INSERT INTO UNIFORMES.TAPRENDAS (FISKU, FCDESCRIPCION, FIIDTIPOPRENDA, FITALLA, FIIDGENERO, FNCOSTO, FIDISCONTINUO)
VALUES (1006788, 'CAMISA EKT DAM MC 4XG 2017 2', 2, 28, 2, 168, 0);
INSERT INTO UNIFORMES.TAPRENDAS (FISKU, FCDESCRIPCION, FIIDTIPOPRENDA, FITALLA, FIIDGENERO, FNCOSTO, FIDISCONTINUO)
VALUES (1006789, 'CAMISA EKT DAM ML XCH 2017 2', 3, 1, 2, 178, 0);
INSERT INTO UNIFORMES.TAPRENDAS (FISKU, FCDESCRIPCION, FIIDTIPOPRENDA, FITALLA, FIIDGENERO, FNCOSTO, FIDISCONTINUO)
VALUES (1006790, 'CAMISA EKT DAM ML CH 2017 2', 3, 2, 2, 178, 0);
INSERT INTO UNIFORMES.TAPRENDAS (FISKU, FCDESCRIPCION, FIIDTIPOPRENDA, FITALLA, FIIDGENERO, FNCOSTO, FIDISCONTINUO)
VALUES (1006791, 'CAMISA EKT DAM ML M 2017 2', 3, 3, 2, 178, 0);
INSERT INTO UNIFORMES.TAPRENDAS (FISKU, FCDESCRIPCION, FIIDTIPOPRENDA, FITALLA, FIIDGENERO, FNCOSTO, FIDISCONTINUO)
VALUES (1006792, 'CAMISA EKT DAM ML G 2017 2', 3, 4, 2, 178, 0);
INSERT INTO UNIFORMES.TAPRENDAS (FISKU, FCDESCRIPCION, FIIDTIPOPRENDA, FITALLA, FIIDGENERO, FNCOSTO, FIDISCONTINUO)
VALUES (1006793, 'CAMISA EKT DAM ML XG 2017 2', 3, 5, 2, 178, 0);
INSERT INTO UNIFORMES.TAPRENDAS (FISKU, FCDESCRIPCION, FIIDTIPOPRENDA, FITALLA, FIIDGENERO, FNCOSTO, FIDISCONTINUO)
VALUES (1006794, 'CAMISA EKT DAM ML XXG 2017 2', 3, 6, 2, 178, 0);
INSERT INTO UNIFORMES.TAPRENDAS (FISKU, FCDESCRIPCION, FIIDTIPOPRENDA, FITALLA, FIIDGENERO, FNCOSTO, FIDISCONTINUO)
VALUES (1006795, 'CAMISA EKT DAM ML 3XG 2017 2', 3, 27, 2, 178, 0);
INSERT INTO UNIFORMES.TAPRENDAS (FISKU, FCDESCRIPCION, FIIDTIPOPRENDA, FITALLA, FIIDGENERO, FNCOSTO, FIDISCONTINUO)
VALUES (1006796, 'CAMISA EKT DAM ML 4XG 2017 2', 3, 28, 2, 178, 0);
INSERT INTO UNIFORMES.TAPRENDAS (FISKU, FCDESCRIPCION, FIIDTIPOPRENDA, FITALLA, FIIDGENERO, FNCOSTO, FIDISCONTINUO)
VALUES (1006797, 'CAMISA EKT R CAB MC XCH 2017 2', 2, 1, 1, 168, 0);
INSERT INTO UNIFORMES.TAPRENDAS (FISKU, FCDESCRIPCION, FIIDTIPOPRENDA, FITALLA, FIIDGENERO, FNCOSTO, FIDISCONTINUO)
VALUES (1006798, 'CAMISA EKT R CAB MC CH 2017 2', 2, 2, 1, 168, 0);
INSERT INTO UNIFORMES.TAPRENDAS (FISKU, FCDESCRIPCION, FIIDTIPOPRENDA, FITALLA, FIIDGENERO, FNCOSTO, FIDISCONTINUO)
VALUES (1006799, 'CAMISA EKT R CAB MC M 2017 2', 2, 3, 1, 168, 0);
INSERT INTO UNIFORMES.TAPRENDAS (FISKU, FCDESCRIPCION, FIIDTIPOPRENDA, FITALLA, FIIDGENERO, FNCOSTO, FIDISCONTINUO)
VALUES (1006800, 'CAMISA EKT R CAB MC G 2017 2', 2, 4, 1, 168, 0);
INSERT INTO UNIFORMES.TAPRENDAS (FISKU, FCDESCRIPCION, FIIDTIPOPRENDA, FITALLA, FIIDGENERO, FNCOSTO, FIDISCONTINUO)
VALUES (1006801, 'CAMISA EKT R CAB MC XG 2017 2', 2, 5, 1, 168, 0);
INSERT INTO UNIFORMES.TAPRENDAS (FISKU, FCDESCRIPCION, FIIDTIPOPRENDA, FITALLA, FIIDGENERO, FNCOSTO, FIDISCONTINUO)
VALUES (1006802, 'CAMISA EKT R CAB MC XXG 2017 2', 2, 6, 1, 168, 0);
INSERT INTO UNIFORMES.TAPRENDAS (FISKU, FCDESCRIPCION, FIIDTIPOPRENDA, FITALLA, FIIDGENERO, FNCOSTO, FIDISCONTINUO)
VALUES (1006803, 'CAMISA EKT R CAB MC 3XG 2017 2', 2, 27, 1, 168, 0);
INSERT INTO UNIFORMES.TAPRENDAS (FISKU, FCDESCRIPCION, FIIDTIPOPRENDA, FITALLA, FIIDGENERO, FNCOSTO, FIDISCONTINUO)
VALUES (1006804, 'CAMISA EKT R CAB MC 4XG 2017 2', 2, 28, 1, 168, 0);
INSERT INTO UNIFORMES.TAPRENDAS (FISKU, FCDESCRIPCION, FIIDTIPOPRENDA, FITALLA, FIIDGENERO, FNCOSTO, FIDISCONTINUO)
VALUES (1006805, 'CAMISA EKT R CAB ML XCH 2017 2', 3, 1, 1, 178, 0);
INSERT INTO UNIFORMES.TAPRENDAS (FISKU, FCDESCRIPCION, FIIDTIPOPRENDA, FITALLA, FIIDGENERO, FNCOSTO, FIDISCONTINUO)
VALUES (1006806, 'CAMISA EKT R CAB ML CH 2017 2', 3, 2, 1, 178, 0);
INSERT INTO UNIFORMES.TAPRENDAS (FISKU, FCDESCRIPCION, FIIDTIPOPRENDA, FITALLA, FIIDGENERO, FNCOSTO, FIDISCONTINUO)
VALUES (1006807, 'CAMISA EKT R CAB ML M 2017 2', 3, 3, 1, 178, 0);
INSERT INTO UNIFORMES.TAPRENDAS (FISKU, FCDESCRIPCION, FIIDTIPOPRENDA, FITALLA, FIIDGENERO, FNCOSTO, FIDISCONTINUO)
VALUES (1006859, 'CAMISA EKT R CAB ML G 2017 2', 3, 4, 1, 178, 0);
INSERT INTO UNIFORMES.TAPRENDAS (FISKU, FCDESCRIPCION, FIIDTIPOPRENDA, FITALLA, FIIDGENERO, FNCOSTO, FIDISCONTINUO)
VALUES (1006860, 'CAMISA EKT R CAB ML XG 2017 2', 3, 5, 1, 178, 0);
INSERT INTO UNIFORMES.TAPRENDAS (FISKU, FCDESCRIPCION, FIIDTIPOPRENDA, FITALLA, FIIDGENERO, FNCOSTO, FIDISCONTINUO)
VALUES (1006829, 'CAMISA EKT R CAB ML XXG 2017 2', 3, 6, 1, 178, 0);
INSERT INTO UNIFORMES.TAPRENDAS (FISKU, FCDESCRIPCION, FIIDTIPOPRENDA, FITALLA, FIIDGENERO, FNCOSTO, FIDISCONTINUO)
VALUES (1006808, 'CAMISA EKT R CAB ML 3XG 2017 2', 3, 27, 1, 178, 0);
INSERT INTO UNIFORMES.TAPRENDAS (FISKU, FCDESCRIPCION, FIIDTIPOPRENDA, FITALLA, FIIDGENERO, FNCOSTO, FIDISCONTINUO)
VALUES (1006830, 'CAMISA EKT R CAB ML 4XG 2017 2', 3, 28, 1, 178, 0);
INSERT INTO UNIFORMES.TAPRENDAS (FISKU, FCDESCRIPCION, FIIDTIPOPRENDA, FITALLA, FIIDGENERO, FNCOSTO, FIDISCONTINUO)
VALUES (1006831, 'CAMISA EKT R DAM MC XCH 2017 2', 2, 1, 2, 168, 0);
INSERT INTO UNIFORMES.TAPRENDAS (FISKU, FCDESCRIPCION, FIIDTIPOPRENDA, FITALLA, FIIDGENERO, FNCOSTO, FIDISCONTINUO)
VALUES (1006809, 'CAMISA EKT R DAM MC CH 2017 2', 2, 2, 2, 168, 0);
INSERT INTO UNIFORMES.TAPRENDAS (FISKU, FCDESCRIPCION, FIIDTIPOPRENDA, FITALLA, FIIDGENERO, FNCOSTO, FIDISCONTINUO)
VALUES (1006810, 'CAMISA EKT R DAM MC M 2017 2', 2, 3, 2, 168, 0);
INSERT INTO UNIFORMES.TAPRENDAS (FISKU, FCDESCRIPCION, FIIDTIPOPRENDA, FITALLA, FIIDGENERO, FNCOSTO, FIDISCONTINUO)
VALUES (1006811, 'CAMISA EKT R DAM MC G 2017 2', 2, 4, 2, 168, 0);
INSERT INTO UNIFORMES.TAPRENDAS (FISKU, FCDESCRIPCION, FIIDTIPOPRENDA, FITALLA, FIIDGENERO, FNCOSTO, FIDISCONTINUO)
VALUES (1006812, 'CAMISA EKT R DAM MC XG 2017 2', 2, 5, 2, 168, 0);
INSERT INTO UNIFORMES.TAPRENDAS (FISKU, FCDESCRIPCION, FIIDTIPOPRENDA, FITALLA, FIIDGENERO, FNCOSTO, FIDISCONTINUO)
VALUES (1006813, 'CAMISA EKT R DAM MC XXG 2017 2', 2, 6, 2, 168, 0);
INSERT INTO UNIFORMES.TAPRENDAS (FISKU, FCDESCRIPCION, FIIDTIPOPRENDA, FITALLA, FIIDGENERO, FNCOSTO, FIDISCONTINUO)
VALUES (1006814, 'CAMISA EKT R DAM MC 3XG 2017 2', 2, 27, 2, 168, 0);
INSERT INTO UNIFORMES.TAPRENDAS (FISKU, FCDESCRIPCION, FIIDTIPOPRENDA, FITALLA, FIIDGENERO, FNCOSTO, FIDISCONTINUO)
VALUES (1006815, 'CAMISA EKT R DAM MC 4XG 2017 2', 2, 28, 2, 168, 0);
INSERT INTO UNIFORMES.TAPRENDAS (FISKU, FCDESCRIPCION, FIIDTIPOPRENDA, FITALLA, FIIDGENERO, FNCOSTO, FIDISCONTINUO)
VALUES (1006816, 'CAMISA EKT R DAM ML XCH 2017 2', 3, 1, 2, 178, 0);
INSERT INTO UNIFORMES.TAPRENDAS (FISKU, FCDESCRIPCION, FIIDTIPOPRENDA, FITALLA, FIIDGENERO, FNCOSTO, FIDISCONTINUO)
VALUES (1006817, 'CAMISA EKT R DAM ML CH 2017 2', 3, 2, 2, 178, 0);
INSERT INTO UNIFORMES.TAPRENDAS (FISKU, FCDESCRIPCION, FIIDTIPOPRENDA, FITALLA, FIIDGENERO, FNCOSTO, FIDISCONTINUO)
VALUES (1006818, 'CAMISA EKT R DAM ML M 2017 2', 3, 3, 2, 178, 0);
INSERT INTO UNIFORMES.TAPRENDAS (FISKU, FCDESCRIPCION, FIIDTIPOPRENDA, FITALLA, FIIDGENERO, FNCOSTO, FIDISCONTINUO)
VALUES (1006819, 'CAMISA EKT R DAM ML G 2017 2', 3, 4, 2, 178, 0);
INSERT INTO UNIFORMES.TAPRENDAS (FISKU, FCDESCRIPCION, FIIDTIPOPRENDA, FITALLA, FIIDGENERO, FNCOSTO, FIDISCONTINUO)
VALUES (1006820, 'CAMISA EKT R DAM ML XG 2017 2', 3, 5, 2, 178, 0);
INSERT INTO UNIFORMES.TAPRENDAS (FISKU, FCDESCRIPCION, FIIDTIPOPRENDA, FITALLA, FIIDGENERO, FNCOSTO, FIDISCONTINUO)
VALUES (1006821, 'CAMISA EKT R DAM ML XXG 2017 2', 3, 6, 2, 178, 0);
INSERT INTO UNIFORMES.TAPRENDAS (FISKU, FCDESCRIPCION, FIIDTIPOPRENDA, FITALLA, FIIDGENERO, FNCOSTO, FIDISCONTINUO)
VALUES (1006822, 'CAMISA EKT R DAM ML 3XG 2017 2', 3, 27, 2, 178, 0);
INSERT INTO UNIFORMES.TAPRENDAS (FISKU, FCDESCRIPCION, FIIDTIPOPRENDA, FITALLA, FIIDGENERO, FNCOSTO, FIDISCONTINUO)
VALUES (1006823, 'CAMISA EKT R DAM ML 4XG 2017 2', 3, 28, 2, 178, 0);
INSERT INTO UNIFORMES.TAPRENDAS (FISKU, FCDESCRIPCION, FIIDTIPOPRENDA, FITALLA, FIIDGENERO, FNCOSTO, FIDISCONTINUO)
VALUES (1006824, 'CAMISA SYR CAB MC XCH 2017 2', 2, 1, 1, 168, 0);
INSERT INTO UNIFORMES.TAPRENDAS (FISKU, FCDESCRIPCION, FIIDTIPOPRENDA, FITALLA, FIIDGENERO, FNCOSTO, FIDISCONTINUO)
VALUES (1006825, 'CAMISA SYR CAB MC CH 2017 2', 2, 2, 1, 168, 0);
INSERT INTO UNIFORMES.TAPRENDAS (FISKU, FCDESCRIPCION, FIIDTIPOPRENDA, FITALLA, FIIDGENERO, FNCOSTO, FIDISCONTINUO)
VALUES (1006826, 'CAMISA SYR CAB MC M 2017 2', 2, 3, 1, 168, 0);
INSERT INTO UNIFORMES.TAPRENDAS (FISKU, FCDESCRIPCION, FIIDTIPOPRENDA, FITALLA, FIIDGENERO, FNCOSTO, FIDISCONTINUO)
VALUES (1006827, 'CAMISA SYR CAB MC G 2017 2', 2, 4, 1, 168, 0);
INSERT INTO UNIFORMES.TAPRENDAS (FISKU, FCDESCRIPCION, FIIDTIPOPRENDA, FITALLA, FIIDGENERO, FNCOSTO, FIDISCONTINUO)
VALUES (1006828, 'CAMISA SYR CAB MC XG 2017 2', 2, 5, 1, 168, 0);
INSERT INTO UNIFORMES.TAPRENDAS (FISKU, FCDESCRIPCION, FIIDTIPOPRENDA, FITALLA, FIIDGENERO, FNCOSTO, FIDISCONTINUO)
VALUES (1006832, 'CAMISA SYR CAB MC XXG 2017 2', 2, 6, 1, 168, 0);
INSERT INTO UNIFORMES.TAPRENDAS (FISKU, FCDESCRIPCION, FIIDTIPOPRENDA, FITALLA, FIIDGENERO, FNCOSTO, FIDISCONTINUO)
VALUES (1006833, 'CAMISA SYR CAB MC 3XG 2017 2', 2, 27, 1, 168, 0);
INSERT INTO UNIFORMES.TAPRENDAS (FISKU, FCDESCRIPCION, FIIDTIPOPRENDA, FITALLA, FIIDGENERO, FNCOSTO, FIDISCONTINUO)
VALUES (1006834, 'CAMISA SYR CAB MC 4XG 2017 2', 2, 28, 1, 168, 0);
INSERT INTO UNIFORMES.TAPRENDAS (FISKU, FCDESCRIPCION, FIIDTIPOPRENDA, FITALLA, FIIDGENERO, FNCOSTO, FIDISCONTINUO)
VALUES (1006835, 'CAMISA SYR CAB ML XCH 2017 2', 3, 1, 1, 178, 0);
INSERT INTO UNIFORMES.TAPRENDAS (FISKU, FCDESCRIPCION, FIIDTIPOPRENDA, FITALLA, FIIDGENERO, FNCOSTO, FIDISCONTINUO)
VALUES (1006836, 'CAMISA SYR CAB ML CH 2017 2', 3, 2, 1, 178, 0);
INSERT INTO UNIFORMES.TAPRENDAS (FISKU, FCDESCRIPCION, FIIDTIPOPRENDA, FITALLA, FIIDGENERO, FNCOSTO, FIDISCONTINUO)
VALUES (1006837, 'CAMISA SYR CAB ML M 2017 2', 3, 3, 1, 178, 0);
INSERT INTO UNIFORMES.TAPRENDAS (FISKU, FCDESCRIPCION, FIIDTIPOPRENDA, FITALLA, FIIDGENERO, FNCOSTO, FIDISCONTINUO)
VALUES (1006838, 'CAMISA SYR CAB ML G 2017 2', 3, 4, 1, 178, 0);
INSERT INTO UNIFORMES.TAPRENDAS (FISKU, FCDESCRIPCION, FIIDTIPOPRENDA, FITALLA, FIIDGENERO, FNCOSTO, FIDISCONTINUO)
VALUES (1006839, 'CAMISA SYR CAB ML XG 2017 2', 3, 5, 1, 178, 0);
INSERT INTO UNIFORMES.TAPRENDAS (FISKU, FCDESCRIPCION, FIIDTIPOPRENDA, FITALLA, FIIDGENERO, FNCOSTO, FIDISCONTINUO)
VALUES (1006840, 'CAMISA SYR CAB ML XXG 2017 2', 3, 6, 1, 178, 0);
INSERT INTO UNIFORMES.TAPRENDAS (FISKU, FCDESCRIPCION, FIIDTIPOPRENDA, FITALLA, FIIDGENERO, FNCOSTO, FIDISCONTINUO)
VALUES (1006842, 'CAMISA SYR CAB ML 3XG 2017 2', 3, 28, 1, 178, 0);
INSERT INTO UNIFORMES.TAPRENDAS (FISKU, FCDESCRIPCION, FIIDTIPOPRENDA, FITALLA, FIIDGENERO, FNCOSTO, FIDISCONTINUO)
VALUES (1006841, 'CAMISA SYR CAB ML 4XG 2017 2', 3, 27, 1, 178, 0);
INSERT INTO UNIFORMES.TAPRENDAS (FISKU, FCDESCRIPCION, FIIDTIPOPRENDA, FITALLA, FIIDGENERO, FNCOSTO, FIDISCONTINUO)
VALUES (1006843, 'CAMISA SYR DAM MC XCH 2017 2', 2, 1, 2, 168, 0);
INSERT INTO UNIFORMES.TAPRENDAS (FISKU, FCDESCRIPCION, FIIDTIPOPRENDA, FITALLA, FIIDGENERO, FNCOSTO, FIDISCONTINUO)
VALUES (1006844, 'CAMISA SYR DAM MC CH 2017 2', 2, 2, 2, 168, 0);
INSERT INTO UNIFORMES.TAPRENDAS (FISKU, FCDESCRIPCION, FIIDTIPOPRENDA, FITALLA, FIIDGENERO, FNCOSTO, FIDISCONTINUO)
VALUES (1006845, 'CAMISA SYR DAM MC M 2017 2', 2, 3, 2, 168, 0);
INSERT INTO UNIFORMES.TAPRENDAS (FISKU, FCDESCRIPCION, FIIDTIPOPRENDA, FITALLA, FIIDGENERO, FNCOSTO, FIDISCONTINUO)
VALUES (1006846, 'CAMISA SYR DAM MC G 2017 2', 2, 4, 2, 168, 0);
INSERT INTO UNIFORMES.TAPRENDAS (FISKU, FCDESCRIPCION, FIIDTIPOPRENDA, FITALLA, FIIDGENERO, FNCOSTO, FIDISCONTINUO)
VALUES (1006847, 'CAMISA SYR DAM MC XG 2017 2', 2, 5, 2, 168, 0);
INSERT INTO UNIFORMES.TAPRENDAS (FISKU, FCDESCRIPCION, FIIDTIPOPRENDA, FITALLA, FIIDGENERO, FNCOSTO, FIDISCONTINUO)
VALUES (1006848, 'CAMISA SYR DAM MC XXG 2017 2', 2, 6, 2, 168, 0);
INSERT INTO UNIFORMES.TAPRENDAS (FISKU, FCDESCRIPCION, FIIDTIPOPRENDA, FITALLA, FIIDGENERO, FNCOSTO, FIDISCONTINUO)
VALUES (1006849, 'CAMISA SYR DAM MC 3XG 2017 2', 2, 27, 2, 168, 0);
INSERT INTO UNIFORMES.TAPRENDAS (FISKU, FCDESCRIPCION, FIIDTIPOPRENDA, FITALLA, FIIDGENERO, FNCOSTO, FIDISCONTINUO)
VALUES (1006850, 'CAMISA SYR DAM MC 4XG 2017 2', 2, 28, 2, 168, 0);
INSERT INTO UNIFORMES.TAPRENDAS (FISKU, FCDESCRIPCION, FIIDTIPOPRENDA, FITALLA, FIIDGENERO, FNCOSTO, FIDISCONTINUO)
VALUES (1006851, 'CAMISA SYR DAM ML XCH 2017 2', 3, 1, 2, 178, 0);
INSERT INTO UNIFORMES.TAPRENDAS (FISKU, FCDESCRIPCION, FIIDTIPOPRENDA, FITALLA, FIIDGENERO, FNCOSTO, FIDISCONTINUO)
VALUES (1006852, 'CAMISA SYR DAM ML CH 2017 2', 3, 2, 2, 178, 0);
INSERT INTO UNIFORMES.TAPRENDAS (FISKU, FCDESCRIPCION, FIIDTIPOPRENDA, FITALLA, FIIDGENERO, FNCOSTO, FIDISCONTINUO)
VALUES (1006853, 'CAMISA SYR DAM ML M 2017 2', 3, 3, 2, 178, 0);
INSERT INTO UNIFORMES.TAPRENDAS (FISKU, FCDESCRIPCION, FIIDTIPOPRENDA, FITALLA, FIIDGENERO, FNCOSTO, FIDISCONTINUO)
VALUES (1006854, 'CAMISA SYR DAM ML G 2017 2', 3, 4, 2, 178, 0);
INSERT INTO UNIFORMES.TAPRENDAS (FISKU, FCDESCRIPCION, FIIDTIPOPRENDA, FITALLA, FIIDGENERO, FNCOSTO, FIDISCONTINUO)
VALUES (1006855, 'CAMISA SYR DAM ML XG 2017 2', 3, 5, 2, 178, 0);
INSERT INTO UNIFORMES.TAPRENDAS (FISKU, FCDESCRIPCION, FIIDTIPOPRENDA, FITALLA, FIIDGENERO, FNCOSTO, FIDISCONTINUO)
VALUES (1006856, 'CAMISA SYR DAM ML XXG 2017 2', 3, 6, 2, 178, 0);
INSERT INTO UNIFORMES.TAPRENDAS (FISKU, FCDESCRIPCION, FIIDTIPOPRENDA, FITALLA, FIIDGENERO, FNCOSTO, FIDISCONTINUO)
VALUES (1006857, 'CAMISA SYR DAM ML 3XG 2017 2', 3, 27, 2, 178, 0);
INSERT INTO UNIFORMES.TAPRENDAS (FISKU, FCDESCRIPCION, FIIDTIPOPRENDA, FITALLA, FIIDGENERO, FNCOSTO, FIDISCONTINUO)
VALUES (1006858, 'CAMISA SYR DAM ML 4XG 2017 2', 3, 28, 2, 178, 0);

--TATIPOCALCULOPRECIO
INSERT INTO UNIFORMES.TATIPOCALCULOPRECIO (FIIDTIPOCALCULO, FCDESCRIPCION)
VALUES (1, 'PRECIO FIJO');
INSERT INTO UNIFORMES.TATIPOCALCULOPRECIO (FIIDTIPOCALCULO, FCDESCRIPCION)
VALUES (2, 'PRECIO SKU');

--TAESTATUSPEDIDOS
INSERT INTO UNIFORMES.TAESTATUSPEDIDOS (FIIDESTATUSPEDIDO, FCDESCRIPCION)
VALUES (0, 'CANCELADO');
INSERT INTO UNIFORMES.TAESTATUSPEDIDOS (FIIDESTATUSPEDIDO, FCDESCRIPCION)
VALUES (1, 'SOLICITUD GENERADA');
INSERT INTO UNIFORMES.TAESTATUSPEDIDOS (FIIDESTATUSPEDIDO, FCDESCRIPCION)
VALUES (2, 'SOLICITADO EN TIENDA');
INSERT INTO UNIFORMES.TAESTATUSPEDIDOS (FIIDESTATUSPEDIDO, FCDESCRIPCION)
VALUES (3, 'SOLICITADO EN CD');
INSERT INTO UNIFORMES.TAESTATUSPEDIDOS (FIIDESTATUSPEDIDO, FCDESCRIPCION)
VALUES (4, 'ATENDIDO EN CD');
INSERT INTO UNIFORMES.TAESTATUSPEDIDOS (FIIDESTATUSPEDIDO, FCDESCRIPCION)
VALUES (5, 'EN CAMINO A TIENDA');
INSERT INTO UNIFORMES.TAESTATUSPEDIDOS (FIIDESTATUSPEDIDO, FCDESCRIPCION)
VALUES (6, 'RECIBIDO EN TIENDA');
INSERT INTO UNIFORMES.TAESTATUSPEDIDOS (FIIDESTATUSPEDIDO, FCDESCRIPCION)
VALUES (7, 'ENTREGADO');
INSERT INTO UNIFORMES.TAESTATUSPEDIDOS (FIIDESTATUSPEDIDO, FCDESCRIPCION)
VALUES (8, 'DESCUENTO SAP');
INSERT INTO UNIFORMES.TAESTATUSPEDIDOS (FIIDESTATUSPEDIDO, FCDESCRIPCION)
VALUES (9, 'DESCUENTO SPPI');

--TATIPOSSOLICITUD
INSERT INTO UNIFORMES.TATIPOSOLICITUD (FIIDTIPOSOLICITUD, FCDESCRIPCION)
VALUES (1, 'CARGA SEMESTRAL');
INSERT INTO UNIFORMES.TATIPOSOLICITUD (FIIDTIPOSOLICITUD, FCDESCRIPCION)
VALUES (2, 'VOLUNTARIA');
INSERT INTO UNIFORMES.TATIPOSOLICITUD (FIIDTIPOSOLICITUD, FCDESCRIPCION)
VALUES (3, 'NUEVO INGRESO');

--TACANTIDADES
INSERT INTO UNIFORMES.TACANTIDADES (FIIDTIPOSOLICITUD, FIIDTIPOPRENDA, FIMINIMO, FIMAXIMO)
VALUES (1, 1, 2, 2);
INSERT INTO UNIFORMES.TACANTIDADES (FIIDTIPOSOLICITUD, FIIDTIPOPRENDA, FIMINIMO, FIMAXIMO)
VALUES (1, 2, 1, 1);
INSERT INTO UNIFORMES.TACANTIDADES (FIIDTIPOSOLICITUD, FIIDTIPOPRENDA, FIMINIMO, FIMAXIMO)
VALUES (1, 3, 1, 1);
INSERT INTO UNIFORMES.TACANTIDADES (FIIDTIPOSOLICITUD, FIIDTIPOPRENDA, FIMINIMO, FIMAXIMO)
VALUES (1, 4, 1, 1);
INSERT INTO UNIFORMES.TACANTIDADES (FIIDTIPOSOLICITUD, FIIDTIPOPRENDA, FIMINIMO, FIMAXIMO)
VALUES (2, 1, 0, 9);
INSERT INTO UNIFORMES.TACANTIDADES (FIIDTIPOSOLICITUD, FIIDTIPOPRENDA, FIMINIMO, FIMAXIMO)
VALUES (2, 2, 0, 9);
INSERT INTO UNIFORMES.TACANTIDADES (FIIDTIPOSOLICITUD, FIIDTIPOPRENDA, FIMINIMO, FIMAXIMO)
VALUES (2, 3, 0, 9);
INSERT INTO UNIFORMES.TACANTIDADES (FIIDTIPOSOLICITUD, FIIDTIPOPRENDA, FIMINIMO, FIMAXIMO)
VALUES (2, 4, 0, 9);
INSERT INTO UNIFORMES.TACANTIDADES (FIIDTIPOSOLICITUD, FIIDTIPOPRENDA, FIMINIMO, FIMAXIMO)
VALUES (3, 1, 2, 2);
INSERT INTO UNIFORMES.TACANTIDADES (FIIDTIPOSOLICITUD, FIIDTIPOPRENDA, FIMINIMO, FIMAXIMO)
VALUES (3, 2, 1, 1);
INSERT INTO UNIFORMES.TACANTIDADES (FIIDTIPOSOLICITUD, FIIDTIPOPRENDA, FIMINIMO, FIMAXIMO)
VALUES (3, 3, 1, 1);
INSERT INTO UNIFORMES.TACANTIDADES (FIIDTIPOSOLICITUD, FIIDTIPOPRENDA, FIMINIMO, FIMAXIMO)
VALUES (3, 4, 1, 1);

--TAPRECIOS
INSERT INTO UNIFORMES.TAPRECIOS (FIIDTIPOSOLICITUD, FIIDTIPOPRENDA, FIIDTIPOCALCULO, FNVALOR)
VALUES (1, 1, 1, 0);
INSERT INTO UNIFORMES.TAPRECIOS (FIIDTIPOSOLICITUD, FIIDTIPOPRENDA, FIIDTIPOCALCULO, FNVALOR)
VALUES (1, 2, 1, 0);
INSERT INTO UNIFORMES.TAPRECIOS (FIIDTIPOSOLICITUD, FIIDTIPOPRENDA, FIIDTIPOCALCULO, FNVALOR)
VALUES (1, 3, 1, 0);
INSERT INTO UNIFORMES.TAPRECIOS (FIIDTIPOSOLICITUD, FIIDTIPOPRENDA, FIIDTIPOCALCULO, FNVALOR)
VALUES (1, 4, 1, 0);
INSERT INTO UNIFORMES.TAPRECIOS (FIIDTIPOSOLICITUD, FIIDTIPOPRENDA, FIIDTIPOCALCULO, FNVALOR)
VALUES (2, 1, 1, 120);
INSERT INTO UNIFORMES.TAPRECIOS (FIIDTIPOSOLICITUD, FIIDTIPOPRENDA, FIIDTIPOCALCULO, FNVALOR)
VALUES (2, 2, 1, 168);
INSERT INTO UNIFORMES.TAPRECIOS (FIIDTIPOSOLICITUD, FIIDTIPOPRENDA, FIIDTIPOCALCULO, FNVALOR)
VALUES (2, 3, 1, 178);
INSERT INTO UNIFORMES.TAPRECIOS (FIIDTIPOSOLICITUD, FIIDTIPOPRENDA, FIIDTIPOCALCULO, FNVALOR)
VALUES (2, 4, 1, 13);
INSERT INTO UNIFORMES.TAPRECIOS (FIIDTIPOSOLICITUD, FIIDTIPOPRENDA, FIIDTIPOCALCULO, FNVALOR)
VALUES (3, 1, 1, 0);
INSERT INTO UNIFORMES.TAPRECIOS (FIIDTIPOSOLICITUD, FIIDTIPOPRENDA, FIIDTIPOCALCULO, FNVALOR)
VALUES (3, 2, 1, 0);
INSERT INTO UNIFORMES.TAPRECIOS (FIIDTIPOSOLICITUD, FIIDTIPOPRENDA, FIIDTIPOCALCULO, FNVALOR)
VALUES (3, 3, 1, 0);
INSERT INTO UNIFORMES.TAPRECIOS (FIIDTIPOSOLICITUD, FIIDTIPOPRENDA, FIIDTIPOCALCULO, FNVALOR)
VALUES (3, 4, 1, 0);

--TANEGOCIOS
INSERT INTO UNIFORMES.TANEGOCIOS (FIIDNEGOCIO, FCDESCRIPCION, FCDESCRCORTA, FISOLICITAENTIENDA)
VALUES (1, 'ELEKTRA', '(EKT)', 1);
INSERT INTO UNIFORMES.TANEGOCIOS (FIIDNEGOCIO, FCDESCRIPCION, FCDESCRCORTA, FISOLICITAENTIENDA)
VALUES (2, 'SALINAS Y ROCHA', '(SYS)', 1);
INSERT INTO UNIFORMES.TANEGOCIOS (FIIDNEGOCIO, FCDESCRIPCION, FCDESCRCORTA, FISOLICITAENTIENDA)
VALUES (3, 'BODEGA DE REMATES', '(BDR)', 0);
INSERT INTO UNIFORMES.TANEGOCIOS (FIIDNEGOCIO, FCDESCRIPCION, FCDESCRCORTA, FISOLICITAENTIENDA)
VALUES (4, 'ELEKTRA REMATES', '(EKTR)', 1);
INSERT INTO UNIFORMES.TANEGOCIOS (FIIDNEGOCIO, FCDESCRIPCION, FCDESCRCORTA, FISOLICITAENTIENDA)
VALUES (5, 'DINERO AZTECA', '(DAZ)', 1);
INSERT INTO UNIFORMES.TANEGOCIOS (FIIDNEGOCIO, FCDESCRIPCION, FCDESCRCORTA, FISOLICITAENTIENDA)
VALUES (6, 'PRESTA PRENDA', '(PP)', 1);

--TASKUSXKIT
--EKT
INSERT INTO UNIFORMES.TASKUSXKIT (FISKU, FIKIT)
VALUES (1002750, 1);
INSERT INTO UNIFORMES.TASKUSXKIT (FISKU, FIKIT)
VALUES (1002755, 1);
INSERT INTO UNIFORMES.TASKUSXKIT (FISKU, FIKIT)
VALUES (1002756, 1);
INSERT INTO UNIFORMES.TASKUSXKIT (FISKU, FIKIT)
VALUES (1002757, 1);
INSERT INTO UNIFORMES.TASKUSXKIT (FISKU, FIKIT)
VALUES (1002758, 1);
INSERT INTO UNIFORMES.TASKUSXKIT (FISKU, FIKIT)
VALUES (1002759, 1);
INSERT INTO UNIFORMES.TASKUSXKIT (FISKU, FIKIT)
VALUES (1002760, 1);
INSERT INTO UNIFORMES.TASKUSXKIT (FISKU, FIKIT)
VALUES (1002775, 1);
INSERT INTO UNIFORMES.TASKUSXKIT (FISKU, FIKIT)
VALUES (1002776, 1);
INSERT INTO UNIFORMES.TASKUSXKIT (FISKU, FIKIT)
VALUES (1002777, 1);
INSERT INTO UNIFORMES.TASKUSXKIT (FISKU, FIKIT)
VALUES (1002778, 1);
INSERT INTO UNIFORMES.TASKUSXKIT (FISKU, FIKIT)
VALUES (1002785, 1);
INSERT INTO UNIFORMES.TASKUSXKIT (FISKU, FIKIT)
VALUES (1002786, 1);
INSERT INTO UNIFORMES.TASKUSXKIT (FISKU, FIKIT)
VALUES (1002787, 1);
INSERT INTO UNIFORMES.TASKUSXKIT (FISKU, FIKIT)
VALUES (1002791, 1);
INSERT INTO UNIFORMES.TASKUSXKIT (FISKU, FIKIT)
VALUES (1002792, 1);
INSERT INTO UNIFORMES.TASKUSXKIT (FISKU, FIKIT)
VALUES (1002793, 1);
INSERT INTO UNIFORMES.TASKUSXKIT (FISKU, FIKIT)
VALUES (1002794, 1);
INSERT INTO UNIFORMES.TASKUSXKIT (FISKU, FIKIT)
VALUES (1002795, 1);
INSERT INTO UNIFORMES.TASKUSXKIT (FISKU, FIKIT)
VALUES (1002796, 1);
INSERT INTO UNIFORMES.TASKUSXKIT (FISKU, FIKIT)
VALUES (1003293, 1);
INSERT INTO UNIFORMES.TASKUSXKIT (FISKU, FIKIT)
VALUES (1003333, 1);
INSERT INTO UNIFORMES.TASKUSXKIT (FISKU, FIKIT)
VALUES (1003337, 1);
INSERT INTO UNIFORMES.TASKUSXKIT (FISKU, FIKIT)
VALUES (1003344, 1);
INSERT INTO UNIFORMES.TASKUSXKIT (FISKU, FIKIT)
VALUES (1005560, 1);
INSERT INTO UNIFORMES.TASKUSXKIT (FISKU, FIKIT)
VALUES (1006765, 1);
INSERT INTO UNIFORMES.TASKUSXKIT (FISKU, FIKIT)
VALUES (1006766, 1);
INSERT INTO UNIFORMES.TASKUSXKIT (FISKU, FIKIT)
VALUES (1006767, 1);
INSERT INTO UNIFORMES.TASKUSXKIT (FISKU, FIKIT)
VALUES (1006768, 1);
INSERT INTO UNIFORMES.TASKUSXKIT (FISKU, FIKIT)
VALUES (1006769, 1);
INSERT INTO UNIFORMES.TASKUSXKIT (FISKU, FIKIT)
VALUES (1006770, 1);
INSERT INTO UNIFORMES.TASKUSXKIT (FISKU, FIKIT)
VALUES (1006771, 1);
INSERT INTO UNIFORMES.TASKUSXKIT (FISKU, FIKIT)
VALUES (1006772, 1);
INSERT INTO UNIFORMES.TASKUSXKIT (FISKU, FIKIT)
VALUES (1006773, 1);
INSERT INTO UNIFORMES.TASKUSXKIT (FISKU, FIKIT)
VALUES (1006774, 1);
INSERT INTO UNIFORMES.TASKUSXKIT (FISKU, FIKIT)
VALUES (1006775, 1);
INSERT INTO UNIFORMES.TASKUSXKIT (FISKU, FIKIT)
VALUES (1006776, 1);
INSERT INTO UNIFORMES.TASKUSXKIT (FISKU, FIKIT)
VALUES (1006777, 1);
INSERT INTO UNIFORMES.TASKUSXKIT (FISKU, FIKIT)
VALUES (1006778, 1);
INSERT INTO UNIFORMES.TASKUSXKIT (FISKU, FIKIT)
VALUES (1006779, 1);
INSERT INTO UNIFORMES.TASKUSXKIT (FISKU, FIKIT)
VALUES (1006780, 1);
INSERT INTO UNIFORMES.TASKUSXKIT (FISKU, FIKIT)
VALUES (1006781, 1);
INSERT INTO UNIFORMES.TASKUSXKIT (FISKU, FIKIT)
VALUES (1006782, 1);
INSERT INTO UNIFORMES.TASKUSXKIT (FISKU, FIKIT)
VALUES (1006783, 1);
INSERT INTO UNIFORMES.TASKUSXKIT (FISKU, FIKIT)
VALUES (1006784, 1);
INSERT INTO UNIFORMES.TASKUSXKIT (FISKU, FIKIT)
VALUES (1006785, 1);
INSERT INTO UNIFORMES.TASKUSXKIT (FISKU, FIKIT)
VALUES (1006786, 1);
INSERT INTO UNIFORMES.TASKUSXKIT (FISKU, FIKIT)
VALUES (1006787, 1);
INSERT INTO UNIFORMES.TASKUSXKIT (FISKU, FIKIT)
VALUES (1006788, 1);
INSERT INTO UNIFORMES.TASKUSXKIT (FISKU, FIKIT)
VALUES (1006789, 1);
INSERT INTO UNIFORMES.TASKUSXKIT (FISKU, FIKIT)
VALUES (1006790, 1);
INSERT INTO UNIFORMES.TASKUSXKIT (FISKU, FIKIT)
VALUES (1006791, 1);
INSERT INTO UNIFORMES.TASKUSXKIT (FISKU, FIKIT)
VALUES (1006792, 1);
INSERT INTO UNIFORMES.TASKUSXKIT (FISKU, FIKIT)
VALUES (1006793, 1);
INSERT INTO UNIFORMES.TASKUSXKIT (FISKU, FIKIT)
VALUES (1006794, 1);
INSERT INTO UNIFORMES.TASKUSXKIT (FISKU, FIKIT)
VALUES (1006795, 1);
INSERT INTO UNIFORMES.TASKUSXKIT (FISKU, FIKIT)
VALUES (1006796, 1);

--SYR
INSERT INTO UNIFORMES.TASKUSXKIT (FISKU, FIKIT)
VALUES (1002750, 2);
INSERT INTO UNIFORMES.TASKUSXKIT (FISKU, FIKIT)
VALUES (1002755, 2);
INSERT INTO UNIFORMES.TASKUSXKIT (FISKU, FIKIT)
VALUES (1002756, 2);
INSERT INTO UNIFORMES.TASKUSXKIT (FISKU, FIKIT)
VALUES (1002757, 2);
INSERT INTO UNIFORMES.TASKUSXKIT (FISKU, FIKIT)
VALUES (1002758, 2);
INSERT INTO UNIFORMES.TASKUSXKIT (FISKU, FIKIT)
VALUES (1002759, 2);
INSERT INTO UNIFORMES.TASKUSXKIT (FISKU, FIKIT)
VALUES (1002760, 2);
INSERT INTO UNIFORMES.TASKUSXKIT (FISKU, FIKIT)
VALUES (1002775, 2);
INSERT INTO UNIFORMES.TASKUSXKIT (FISKU, FIKIT)
VALUES (1002776, 2);
INSERT INTO UNIFORMES.TASKUSXKIT (FISKU, FIKIT)
VALUES (1002777, 2);
INSERT INTO UNIFORMES.TASKUSXKIT (FISKU, FIKIT)
VALUES (1002778, 2);
INSERT INTO UNIFORMES.TASKUSXKIT (FISKU, FIKIT)
VALUES (1002785, 2);
INSERT INTO UNIFORMES.TASKUSXKIT (FISKU, FIKIT)
VALUES (1002786, 2);
INSERT INTO UNIFORMES.TASKUSXKIT (FISKU, FIKIT)
VALUES (1002787, 2);
INSERT INTO UNIFORMES.TASKUSXKIT (FISKU, FIKIT)
VALUES (1002791, 2);
INSERT INTO UNIFORMES.TASKUSXKIT (FISKU, FIKIT)
VALUES (1002792, 2);
INSERT INTO UNIFORMES.TASKUSXKIT (FISKU, FIKIT)
VALUES (1002793, 2);
INSERT INTO UNIFORMES.TASKUSXKIT (FISKU, FIKIT)
VALUES (1002794, 2);
INSERT INTO UNIFORMES.TASKUSXKIT (FISKU, FIKIT)
VALUES (1002795, 2);
INSERT INTO UNIFORMES.TASKUSXKIT (FISKU, FIKIT)
VALUES (1002796, 2);
INSERT INTO UNIFORMES.TASKUSXKIT (FISKU, FIKIT)
VALUES (1003293, 2);
INSERT INTO UNIFORMES.TASKUSXKIT (FISKU, FIKIT)
VALUES (1003333, 2);
INSERT INTO UNIFORMES.TASKUSXKIT (FISKU, FIKIT)
VALUES (1003337, 2);
INSERT INTO UNIFORMES.TASKUSXKIT (FISKU, FIKIT)
VALUES (1003344, 2);
INSERT INTO UNIFORMES.TASKUSXKIT (FISKU, FIKIT)
VALUES (1005560, 2);
INSERT INTO UNIFORMES.TASKUSXKIT (FISKU, FIKIT)
VALUES (1006824, 2);
INSERT INTO UNIFORMES.TASKUSXKIT (FISKU, FIKIT)
VALUES (1006825, 2);
INSERT INTO UNIFORMES.TASKUSXKIT (FISKU, FIKIT)
VALUES (1006826, 2);
INSERT INTO UNIFORMES.TASKUSXKIT (FISKU, FIKIT)
VALUES (1006827, 2);
INSERT INTO UNIFORMES.TASKUSXKIT (FISKU, FIKIT)
VALUES (1006828, 2);
INSERT INTO UNIFORMES.TASKUSXKIT (FISKU, FIKIT)
VALUES (1006832, 2);
INSERT INTO UNIFORMES.TASKUSXKIT (FISKU, FIKIT)
VALUES (1006833, 2);
INSERT INTO UNIFORMES.TASKUSXKIT (FISKU, FIKIT)
VALUES (1006834, 2);
INSERT INTO UNIFORMES.TASKUSXKIT (FISKU, FIKIT)
VALUES (1006835, 2);
INSERT INTO UNIFORMES.TASKUSXKIT (FISKU, FIKIT)
VALUES (1006836, 2);
INSERT INTO UNIFORMES.TASKUSXKIT (FISKU, FIKIT)
VALUES (1006837, 2);
INSERT INTO UNIFORMES.TASKUSXKIT (FISKU, FIKIT)
VALUES (1006838, 2);
INSERT INTO UNIFORMES.TASKUSXKIT (FISKU, FIKIT)
VALUES (1006839, 2);
INSERT INTO UNIFORMES.TASKUSXKIT (FISKU, FIKIT)
VALUES (1006840, 2);
INSERT INTO UNIFORMES.TASKUSXKIT (FISKU, FIKIT)
VALUES (1006841, 2);
INSERT INTO UNIFORMES.TASKUSXKIT (FISKU, FIKIT)
VALUES (1006842, 2);
INSERT INTO UNIFORMES.TASKUSXKIT (FISKU, FIKIT)
VALUES (1006843, 2);
INSERT INTO UNIFORMES.TASKUSXKIT (FISKU, FIKIT)
VALUES (1006844, 2);
INSERT INTO UNIFORMES.TASKUSXKIT (FISKU, FIKIT)
VALUES (1006845, 2);
INSERT INTO UNIFORMES.TASKUSXKIT (FISKU, FIKIT)
VALUES (1006846, 2);
INSERT INTO UNIFORMES.TASKUSXKIT (FISKU, FIKIT)
VALUES (1006847, 2);
INSERT INTO UNIFORMES.TASKUSXKIT (FISKU, FIKIT)
VALUES (1006848, 2);
INSERT INTO UNIFORMES.TASKUSXKIT (FISKU, FIKIT)
VALUES (1006849, 2);
INSERT INTO UNIFORMES.TASKUSXKIT (FISKU, FIKIT)
VALUES (1006850, 2);
INSERT INTO UNIFORMES.TASKUSXKIT (FISKU, FIKIT)
VALUES (1006851, 2);
INSERT INTO UNIFORMES.TASKUSXKIT (FISKU, FIKIT)
VALUES (1006852, 2);
INSERT INTO UNIFORMES.TASKUSXKIT (FISKU, FIKIT)
VALUES (1006853, 2);
INSERT INTO UNIFORMES.TASKUSXKIT (FISKU, FIKIT)
VALUES (1006854, 2);
INSERT INTO UNIFORMES.TASKUSXKIT (FISKU, FIKIT)
VALUES (1006855, 2);
INSERT INTO UNIFORMES.TASKUSXKIT (FISKU, FIKIT)
VALUES (1006856, 2);
INSERT INTO UNIFORMES.TASKUSXKIT (FISKU, FIKIT)
VALUES (1006857, 2);
INSERT INTO UNIFORMES.TASKUSXKIT (FISKU, FIKIT)
VALUES (1006858, 2);
-- BDR
INSERT INTO UNIFORMES.TASKUSXKIT (FISKU, FIKIT)
VALUES (1002750, 3);
INSERT INTO UNIFORMES.TASKUSXKIT (FISKU, FIKIT)
VALUES (1002755, 3);
INSERT INTO UNIFORMES.TASKUSXKIT (FISKU, FIKIT)
VALUES (1002756, 3);
INSERT INTO UNIFORMES.TASKUSXKIT (FISKU, FIKIT)
VALUES (1002757, 3);
INSERT INTO UNIFORMES.TASKUSXKIT (FISKU, FIKIT)
VALUES (1002758, 3);
INSERT INTO UNIFORMES.TASKUSXKIT (FISKU, FIKIT)
VALUES (1002759, 3);
INSERT INTO UNIFORMES.TASKUSXKIT (FISKU, FIKIT)
VALUES (1002760, 3);
INSERT INTO UNIFORMES.TASKUSXKIT (FISKU, FIKIT)
VALUES (1002775, 3);
INSERT INTO UNIFORMES.TASKUSXKIT (FISKU, FIKIT)
VALUES (1002776, 3);
INSERT INTO UNIFORMES.TASKUSXKIT (FISKU, FIKIT)
VALUES (1002777, 3);
INSERT INTO UNIFORMES.TASKUSXKIT (FISKU, FIKIT)
VALUES (1002778, 3);
INSERT INTO UNIFORMES.TASKUSXKIT (FISKU, FIKIT)
VALUES (1002785, 3);
INSERT INTO UNIFORMES.TASKUSXKIT (FISKU, FIKIT)
VALUES (1002786, 3);
INSERT INTO UNIFORMES.TASKUSXKIT (FISKU, FIKIT)
VALUES (1002787, 3);
INSERT INTO UNIFORMES.TASKUSXKIT (FISKU, FIKIT)
VALUES (1002791, 3);
INSERT INTO UNIFORMES.TASKUSXKIT (FISKU, FIKIT)
VALUES (1002792, 3);
INSERT INTO UNIFORMES.TASKUSXKIT (FISKU, FIKIT)
VALUES (1002793, 3);
INSERT INTO UNIFORMES.TASKUSXKIT (FISKU, FIKIT)
VALUES (1002794, 3);
INSERT INTO UNIFORMES.TASKUSXKIT (FISKU, FIKIT)
VALUES (1002795, 3);
INSERT INTO UNIFORMES.TASKUSXKIT (FISKU, FIKIT)
VALUES (1002796, 3);
INSERT INTO UNIFORMES.TASKUSXKIT (FISKU, FIKIT)
VALUES (1003293, 3);
INSERT INTO UNIFORMES.TASKUSXKIT (FISKU, FIKIT)
VALUES (1003333, 3);
INSERT INTO UNIFORMES.TASKUSXKIT (FISKU, FIKIT)
VALUES (1003337, 3);
INSERT INTO UNIFORMES.TASKUSXKIT (FISKU, FIKIT)
VALUES (1003344, 3);
INSERT INTO UNIFORMES.TASKUSXKIT (FISKU, FIKIT)
VALUES (1005560, 3);
INSERT INTO UNIFORMES.TASKUSXKIT (FISKU, FIKIT)
VALUES (1006765, 3);
INSERT INTO UNIFORMES.TASKUSXKIT (FISKU, FIKIT)
VALUES (1006766, 3);
INSERT INTO UNIFORMES.TASKUSXKIT (FISKU, FIKIT)
VALUES (1006767, 3);
INSERT INTO UNIFORMES.TASKUSXKIT (FISKU, FIKIT)
VALUES (1006768, 3);
INSERT INTO UNIFORMES.TASKUSXKIT (FISKU, FIKIT)
VALUES (1006769, 3);
INSERT INTO UNIFORMES.TASKUSXKIT (FISKU, FIKIT)
VALUES (1006770, 3);
INSERT INTO UNIFORMES.TASKUSXKIT (FISKU, FIKIT)
VALUES (1006771, 3);
INSERT INTO UNIFORMES.TASKUSXKIT (FISKU, FIKIT)
VALUES (1006772, 3);
INSERT INTO UNIFORMES.TASKUSXKIT (FISKU, FIKIT)
VALUES (1006773, 3);
INSERT INTO UNIFORMES.TASKUSXKIT (FISKU, FIKIT)
VALUES (1006774, 3);
INSERT INTO UNIFORMES.TASKUSXKIT (FISKU, FIKIT)
VALUES (1006775, 3);
INSERT INTO UNIFORMES.TASKUSXKIT (FISKU, FIKIT)
VALUES (1006776, 3);
INSERT INTO UNIFORMES.TASKUSXKIT (FISKU, FIKIT)
VALUES (1006777, 3);
INSERT INTO UNIFORMES.TASKUSXKIT (FISKU, FIKIT)
VALUES (1006778, 3);
INSERT INTO UNIFORMES.TASKUSXKIT (FISKU, FIKIT)
VALUES (1006779, 3);
INSERT INTO UNIFORMES.TASKUSXKIT (FISKU, FIKIT)
VALUES (1006780, 3);
INSERT INTO UNIFORMES.TASKUSXKIT (FISKU, FIKIT)
VALUES (1006781, 3);
INSERT INTO UNIFORMES.TASKUSXKIT (FISKU, FIKIT)
VALUES (1006782, 3);
INSERT INTO UNIFORMES.TASKUSXKIT (FISKU, FIKIT)
VALUES (1006783, 3);
INSERT INTO UNIFORMES.TASKUSXKIT (FISKU, FIKIT)
VALUES (1006784, 3);
INSERT INTO UNIFORMES.TASKUSXKIT (FISKU, FIKIT)
VALUES (1006785, 3);
INSERT INTO UNIFORMES.TASKUSXKIT (FISKU, FIKIT)
VALUES (1006786, 3);
INSERT INTO UNIFORMES.TASKUSXKIT (FISKU, FIKIT)
VALUES (1006787, 3);
INSERT INTO UNIFORMES.TASKUSXKIT (FISKU, FIKIT)
VALUES (1006788, 3);
INSERT INTO UNIFORMES.TASKUSXKIT (FISKU, FIKIT)
VALUES (1006789, 3);
INSERT INTO UNIFORMES.TASKUSXKIT (FISKU, FIKIT)
VALUES (1006790, 3);
INSERT INTO UNIFORMES.TASKUSXKIT (FISKU, FIKIT)
VALUES (1006791, 3);
INSERT INTO UNIFORMES.TASKUSXKIT (FISKU, FIKIT)
VALUES (1006792, 3);
INSERT INTO UNIFORMES.TASKUSXKIT (FISKU, FIKIT)
VALUES (1006793, 3);
INSERT INTO UNIFORMES.TASKUSXKIT (FISKU, FIKIT)
VALUES (1006794, 3);
INSERT INTO UNIFORMES.TASKUSXKIT (FISKU, FIKIT)
VALUES (1006795, 3);
INSERT INTO UNIFORMES.TASKUSXKIT (FISKU, FIKIT)
VALUES (1006796, 3);
-- EKT REMATES
INSERT INTO UNIFORMES.TASKUSXKIT (FISKU, FIKIT)
VALUES (1002750, 4);
INSERT INTO UNIFORMES.TASKUSXKIT (FISKU, FIKIT)
VALUES (1002755, 4);
INSERT INTO UNIFORMES.TASKUSXKIT (FISKU, FIKIT)
VALUES (1002756, 4);
INSERT INTO UNIFORMES.TASKUSXKIT (FISKU, FIKIT)
VALUES (1002757, 4);
INSERT INTO UNIFORMES.TASKUSXKIT (FISKU, FIKIT)
VALUES (1002758, 4);
INSERT INTO UNIFORMES.TASKUSXKIT (FISKU, FIKIT)
VALUES (1002759, 4);
INSERT INTO UNIFORMES.TASKUSXKIT (FISKU, FIKIT)
VALUES (1002760, 4);
INSERT INTO UNIFORMES.TASKUSXKIT (FISKU, FIKIT)
VALUES (1002775, 4);
INSERT INTO UNIFORMES.TASKUSXKIT (FISKU, FIKIT)
VALUES (1002776, 4);
INSERT INTO UNIFORMES.TASKUSXKIT (FISKU, FIKIT)
VALUES (1002777, 4);
INSERT INTO UNIFORMES.TASKUSXKIT (FISKU, FIKIT)
VALUES (1002778, 4);
INSERT INTO UNIFORMES.TASKUSXKIT (FISKU, FIKIT)
VALUES (1002785, 4);
INSERT INTO UNIFORMES.TASKUSXKIT (FISKU, FIKIT)
VALUES (1002786, 4);
INSERT INTO UNIFORMES.TASKUSXKIT (FISKU, FIKIT)
VALUES (1002787, 4);
INSERT INTO UNIFORMES.TASKUSXKIT (FISKU, FIKIT)
VALUES (1002791, 4);
INSERT INTO UNIFORMES.TASKUSXKIT (FISKU, FIKIT)
VALUES (1002792, 4);
INSERT INTO UNIFORMES.TASKUSXKIT (FISKU, FIKIT)
VALUES (1002793, 4);
INSERT INTO UNIFORMES.TASKUSXKIT (FISKU, FIKIT)
VALUES (1002794, 4);
INSERT INTO UNIFORMES.TASKUSXKIT (FISKU, FIKIT)
VALUES (1002795, 4);
INSERT INTO UNIFORMES.TASKUSXKIT (FISKU, FIKIT)
VALUES (1002796, 4);
INSERT INTO UNIFORMES.TASKUSXKIT (FISKU, FIKIT)
VALUES (1003293, 4);
INSERT INTO UNIFORMES.TASKUSXKIT (FISKU, FIKIT)
VALUES (1003333, 4);
INSERT INTO UNIFORMES.TASKUSXKIT (FISKU, FIKIT)
VALUES (1003337, 4);
INSERT INTO UNIFORMES.TASKUSXKIT (FISKU, FIKIT)
VALUES (1003344, 4);
INSERT INTO UNIFORMES.TASKUSXKIT (FISKU, FIKIT)
VALUES (1005560, 4);
INSERT INTO UNIFORMES.TASKUSXKIT (FISKU, FIKIT)
VALUES (1006765, 4);
INSERT INTO UNIFORMES.TASKUSXKIT (FISKU, FIKIT)
VALUES (1006766, 4);
INSERT INTO UNIFORMES.TASKUSXKIT (FISKU, FIKIT)
VALUES (1006767, 4);
INSERT INTO UNIFORMES.TASKUSXKIT (FISKU, FIKIT)
VALUES (1006768, 4);
INSERT INTO UNIFORMES.TASKUSXKIT (FISKU, FIKIT)
VALUES (1006769, 4);
INSERT INTO UNIFORMES.TASKUSXKIT (FISKU, FIKIT)
VALUES (1006770, 4);
INSERT INTO UNIFORMES.TASKUSXKIT (FISKU, FIKIT)
VALUES (1006771, 4);
INSERT INTO UNIFORMES.TASKUSXKIT (FISKU, FIKIT)
VALUES (1006772, 4);
INSERT INTO UNIFORMES.TASKUSXKIT (FISKU, FIKIT)
VALUES (1006773, 4);
INSERT INTO UNIFORMES.TASKUSXKIT (FISKU, FIKIT)
VALUES (1006774, 4);
INSERT INTO UNIFORMES.TASKUSXKIT (FISKU, FIKIT)
VALUES (1006775, 4);
INSERT INTO UNIFORMES.TASKUSXKIT (FISKU, FIKIT)
VALUES (1006776, 4);
INSERT INTO UNIFORMES.TASKUSXKIT (FISKU, FIKIT)
VALUES (1006777, 4);
INSERT INTO UNIFORMES.TASKUSXKIT (FISKU, FIKIT)
VALUES (1006778, 4);
INSERT INTO UNIFORMES.TASKUSXKIT (FISKU, FIKIT)
VALUES (1006779, 4);
INSERT INTO UNIFORMES.TASKUSXKIT (FISKU, FIKIT)
VALUES (1006780, 4);
INSERT INTO UNIFORMES.TASKUSXKIT (FISKU, FIKIT)
VALUES (1006781, 4);
INSERT INTO UNIFORMES.TASKUSXKIT (FISKU, FIKIT)
VALUES (1006782, 4);
INSERT INTO UNIFORMES.TASKUSXKIT (FISKU, FIKIT)
VALUES (1006783, 4);
INSERT INTO UNIFORMES.TASKUSXKIT (FISKU, FIKIT)
VALUES (1006784, 4);
INSERT INTO UNIFORMES.TASKUSXKIT (FISKU, FIKIT)
VALUES (1006785, 4);
INSERT INTO UNIFORMES.TASKUSXKIT (FISKU, FIKIT)
VALUES (1006786, 4);
INSERT INTO UNIFORMES.TASKUSXKIT (FISKU, FIKIT)
VALUES (1006787, 4);
INSERT INTO UNIFORMES.TASKUSXKIT (FISKU, FIKIT)
VALUES (1006788, 4);
INSERT INTO UNIFORMES.TASKUSXKIT (FISKU, FIKIT)
VALUES (1006789, 4);
INSERT INTO UNIFORMES.TASKUSXKIT (FISKU, FIKIT)
VALUES (1006790, 4);
INSERT INTO UNIFORMES.TASKUSXKIT (FISKU, FIKIT)
VALUES (1006791, 4);
INSERT INTO UNIFORMES.TASKUSXKIT (FISKU, FIKIT)
VALUES (1006792, 4);
INSERT INTO UNIFORMES.TASKUSXKIT (FISKU, FIKIT)
VALUES (1006793, 4);
INSERT INTO UNIFORMES.TASKUSXKIT (FISKU, FIKIT)
VALUES (1006794, 4);
INSERT INTO UNIFORMES.TASKUSXKIT (FISKU, FIKIT)
VALUES (1006795, 4);
INSERT INTO UNIFORMES.TASKUSXKIT (FISKU, FIKIT)
VALUES (1006796, 4);
-- DAZ
INSERT INTO UNIFORMES.TASKUSXKIT (FISKU, FIKIT)
VALUES (1002750, 5);
INSERT INTO UNIFORMES.TASKUSXKIT (FISKU, FIKIT)
VALUES (1002755, 5);
INSERT INTO UNIFORMES.TASKUSXKIT (FISKU, FIKIT)
VALUES (1002756, 5);
INSERT INTO UNIFORMES.TASKUSXKIT (FISKU, FIKIT)
VALUES (1002757, 5);
INSERT INTO UNIFORMES.TASKUSXKIT (FISKU, FIKIT)
VALUES (1002758, 5);
INSERT INTO UNIFORMES.TASKUSXKIT (FISKU, FIKIT)
VALUES (1002759, 5);
INSERT INTO UNIFORMES.TASKUSXKIT (FISKU, FIKIT)
VALUES (1002760, 5);
INSERT INTO UNIFORMES.TASKUSXKIT (FISKU, FIKIT)
VALUES (1002775, 5);
INSERT INTO UNIFORMES.TASKUSXKIT (FISKU, FIKIT)
VALUES (1002776, 5);
INSERT INTO UNIFORMES.TASKUSXKIT (FISKU, FIKIT)
VALUES (1002777, 5);
INSERT INTO UNIFORMES.TASKUSXKIT (FISKU, FIKIT)
VALUES (1002778, 5);
INSERT INTO UNIFORMES.TASKUSXKIT (FISKU, FIKIT)
VALUES (1002785, 5);
INSERT INTO UNIFORMES.TASKUSXKIT (FISKU, FIKIT)
VALUES (1002786, 5);
INSERT INTO UNIFORMES.TASKUSXKIT (FISKU, FIKIT)
VALUES (1002787, 5);
INSERT INTO UNIFORMES.TASKUSXKIT (FISKU, FIKIT)
VALUES (1002791, 5);
INSERT INTO UNIFORMES.TASKUSXKIT (FISKU, FIKIT)
VALUES (1002792, 5);
INSERT INTO UNIFORMES.TASKUSXKIT (FISKU, FIKIT)
VALUES (1002793, 5);
INSERT INTO UNIFORMES.TASKUSXKIT (FISKU, FIKIT)
VALUES (1002794, 5);
INSERT INTO UNIFORMES.TASKUSXKIT (FISKU, FIKIT)
VALUES (1002795, 5);
INSERT INTO UNIFORMES.TASKUSXKIT (FISKU, FIKIT)
VALUES (1002796, 5);
INSERT INTO UNIFORMES.TASKUSXKIT (FISKU, FIKIT)
VALUES (1003293, 5);
INSERT INTO UNIFORMES.TASKUSXKIT (FISKU, FIKIT)
VALUES (1003333, 5);
INSERT INTO UNIFORMES.TASKUSXKIT (FISKU, FIKIT)
VALUES (1003337, 5);
INSERT INTO UNIFORMES.TASKUSXKIT (FISKU, FIKIT)
VALUES (1003344, 5);
INSERT INTO UNIFORMES.TASKUSXKIT (FISKU, FIKIT)
VALUES (1005560, 5);
INSERT INTO UNIFORMES.TASKUSXKIT (FISKU, FIKIT)
VALUES (1006765, 5);
INSERT INTO UNIFORMES.TASKUSXKIT (FISKU, FIKIT)
VALUES (1006766, 5);
INSERT INTO UNIFORMES.TASKUSXKIT (FISKU, FIKIT)
VALUES (1006767, 5);
INSERT INTO UNIFORMES.TASKUSXKIT (FISKU, FIKIT)
VALUES (1006768, 5);
INSERT INTO UNIFORMES.TASKUSXKIT (FISKU, FIKIT)
VALUES (1006769, 5);
INSERT INTO UNIFORMES.TASKUSXKIT (FISKU, FIKIT)
VALUES (1006770, 5);
INSERT INTO UNIFORMES.TASKUSXKIT (FISKU, FIKIT)
VALUES (1006771, 5);
INSERT INTO UNIFORMES.TASKUSXKIT (FISKU, FIKIT)
VALUES (1006772, 5);
INSERT INTO UNIFORMES.TASKUSXKIT (FISKU, FIKIT)
VALUES (1006773, 5);
INSERT INTO UNIFORMES.TASKUSXKIT (FISKU, FIKIT)
VALUES (1006774, 5);
INSERT INTO UNIFORMES.TASKUSXKIT (FISKU, FIKIT)
VALUES (1006775, 5);
INSERT INTO UNIFORMES.TASKUSXKIT (FISKU, FIKIT)
VALUES (1006776, 5);
INSERT INTO UNIFORMES.TASKUSXKIT (FISKU, FIKIT)
VALUES (1006777, 5);
INSERT INTO UNIFORMES.TASKUSXKIT (FISKU, FIKIT)
VALUES (1006778, 5);
INSERT INTO UNIFORMES.TASKUSXKIT (FISKU, FIKIT)
VALUES (1006779, 5);
INSERT INTO UNIFORMES.TASKUSXKIT (FISKU, FIKIT)
VALUES (1006780, 5);
INSERT INTO UNIFORMES.TASKUSXKIT (FISKU, FIKIT)
VALUES (1006781, 5);
INSERT INTO UNIFORMES.TASKUSXKIT (FISKU, FIKIT)
VALUES (1006782, 5);
INSERT INTO UNIFORMES.TASKUSXKIT (FISKU, FIKIT)
VALUES (1006783, 5);
INSERT INTO UNIFORMES.TASKUSXKIT (FISKU, FIKIT)
VALUES (1006784, 5);
INSERT INTO UNIFORMES.TASKUSXKIT (FISKU, FIKIT)
VALUES (1006785, 5);
INSERT INTO UNIFORMES.TASKUSXKIT (FISKU, FIKIT)
VALUES (1006786, 5);
INSERT INTO UNIFORMES.TASKUSXKIT (FISKU, FIKIT)
VALUES (1006787, 5);
INSERT INTO UNIFORMES.TASKUSXKIT (FISKU, FIKIT)
VALUES (1006788, 5);
INSERT INTO UNIFORMES.TASKUSXKIT (FISKU, FIKIT)
VALUES (1006789, 5);
INSERT INTO UNIFORMES.TASKUSXKIT (FISKU, FIKIT)
VALUES (1006790, 5);
INSERT INTO UNIFORMES.TASKUSXKIT (FISKU, FIKIT)
VALUES (1006791, 5);
INSERT INTO UNIFORMES.TASKUSXKIT (FISKU, FIKIT)
VALUES (1006792, 5);
INSERT INTO UNIFORMES.TASKUSXKIT (FISKU, FIKIT)
VALUES (1006793, 5);
INSERT INTO UNIFORMES.TASKUSXKIT (FISKU, FIKIT)
VALUES (1006794, 5);
INSERT INTO UNIFORMES.TASKUSXKIT (FISKU, FIKIT)
VALUES (1006795, 5);
INSERT INTO UNIFORMES.TASKUSXKIT (FISKU, FIKIT)
VALUES (1006796, 5);
-- PP
INSERT INTO UNIFORMES.TASKUSXKIT (FISKU, FIKIT)
VALUES (1002750, 6);
INSERT INTO UNIFORMES.TASKUSXKIT (FISKU, FIKIT)
VALUES (1002755, 6);
INSERT INTO UNIFORMES.TASKUSXKIT (FISKU, FIKIT)
VALUES (1002756, 6);
INSERT INTO UNIFORMES.TASKUSXKIT (FISKU, FIKIT)
VALUES (1002757, 6);
INSERT INTO UNIFORMES.TASKUSXKIT (FISKU, FIKIT)
VALUES (1002758, 6);
INSERT INTO UNIFORMES.TASKUSXKIT (FISKU, FIKIT)
VALUES (1002759, 6);
INSERT INTO UNIFORMES.TASKUSXKIT (FISKU, FIKIT)
VALUES (1002760, 6);
INSERT INTO UNIFORMES.TASKUSXKIT (FISKU, FIKIT)
VALUES (1002775, 6);
INSERT INTO UNIFORMES.TASKUSXKIT (FISKU, FIKIT)
VALUES (1002776, 6);
INSERT INTO UNIFORMES.TASKUSXKIT (FISKU, FIKIT)
VALUES (1002777, 6);
INSERT INTO UNIFORMES.TASKUSXKIT (FISKU, FIKIT)
VALUES (1002778, 6);
INSERT INTO UNIFORMES.TASKUSXKIT (FISKU, FIKIT)
VALUES (1002785, 6);
INSERT INTO UNIFORMES.TASKUSXKIT (FISKU, FIKIT)
VALUES (1002786, 6);
INSERT INTO UNIFORMES.TASKUSXKIT (FISKU, FIKIT)
VALUES (1002787, 6);
INSERT INTO UNIFORMES.TASKUSXKIT (FISKU, FIKIT)
VALUES (1002791, 6);
INSERT INTO UNIFORMES.TASKUSXKIT (FISKU, FIKIT)
VALUES (1002792, 6);
INSERT INTO UNIFORMES.TASKUSXKIT (FISKU, FIKIT)
VALUES (1002793, 6);
INSERT INTO UNIFORMES.TASKUSXKIT (FISKU, FIKIT)
VALUES (1002794, 6);
INSERT INTO UNIFORMES.TASKUSXKIT (FISKU, FIKIT)
VALUES (1002795, 6);
INSERT INTO UNIFORMES.TASKUSXKIT (FISKU, FIKIT)
VALUES (1002796, 6);
INSERT INTO UNIFORMES.TASKUSXKIT (FISKU, FIKIT)
VALUES (1003293, 6);
INSERT INTO UNIFORMES.TASKUSXKIT (FISKU, FIKIT)
VALUES (1003333, 6);
INSERT INTO UNIFORMES.TASKUSXKIT (FISKU, FIKIT)
VALUES (1003337, 6);
INSERT INTO UNIFORMES.TASKUSXKIT (FISKU, FIKIT)
VALUES (1003344, 6);
INSERT INTO UNIFORMES.TASKUSXKIT (FISKU, FIKIT)
VALUES (1005560, 6);
INSERT INTO UNIFORMES.TASKUSXKIT (FISKU, FIKIT)
VALUES (1006765, 6);
INSERT INTO UNIFORMES.TASKUSXKIT (FISKU, FIKIT)
VALUES (1006766, 6);
INSERT INTO UNIFORMES.TASKUSXKIT (FISKU, FIKIT)
VALUES (1006767, 6);
INSERT INTO UNIFORMES.TASKUSXKIT (FISKU, FIKIT)
VALUES (1006768, 6);
INSERT INTO UNIFORMES.TASKUSXKIT (FISKU, FIKIT)
VALUES (1006769, 6);
INSERT INTO UNIFORMES.TASKUSXKIT (FISKU, FIKIT)
VALUES (1006770, 6);
INSERT INTO UNIFORMES.TASKUSXKIT (FISKU, FIKIT)
VALUES (1006771, 6);
INSERT INTO UNIFORMES.TASKUSXKIT (FISKU, FIKIT)
VALUES (1006772, 6);
INSERT INTO UNIFORMES.TASKUSXKIT (FISKU, FIKIT)
VALUES (1006773, 6);
INSERT INTO UNIFORMES.TASKUSXKIT (FISKU, FIKIT)
VALUES (1006774, 6);
INSERT INTO UNIFORMES.TASKUSXKIT (FISKU, FIKIT)
VALUES (1006775, 6);
INSERT INTO UNIFORMES.TASKUSXKIT (FISKU, FIKIT)
VALUES (1006776, 6);
INSERT INTO UNIFORMES.TASKUSXKIT (FISKU, FIKIT)
VALUES (1006777, 6);
INSERT INTO UNIFORMES.TASKUSXKIT (FISKU, FIKIT)
VALUES (1006778, 6);
INSERT INTO UNIFORMES.TASKUSXKIT (FISKU, FIKIT)
VALUES (1006779, 6);
INSERT INTO UNIFORMES.TASKUSXKIT (FISKU, FIKIT)
VALUES (1006780, 6);
INSERT INTO UNIFORMES.TASKUSXKIT (FISKU, FIKIT)
VALUES (1006781, 6);
INSERT INTO UNIFORMES.TASKUSXKIT (FISKU, FIKIT)
VALUES (1006782, 6);
INSERT INTO UNIFORMES.TASKUSXKIT (FISKU, FIKIT)
VALUES (1006783, 6);
INSERT INTO UNIFORMES.TASKUSXKIT (FISKU, FIKIT)
VALUES (1006784, 6);
INSERT INTO UNIFORMES.TASKUSXKIT (FISKU, FIKIT)
VALUES (1006785, 6);
INSERT INTO UNIFORMES.TASKUSXKIT (FISKU, FIKIT)
VALUES (1006786, 6);
INSERT INTO UNIFORMES.TASKUSXKIT (FISKU, FIKIT)
VALUES (1006787, 6);
INSERT INTO UNIFORMES.TASKUSXKIT (FISKU, FIKIT)
VALUES (1006788, 6);
INSERT INTO UNIFORMES.TASKUSXKIT (FISKU, FIKIT)
VALUES (1006789, 6);
INSERT INTO UNIFORMES.TASKUSXKIT (FISKU, FIKIT)
VALUES (1006790, 6);
INSERT INTO UNIFORMES.TASKUSXKIT (FISKU, FIKIT)
VALUES (1006791, 6);
INSERT INTO UNIFORMES.TASKUSXKIT (FISKU, FIKIT)
VALUES (1006792, 6);
INSERT INTO UNIFORMES.TASKUSXKIT (FISKU, FIKIT)
VALUES (1006793, 6);
INSERT INTO UNIFORMES.TASKUSXKIT (FISKU, FIKIT)
VALUES (1006794, 6);
INSERT INTO UNIFORMES.TASKUSXKIT (FISKU, FIKIT)
VALUES (1006795, 6);
INSERT INTO UNIFORMES.TASKUSXKIT (FISKU, FIKIT)
VALUES (1006796, 6);

--TAFUNCIONESXNEGOCIO
INSERT INTO UNIFORMES.TAFUNCIONESXNEGOCIO (FIIDNEGOCIO, FIFUNCIONSAP, FIKIT, FCDESCFUNCION, FISOLICITUDPLANTILLA, FICANAL)
VALUES (1, 8065, 1, 'GERENTE TIENDA VOLANTE', 0, 1);
INSERT INTO UNIFORMES.TAFUNCIONESXNEGOCIO (FIIDNEGOCIO, FIFUNCIONSAP, FIKIT, FCDESCFUNCION, FISOLICITUDPLANTILLA, FICANAL)
VALUES (1, 8034, 1, 'SUBGERENTE DE TIENDA', 0, 1);
INSERT INTO UNIFORMES.TAFUNCIONESXNEGOCIO (FIIDNEGOCIO, FIFUNCIONSAP, FIKIT, FCDESCFUNCION, FISOLICITUDPLANTILLA, FICANAL)
VALUES (1, 8035, 1, 'GERENTE DE TIENDA', 1, 1);
INSERT INTO UNIFORMES.TAFUNCIONESXNEGOCIO (FIIDNEGOCIO, FIFUNCIONSAP, FIKIT, FCDESCFUNCION, FISOLICITUDPLANTILLA, FICANAL)
VALUES (1, 8067, 1, 'SOCIO VENDEDOR', 0, 1);
INSERT INTO UNIFORMES.TAFUNCIONESXNEGOCIO (FIIDNEGOCIO, FIFUNCIONSAP, FIKIT, FCDESCFUNCION, FISOLICITUDPLANTILLA, FICANAL)
VALUES (1, 8068, 1, 'SOCIO VENDEDOR EN TIENDA ESCUELA', 0, 1);
INSERT INTO UNIFORMES.TAFUNCIONESXNEGOCIO (FIIDNEGOCIO, FIFUNCIONSAP, FIKIT, FCDESCFUNCION, FISOLICITUDPLANTILLA, FICANAL)
VALUES (1, 8069, 1, 'SOCIO VENDEDOR EN CERTIFICACION', 0, 1);
INSERT INTO UNIFORMES.TAFUNCIONESXNEGOCIO (FIIDNEGOCIO, FIFUNCIONSAP, FIKIT, FCDESCFUNCION, FISOLICITUDPLANTILLA, FICANAL)
VALUES (1, 8030, 1, 'GENERALISTA RH', 0, 1);

INSERT INTO UNIFORMES.TAFUNCIONESXNEGOCIO (FIIDNEGOCIO, FIFUNCIONSAP, FIKIT, FCDESCFUNCION, FISOLICITUDPLANTILLA, FICANAL)
VALUES (2, 8065, 1, 'GERENTE TIENDA VOLANTE', 1, 3);
INSERT INTO UNIFORMES.TAFUNCIONESXNEGOCIO (FIIDNEGOCIO, FIFUNCIONSAP, FIKIT, FCDESCFUNCION, FISOLICITUDPLANTILLA, FICANAL)
VALUES (2, 8034, 2, 'SUBGERENTE DE TIENDA', 0, 3);
INSERT INTO UNIFORMES.TAFUNCIONESXNEGOCIO (FIIDNEGOCIO, FIFUNCIONSAP, FIKIT, FCDESCFUNCION, FISOLICITUDPLANTILLA, FICANAL)
VALUES (2, 8035, 2, 'GERENTE DE TIENDA', 1, 3);
INSERT INTO UNIFORMES.TAFUNCIONESXNEGOCIO (FIIDNEGOCIO, FIFUNCIONSAP, FIKIT, FCDESCFUNCION, FISOLICITUDPLANTILLA, FICANAL)
VALUES (2, 8067, 2, 'SOCIO VENDEDOR', 0, 3);
INSERT INTO UNIFORMES.TAFUNCIONESXNEGOCIO (FIIDNEGOCIO, FIFUNCIONSAP, FIKIT, FCDESCFUNCION, FISOLICITUDPLANTILLA, FICANAL)
VALUES (2, 8068, 2, 'SOCIO VENDEDOR EN TIENDA ESCUELA', 0, 3);
INSERT INTO UNIFORMES.TAFUNCIONESXNEGOCIO (FIIDNEGOCIO, FIFUNCIONSAP, FIKIT, FCDESCFUNCION, FISOLICITUDPLANTILLA, FICANAL)
VALUES (2, 8069, 2, 'SOCIO VENDEDOR EN CERTIFICACION', 0, 3);
INSERT INTO UNIFORMES.TAFUNCIONESXNEGOCIO (FIIDNEGOCIO, FIFUNCIONSAP, FIKIT, FCDESCFUNCION, FISOLICITUDPLANTILLA, FICANAL)
VALUES (3, 8662, 1, 'SOCIO VENDEDOR EN CERTIFICACION BDR', 0, 2);
INSERT INTO UNIFORMES.TAFUNCIONESXNEGOCIO (FIIDNEGOCIO, FIFUNCIONSAP, FIKIT, FCDESCFUNCION, FISOLICITUDPLANTILLA, FICANAL)
VALUES (3, 8660, 1, 'SOCIO VENDEDOR BDR', 0, 2);
INSERT INTO UNIFORMES.TAFUNCIONESXNEGOCIO (FIIDNEGOCIO, FIFUNCIONSAP, FIKIT, FCDESCFUNCION, FISOLICITUDPLANTILLA, FICANAL)
VALUES (3, 8658, 1, 'GERENTE DE TIENDA BDR', 1, 2);
INSERT INTO UNIFORMES.TAFUNCIONESXNEGOCIO (FIIDNEGOCIO, FIFUNCIONSAP, FIKIT, FCDESCFUNCION, FISOLICITUDPLANTILLA, FICANAL)
VALUES (3, 8659, 1, 'SUBGERENTE DE TIENDA BDR', 1, 2);
INSERT INTO UNIFORMES.TAFUNCIONESXNEGOCIO (FIIDNEGOCIO, FIFUNCIONSAP, FIKIT, FCDESCFUNCION, FISOLICITUDPLANTILLA, FICANAL)
VALUES (4, 8069, 1, 'SOCIO VENDEDOR EN CERTIFICACION', 0, 125);
INSERT INTO UNIFORMES.TAFUNCIONESXNEGOCIO (FIIDNEGOCIO, FIFUNCIONSAP, FIKIT, FCDESCFUNCION, FISOLICITUDPLANTILLA, FICANAL)
VALUES (4, 8068, 1, 'SOCIO VENDEDOR EN TIENDA ESCUELA', 0, 125);
INSERT INTO UNIFORMES.TAFUNCIONESXNEGOCIO (FIIDNEGOCIO, FIFUNCIONSAP, FIKIT, FCDESCFUNCION, FISOLICITUDPLANTILLA, FICANAL)
VALUES (4, 8067, 1, 'SOCIO VENDEDOR', 0, 125);
INSERT INTO UNIFORMES.TAFUNCIONESXNEGOCIO (FIIDNEGOCIO, FIFUNCIONSAP, FIKIT, FCDESCFUNCION, FISOLICITUDPLANTILLA, FICANAL)
VALUES (4, 8065, 1, 'GERENTE TIENDA VOLANTE', 1, 125);
INSERT INTO UNIFORMES.TAFUNCIONESXNEGOCIO (FIIDNEGOCIO, FIFUNCIONSAP, FIKIT, FCDESCFUNCION, FISOLICITUDPLANTILLA, FICANAL)
VALUES (4, 8035, 1, 'GERENTE DE TIENDA', 1, 125);
INSERT INTO UNIFORMES.TAFUNCIONESXNEGOCIO (FIIDNEGOCIO, FIFUNCIONSAP, FIKIT, FCDESCFUNCION, FISOLICITUDPLANTILLA, FICANAL)
VALUES (4, 8034, 1, 'SUBGERENTE DE TIENDA', 1, 125);
INSERT INTO UNIFORMES.TAFUNCIONESXNEGOCIO (FIIDNEGOCIO, FIFUNCIONSAP, FIKIT, FCDESCFUNCION, FISOLICITUDPLANTILLA, FICANAL)
VALUES (5, 8069, 1, 'SOCIO VENDEDOR EN CERTIFICACION', 0, 71);
INSERT INTO UNIFORMES.TAFUNCIONESXNEGOCIO (FIIDNEGOCIO, FIFUNCIONSAP, FIKIT, FCDESCFUNCION, FISOLICITUDPLANTILLA, FICANAL)
VALUES (5, 8065, 1, 'GERENTE TIENDA VOLANTE', 1, 71);
INSERT INTO UNIFORMES.TAFUNCIONESXNEGOCIO (FIIDNEGOCIO, FIFUNCIONSAP, FIKIT, FCDESCFUNCION, FISOLICITUDPLANTILLA, FICANAL)
VALUES (5, 8034, 1, 'SUBGERENTE DE TIENDA', 1, 71);
INSERT INTO UNIFORMES.TAFUNCIONESXNEGOCIO (FIIDNEGOCIO, FIFUNCIONSAP, FIKIT, FCDESCFUNCION, FISOLICITUDPLANTILLA, FICANAL)
VALUES (5, 8035, 1, 'GERENTE DE TIENDA', 1, 71);
INSERT INTO UNIFORMES.TAFUNCIONESXNEGOCIO (FIIDNEGOCIO, FIFUNCIONSAP, FIKIT, FCDESCFUNCION, FISOLICITUDPLANTILLA, FICANAL)
VALUES (5, 8067, 1, 'SOCIO VENDEDOR', 0, 71);
INSERT INTO UNIFORMES.TAFUNCIONESXNEGOCIO (FIIDNEGOCIO, FIFUNCIONSAP, FIKIT, FCDESCFUNCION, FISOLICITUDPLANTILLA, FICANAL)
VALUES (5, 8068, 1, 'SOCIO VENDEDOR EN TIENDA ESCUELA', 0, 71);
INSERT INTO UNIFORMES.TAFUNCIONESXNEGOCIO (FIIDNEGOCIO, FIFUNCIONSAP, FIKIT, FCDESCFUNCION, FISOLICITUDPLANTILLA, FICANAL)
VALUES (6, 8069, 1, 'SOCIO VENDEDOR EN CERTIFICACION', 0, 90);
INSERT INTO UNIFORMES.TAFUNCIONESXNEGOCIO (FIIDNEGOCIO, FIFUNCIONSAP, FIKIT, FCDESCFUNCION, FISOLICITUDPLANTILLA, FICANAL)
VALUES (6, 8065, 1, 'GERENTE TIENDA VOLANTE', 1, 90);
INSERT INTO UNIFORMES.TAFUNCIONESXNEGOCIO (FIIDNEGOCIO, FIFUNCIONSAP, FIKIT, FCDESCFUNCION, FISOLICITUDPLANTILLA, FICANAL)
VALUES (6, 8034, 1, 'SUBGERENTE DE TIENDA', 1, 90);
INSERT INTO UNIFORMES.TAFUNCIONESXNEGOCIO (FIIDNEGOCIO, FIFUNCIONSAP, FIKIT, FCDESCFUNCION, FISOLICITUDPLANTILLA, FICANAL)
VALUES (6, 8068, 1, 'SOCIO VENDEDOR EN TIENDA ESCUELA', 0, 90);
INSERT INTO UNIFORMES.TAFUNCIONESXNEGOCIO (FIIDNEGOCIO, FIFUNCIONSAP, FIKIT, FCDESCFUNCION, FISOLICITUDPLANTILLA, FICANAL)
VALUES (6, 8035, 1, 'GERENTE DE TIENDA', 1, 90);
INSERT INTO UNIFORMES.TAFUNCIONESXNEGOCIO (FIIDNEGOCIO, FIFUNCIONSAP, FIKIT, FCDESCFUNCION, FISOLICITUDPLANTILLA, FICANAL)
VALUES (6, 8067, 1, 'SOCIO VENDEDOR', 0, 90);

--TAEQUIVALENCIACANALES
INSERT INTO UNIFORMES.TAEQUIVALENCIACANALES (FICANALCECO, FICANAL, FCDESCRIPCION)
VALUES (1, 1, 'EKT');
INSERT INTO UNIFORMES.TAEQUIVALENCIACANALES (FICANALCECO, FICANAL, FCDESCRIPCION)
VALUES (2, 3, 'BDR');
INSERT INTO UNIFORMES.TAEQUIVALENCIACANALES (FICANALCECO, FICANAL, FCDESCRIPCION)
VALUES (3, 9, 'SYR');
INSERT INTO UNIFORMES.TAEQUIVALENCIACANALES (FICANALCECO, FICANAL, FCDESCRIPCION)
VALUES (71, 1, 'DAZ');
INSERT INTO UNIFORMES.TAEQUIVALENCIACANALES (FICANALCECO, FICANAL, FCDESCRIPCION)
VALUES (90, 1, 'PRESTA PRENDA');
INSERT INTO UNIFORMES.TAEQUIVALENCIACANALES (FICANALCECO, FICANAL, FCDESCRIPCION)
VALUES (125, 1, 'EKTR');

--TAMENUS
INSERT INTO UNIFORMES.TAMENUS (FIIDMENU, FCTITULO, FCDESCMENU, FCRUTAENLACE, FIAPLICACARGA, FIBLOQUEADOCARGA)
VALUES (1, 'Solicitud Semestral', 'Realiza la solicitud de los uniformes de tu plantilla', '/solicita_uniforme/tipo/1', 1, 0);
INSERT INTO UNIFORMES.TAMENUS (FIIDMENU, FCTITULO, FCDESCMENU, FCRUTAENLACE, FIAPLICACARGA, FIBLOQUEADOCARGA)
VALUES (2, 'Solicitud Semestral Individual', 'Realiza una nueva solicitud de tu uniforme', '/solicita_uniforme/tipo/4', 1, 0);
INSERT INTO UNIFORMES.TAMENUS (FIIDMENU, FCTITULO, FCDESCMENU, FCRUTAENLACE, FIAPLICACARGA, FIBLOQUEADOCARGA)
VALUES (3, 'Solicitud Voluntaria', 'Realiza una nueva solicitud de tu uniforme', '/solicita_uniforme/tipo/2', 0, 1);
INSERT INTO UNIFORMES.TAMENUS (FIIDMENU, FCTITULO, FCDESCMENU, FCRUTAENLACE, FIAPLICACARGA, FIBLOQUEADOCARGA)
VALUES (4, 'Solicitud Nuevo Ingreso', 'Realiza la solicitud de los empleados de nuevo ingreso', '/solicita_uniforme/tipo/3', 0, 0);
INSERT INTO UNIFORMES.TAMENUS (FIIDMENU, FCTITULO, FCDESCMENU, FCRUTAENLACE, FIAPLICACARGA, FIBLOQUEADOCARGA)
VALUES (5, 'Estatus de mi Uniforme', 'Consulta la ubicación y el estado de tu uniforme', '/estatus_uniforme', 0, 0);
INSERT INTO UNIFORMES.TAMENUS (FIIDMENU, FCTITULO, FCDESCMENU, FCRUTAENLACE, FIAPLICACARGA, FIBLOQUEADOCARGA)
VALUES (6, 'Uniforme Descuentos', 'Consulta los descuentos de tus solicitudes', '/uniforme_descuento', 0, 0);
INSERT INTO UNIFORMES.TAMENUS (FIIDMENU, FCTITULO, FCDESCMENU, FCRUTAENLACE, FIAPLICACARGA, FIBLOQUEADOCARGA)
VALUES (7, 'Entrega de Uniformes', 'Realiza la entrega de uniformes', '/entrega_uniforme', 0, 0);

--TAMENUSFUNCIONESXNEGOCIO
INSERT INTO UNIFORMES.TAMENUSFUNCIONESXNEGOCIO (FIIDMENU, FIIDNEGOCIO, FIFUNCIONSAP)
VALUES (4, 1, 8030);

INSERT INTO UNIFORMES.TAMENUSFUNCIONESXNEGOCIO (FIIDMENU, FIIDNEGOCIO, FIFUNCIONSAP)
VALUES (1, 1, 8035);
INSERT INTO UNIFORMES.TAMENUSFUNCIONESXNEGOCIO (FIIDMENU, FIIDNEGOCIO, FIFUNCIONSAP)
VALUES (2, 1, 8035);
INSERT INTO UNIFORMES.TAMENUSFUNCIONESXNEGOCIO (FIIDMENU, FIIDNEGOCIO, FIFUNCIONSAP)
VALUES (3, 1, 8035);
INSERT INTO UNIFORMES.TAMENUSFUNCIONESXNEGOCIO (FIIDMENU, FIIDNEGOCIO, FIFUNCIONSAP)
VALUES (4, 1, 8035);
INSERT INTO UNIFORMES.TAMENUSFUNCIONESXNEGOCIO (FIIDMENU, FIIDNEGOCIO, FIFUNCIONSAP)
VALUES (5, 1, 8035);
INSERT INTO UNIFORMES.TAMENUSFUNCIONESXNEGOCIO (FIIDMENU, FIIDNEGOCIO, FIFUNCIONSAP)
VALUES (6, 1, 8035);
INSERT INTO UNIFORMES.TAMENUSFUNCIONESXNEGOCIO (FIIDMENU, FIIDNEGOCIO, FIFUNCIONSAP)
VALUES (7, 1, 8035);

INSERT INTO UNIFORMES.TAMENUSFUNCIONESXNEGOCIO (FIIDMENU, FIIDNEGOCIO, FIFUNCIONSAP)
VALUES (1, 1, 8065);
INSERT INTO UNIFORMES.TAMENUSFUNCIONESXNEGOCIO (FIIDMENU, FIIDNEGOCIO, FIFUNCIONSAP)
VALUES (2, 1, 8065);
INSERT INTO UNIFORMES.TAMENUSFUNCIONESXNEGOCIO (FIIDMENU, FIIDNEGOCIO, FIFUNCIONSAP)
VALUES (3, 1, 8065);
INSERT INTO UNIFORMES.TAMENUSFUNCIONESXNEGOCIO (FIIDMENU, FIIDNEGOCIO, FIFUNCIONSAP)
VALUES (4, 1, 8065);
INSERT INTO UNIFORMES.TAMENUSFUNCIONESXNEGOCIO (FIIDMENU, FIIDNEGOCIO, FIFUNCIONSAP)
VALUES (5, 1, 8065);
INSERT INTO UNIFORMES.TAMENUSFUNCIONESXNEGOCIO (FIIDMENU, FIIDNEGOCIO, FIFUNCIONSAP)
VALUES (6, 1, 8065);
INSERT INTO UNIFORMES.TAMENUSFUNCIONESXNEGOCIO (FIIDMENU, FIIDNEGOCIO, FIFUNCIONSAP)
VALUES (7, 1, 8065);

INSERT INTO UNIFORMES.TAMENUSFUNCIONESXNEGOCIO (FIIDMENU, FIIDNEGOCIO, FIFUNCIONSAP)
VALUES (1, 1, 8034);
INSERT INTO UNIFORMES.TAMENUSFUNCIONESXNEGOCIO (FIIDMENU, FIIDNEGOCIO, FIFUNCIONSAP)
VALUES (2, 1, 8034);
INSERT INTO UNIFORMES.TAMENUSFUNCIONESXNEGOCIO (FIIDMENU, FIIDNEGOCIO, FIFUNCIONSAP)
VALUES (3, 1, 8034);
INSERT INTO UNIFORMES.TAMENUSFUNCIONESXNEGOCIO (FIIDMENU, FIIDNEGOCIO, FIFUNCIONSAP)
VALUES (4, 1, 8034);
INSERT INTO UNIFORMES.TAMENUSFUNCIONESXNEGOCIO (FIIDMENU, FIIDNEGOCIO, FIFUNCIONSAP)
VALUES (5, 1, 8034);
INSERT INTO UNIFORMES.TAMENUSFUNCIONESXNEGOCIO (FIIDMENU, FIIDNEGOCIO, FIFUNCIONSAP)
VALUES (6, 1, 8034);
INSERT INTO UNIFORMES.TAMENUSFUNCIONESXNEGOCIO (FIIDMENU, FIIDNEGOCIO, FIFUNCIONSAP)
VALUES (7, 1, 8034);

INSERT INTO UNIFORMES.TAMENUSFUNCIONESXNEGOCIO (FIIDMENU, FIIDNEGOCIO, FIFUNCIONSAP)
VALUES (2, 1, 8067);
INSERT INTO UNIFORMES.TAMENUSFUNCIONESXNEGOCIO (FIIDMENU, FIIDNEGOCIO, FIFUNCIONSAP)
VALUES (3, 1, 8067);
INSERT INTO UNIFORMES.TAMENUSFUNCIONESXNEGOCIO (FIIDMENU, FIIDNEGOCIO, FIFUNCIONSAP)
VALUES (5, 1, 8067);
INSERT INTO UNIFORMES.TAMENUSFUNCIONESXNEGOCIO (FIIDMENU, FIIDNEGOCIO, FIFUNCIONSAP)
VALUES (6, 1, 8067);

INSERT INTO UNIFORMES.TAMENUSFUNCIONESXNEGOCIO (FIIDMENU, FIIDNEGOCIO, FIFUNCIONSAP)
VALUES (2, 1, 8068);
INSERT INTO UNIFORMES.TAMENUSFUNCIONESXNEGOCIO (FIIDMENU, FIIDNEGOCIO, FIFUNCIONSAP)
VALUES (3, 1, 8068);
INSERT INTO UNIFORMES.TAMENUSFUNCIONESXNEGOCIO (FIIDMENU, FIIDNEGOCIO, FIFUNCIONSAP)
VALUES (5, 1, 8068);
INSERT INTO UNIFORMES.TAMENUSFUNCIONESXNEGOCIO (FIIDMENU, FIIDNEGOCIO, FIFUNCIONSAP)
VALUES (6, 1, 8068);

INSERT INTO UNIFORMES.TAMENUSFUNCIONESXNEGOCIO (FIIDMENU, FIIDNEGOCIO, FIFUNCIONSAP)
VALUES (2, 1, 8069);
INSERT INTO UNIFORMES.TAMENUSFUNCIONESXNEGOCIO (FIIDMENU, FIIDNEGOCIO, FIFUNCIONSAP)
VALUES (3, 1, 8069);
INSERT INTO UNIFORMES.TAMENUSFUNCIONESXNEGOCIO (FIIDMENU, FIIDNEGOCIO, FIFUNCIONSAP)
VALUES (5, 1, 8069);
INSERT INTO UNIFORMES.TAMENUSFUNCIONESXNEGOCIO (FIIDMENU, FIIDNEGOCIO, FIFUNCIONSAP)
VALUES (6, 1, 8069);

INSERT INTO UNIFORMES.TAMENUSFUNCIONESXNEGOCIO (FIIDMENU, FIIDNEGOCIO, FIFUNCIONSAP)
VALUES (1, 2, 8034);
INSERT INTO UNIFORMES.TAMENUSFUNCIONESXNEGOCIO (FIIDMENU, FIIDNEGOCIO, FIFUNCIONSAP)
VALUES (2, 2, 8034);
INSERT INTO UNIFORMES.TAMENUSFUNCIONESXNEGOCIO (FIIDMENU, FIIDNEGOCIO, FIFUNCIONSAP)
VALUES (3, 2, 8034);
INSERT INTO UNIFORMES.TAMENUSFUNCIONESXNEGOCIO (FIIDMENU, FIIDNEGOCIO, FIFUNCIONSAP)
VALUES (4, 2, 8034);
INSERT INTO UNIFORMES.TAMENUSFUNCIONESXNEGOCIO (FIIDMENU, FIIDNEGOCIO, FIFUNCIONSAP)
VALUES (5, 2, 8034);
INSERT INTO UNIFORMES.TAMENUSFUNCIONESXNEGOCIO (FIIDMENU, FIIDNEGOCIO, FIFUNCIONSAP)
VALUES (6, 2, 8034);
INSERT INTO UNIFORMES.TAMENUSFUNCIONESXNEGOCIO (FIIDMENU, FIIDNEGOCIO, FIFUNCIONSAP)
VALUES (7, 2, 8034);
INSERT INTO UNIFORMES.TAMENUSFUNCIONESXNEGOCIO (FIIDMENU, FIIDNEGOCIO, FIFUNCIONSAP)
VALUES (1, 2, 8035);
INSERT INTO UNIFORMES.TAMENUSFUNCIONESXNEGOCIO (FIIDMENU, FIIDNEGOCIO, FIFUNCIONSAP)
VALUES (2, 2, 8035);
INSERT INTO UNIFORMES.TAMENUSFUNCIONESXNEGOCIO (FIIDMENU, FIIDNEGOCIO, FIFUNCIONSAP)
VALUES (3, 2, 8035);
INSERT INTO UNIFORMES.TAMENUSFUNCIONESXNEGOCIO (FIIDMENU, FIIDNEGOCIO, FIFUNCIONSAP)
VALUES (4, 2, 8035);
INSERT INTO UNIFORMES.TAMENUSFUNCIONESXNEGOCIO (FIIDMENU, FIIDNEGOCIO, FIFUNCIONSAP)
VALUES (5, 2, 8035);
INSERT INTO UNIFORMES.TAMENUSFUNCIONESXNEGOCIO (FIIDMENU, FIIDNEGOCIO, FIFUNCIONSAP)
VALUES (6, 2, 8035);
INSERT INTO UNIFORMES.TAMENUSFUNCIONESXNEGOCIO (FIIDMENU, FIIDNEGOCIO, FIFUNCIONSAP)
VALUES (7, 2, 8035);
INSERT INTO UNIFORMES.TAMENUSFUNCIONESXNEGOCIO (FIIDMENU, FIIDNEGOCIO, FIFUNCIONSAP)
VALUES (1, 2, 8065);
INSERT INTO UNIFORMES.TAMENUSFUNCIONESXNEGOCIO (FIIDMENU, FIIDNEGOCIO, FIFUNCIONSAP)
VALUES (2, 2, 8065);
INSERT INTO UNIFORMES.TAMENUSFUNCIONESXNEGOCIO (FIIDMENU, FIIDNEGOCIO, FIFUNCIONSAP)
VALUES (3, 2, 8065);
INSERT INTO UNIFORMES.TAMENUSFUNCIONESXNEGOCIO (FIIDMENU, FIIDNEGOCIO, FIFUNCIONSAP)
VALUES (4, 2, 8065);
INSERT INTO UNIFORMES.TAMENUSFUNCIONESXNEGOCIO (FIIDMENU, FIIDNEGOCIO, FIFUNCIONSAP)
VALUES (5, 2, 8065);
INSERT INTO UNIFORMES.TAMENUSFUNCIONESXNEGOCIO (FIIDMENU, FIIDNEGOCIO, FIFUNCIONSAP)
VALUES (6, 2, 8065);
INSERT INTO UNIFORMES.TAMENUSFUNCIONESXNEGOCIO (FIIDMENU, FIIDNEGOCIO, FIFUNCIONSAP)
VALUES (7, 2, 8065);
INSERT INTO UNIFORMES.TAMENUSFUNCIONESXNEGOCIO (FIIDMENU, FIIDNEGOCIO, FIFUNCIONSAP)
VALUES (2, 2, 8067);
INSERT INTO UNIFORMES.TAMENUSFUNCIONESXNEGOCIO (FIIDMENU, FIIDNEGOCIO, FIFUNCIONSAP)
VALUES (3, 2, 8067);
INSERT INTO UNIFORMES.TAMENUSFUNCIONESXNEGOCIO (FIIDMENU, FIIDNEGOCIO, FIFUNCIONSAP)
VALUES (5, 2, 8067);
INSERT INTO UNIFORMES.TAMENUSFUNCIONESXNEGOCIO (FIIDMENU, FIIDNEGOCIO, FIFUNCIONSAP)
VALUES (6, 2, 8067);
INSERT INTO UNIFORMES.TAMENUSFUNCIONESXNEGOCIO (FIIDMENU, FIIDNEGOCIO, FIFUNCIONSAP)
VALUES (2, 2, 8068);
INSERT INTO UNIFORMES.TAMENUSFUNCIONESXNEGOCIO (FIIDMENU, FIIDNEGOCIO, FIFUNCIONSAP)
VALUES (3, 2, 8068);
INSERT INTO UNIFORMES.TAMENUSFUNCIONESXNEGOCIO (FIIDMENU, FIIDNEGOCIO, FIFUNCIONSAP)
VALUES (5, 2, 8068);
INSERT INTO UNIFORMES.TAMENUSFUNCIONESXNEGOCIO (FIIDMENU, FIIDNEGOCIO, FIFUNCIONSAP)
VALUES (6, 2, 8068);
INSERT INTO UNIFORMES.TAMENUSFUNCIONESXNEGOCIO (FIIDMENU, FIIDNEGOCIO, FIFUNCIONSAP)
VALUES (2, 2, 8069);
INSERT INTO UNIFORMES.TAMENUSFUNCIONESXNEGOCIO (FIIDMENU, FIIDNEGOCIO, FIFUNCIONSAP)
VALUES (3, 2, 8069);
INSERT INTO UNIFORMES.TAMENUSFUNCIONESXNEGOCIO (FIIDMENU, FIIDNEGOCIO, FIFUNCIONSAP)
VALUES (5, 2, 8069);
INSERT INTO UNIFORMES.TAMENUSFUNCIONESXNEGOCIO (FIIDMENU, FIIDNEGOCIO, FIFUNCIONSAP)
VALUES (6, 2, 8069);

INSERT INTO UNIFORMES.TAMENUSFUNCIONESXNEGOCIO (FIIDMENU, FIIDNEGOCIO, FIFUNCIONSAP)
VALUES (1, 3, 8658);
INSERT INTO UNIFORMES.TAMENUSFUNCIONESXNEGOCIO (FIIDMENU, FIIDNEGOCIO, FIFUNCIONSAP)
VALUES (2, 3, 8658);
INSERT INTO UNIFORMES.TAMENUSFUNCIONESXNEGOCIO (FIIDMENU, FIIDNEGOCIO, FIFUNCIONSAP)
VALUES (3, 3, 8658);
INSERT INTO UNIFORMES.TAMENUSFUNCIONESXNEGOCIO (FIIDMENU, FIIDNEGOCIO, FIFUNCIONSAP)
VALUES (4, 3, 8658);
INSERT INTO UNIFORMES.TAMENUSFUNCIONESXNEGOCIO (FIIDMENU, FIIDNEGOCIO, FIFUNCIONSAP)
VALUES (5, 3, 8658);
INSERT INTO UNIFORMES.TAMENUSFUNCIONESXNEGOCIO (FIIDMENU, FIIDNEGOCIO, FIFUNCIONSAP)
VALUES (6, 3, 8658);
INSERT INTO UNIFORMES.TAMENUSFUNCIONESXNEGOCIO (FIIDMENU, FIIDNEGOCIO, FIFUNCIONSAP)
VALUES (7, 3, 8658);
INSERT INTO UNIFORMES.TAMENUSFUNCIONESXNEGOCIO (FIIDMENU, FIIDNEGOCIO, FIFUNCIONSAP)
VALUES (1, 3, 8659);
INSERT INTO UNIFORMES.TAMENUSFUNCIONESXNEGOCIO (FIIDMENU, FIIDNEGOCIO, FIFUNCIONSAP)
VALUES (2, 3, 8659);
INSERT INTO UNIFORMES.TAMENUSFUNCIONESXNEGOCIO (FIIDMENU, FIIDNEGOCIO, FIFUNCIONSAP)
VALUES (3, 3, 8659);
INSERT INTO UNIFORMES.TAMENUSFUNCIONESXNEGOCIO (FIIDMENU, FIIDNEGOCIO, FIFUNCIONSAP)
VALUES (4, 3, 8659);
INSERT INTO UNIFORMES.TAMENUSFUNCIONESXNEGOCIO (FIIDMENU, FIIDNEGOCIO, FIFUNCIONSAP)
VALUES (5, 3, 8659);
INSERT INTO UNIFORMES.TAMENUSFUNCIONESXNEGOCIO (FIIDMENU, FIIDNEGOCIO, FIFUNCIONSAP)
VALUES (6, 3, 8659);
INSERT INTO UNIFORMES.TAMENUSFUNCIONESXNEGOCIO (FIIDMENU, FIIDNEGOCIO, FIFUNCIONSAP)
VALUES (7, 3, 8659);
INSERT INTO UNIFORMES.TAMENUSFUNCIONESXNEGOCIO (FIIDMENU, FIIDNEGOCIO, FIFUNCIONSAP)
VALUES (2, 3, 8660);
INSERT INTO UNIFORMES.TAMENUSFUNCIONESXNEGOCIO (FIIDMENU, FIIDNEGOCIO, FIFUNCIONSAP)
VALUES (3, 3, 8660);
INSERT INTO UNIFORMES.TAMENUSFUNCIONESXNEGOCIO (FIIDMENU, FIIDNEGOCIO, FIFUNCIONSAP)
VALUES (5, 3, 8660);
INSERT INTO UNIFORMES.TAMENUSFUNCIONESXNEGOCIO (FIIDMENU, FIIDNEGOCIO, FIFUNCIONSAP)
VALUES (6, 3, 8660);
INSERT INTO UNIFORMES.TAMENUSFUNCIONESXNEGOCIO (FIIDMENU, FIIDNEGOCIO, FIFUNCIONSAP)
VALUES (2, 3, 8662);
INSERT INTO UNIFORMES.TAMENUSFUNCIONESXNEGOCIO (FIIDMENU, FIIDNEGOCIO, FIFUNCIONSAP)
VALUES (3, 3, 8662);
INSERT INTO UNIFORMES.TAMENUSFUNCIONESXNEGOCIO (FIIDMENU, FIIDNEGOCIO, FIFUNCIONSAP)
VALUES (5, 3, 8662);
INSERT INTO UNIFORMES.TAMENUSFUNCIONESXNEGOCIO (FIIDMENU, FIIDNEGOCIO, FIFUNCIONSAP)
VALUES (6, 3, 8662);

INSERT INTO UNIFORMES.TAMENUSFUNCIONESXNEGOCIO (FIIDMENU, FIIDNEGOCIO, FIFUNCIONSAP)
VALUES (1, 4, 8034);
INSERT INTO UNIFORMES.TAMENUSFUNCIONESXNEGOCIO (FIIDMENU, FIIDNEGOCIO, FIFUNCIONSAP)
VALUES (2, 4, 8034);
INSERT INTO UNIFORMES.TAMENUSFUNCIONESXNEGOCIO (FIIDMENU, FIIDNEGOCIO, FIFUNCIONSAP)
VALUES (3, 4, 8034);
INSERT INTO UNIFORMES.TAMENUSFUNCIONESXNEGOCIO (FIIDMENU, FIIDNEGOCIO, FIFUNCIONSAP)
VALUES (4, 4, 8034);
INSERT INTO UNIFORMES.TAMENUSFUNCIONESXNEGOCIO (FIIDMENU, FIIDNEGOCIO, FIFUNCIONSAP)
VALUES (5, 4, 8034);
INSERT INTO UNIFORMES.TAMENUSFUNCIONESXNEGOCIO (FIIDMENU, FIIDNEGOCIO, FIFUNCIONSAP)
VALUES (6, 4, 8034);
INSERT INTO UNIFORMES.TAMENUSFUNCIONESXNEGOCIO (FIIDMENU, FIIDNEGOCIO, FIFUNCIONSAP)
VALUES (7, 4, 8034);
INSERT INTO UNIFORMES.TAMENUSFUNCIONESXNEGOCIO (FIIDMENU, FIIDNEGOCIO, FIFUNCIONSAP)
VALUES (1, 4, 8035);
INSERT INTO UNIFORMES.TAMENUSFUNCIONESXNEGOCIO (FIIDMENU, FIIDNEGOCIO, FIFUNCIONSAP)
VALUES (2, 4, 8035);
INSERT INTO UNIFORMES.TAMENUSFUNCIONESXNEGOCIO (FIIDMENU, FIIDNEGOCIO, FIFUNCIONSAP)
VALUES (3, 4, 8035);
INSERT INTO UNIFORMES.TAMENUSFUNCIONESXNEGOCIO (FIIDMENU, FIIDNEGOCIO, FIFUNCIONSAP)
VALUES (4, 4, 8035);
INSERT INTO UNIFORMES.TAMENUSFUNCIONESXNEGOCIO (FIIDMENU, FIIDNEGOCIO, FIFUNCIONSAP)
VALUES (5, 4, 8035);
INSERT INTO UNIFORMES.TAMENUSFUNCIONESXNEGOCIO (FIIDMENU, FIIDNEGOCIO, FIFUNCIONSAP)
VALUES (6, 4, 8035);
INSERT INTO UNIFORMES.TAMENUSFUNCIONESXNEGOCIO (FIIDMENU, FIIDNEGOCIO, FIFUNCIONSAP)
VALUES (7, 4, 8035);
INSERT INTO UNIFORMES.TAMENUSFUNCIONESXNEGOCIO (FIIDMENU, FIIDNEGOCIO, FIFUNCIONSAP)
VALUES (1, 4, 8065);
INSERT INTO UNIFORMES.TAMENUSFUNCIONESXNEGOCIO (FIIDMENU, FIIDNEGOCIO, FIFUNCIONSAP)
VALUES (2, 4, 8065);
INSERT INTO UNIFORMES.TAMENUSFUNCIONESXNEGOCIO (FIIDMENU, FIIDNEGOCIO, FIFUNCIONSAP)
VALUES (3, 4, 8065);
INSERT INTO UNIFORMES.TAMENUSFUNCIONESXNEGOCIO (FIIDMENU, FIIDNEGOCIO, FIFUNCIONSAP)
VALUES (4, 4, 8065);
INSERT INTO UNIFORMES.TAMENUSFUNCIONESXNEGOCIO (FIIDMENU, FIIDNEGOCIO, FIFUNCIONSAP)
VALUES (5, 4, 8065);
INSERT INTO UNIFORMES.TAMENUSFUNCIONESXNEGOCIO (FIIDMENU, FIIDNEGOCIO, FIFUNCIONSAP)
VALUES (6, 4, 8065);
INSERT INTO UNIFORMES.TAMENUSFUNCIONESXNEGOCIO (FIIDMENU, FIIDNEGOCIO, FIFUNCIONSAP)
VALUES (7, 4, 8065);
INSERT INTO UNIFORMES.TAMENUSFUNCIONESXNEGOCIO (FIIDMENU, FIIDNEGOCIO, FIFUNCIONSAP)
VALUES (2, 4, 8067);
INSERT INTO UNIFORMES.TAMENUSFUNCIONESXNEGOCIO (FIIDMENU, FIIDNEGOCIO, FIFUNCIONSAP)
VALUES (3, 4, 8067);
INSERT INTO UNIFORMES.TAMENUSFUNCIONESXNEGOCIO (FIIDMENU, FIIDNEGOCIO, FIFUNCIONSAP)
VALUES (5, 4, 8067);
INSERT INTO UNIFORMES.TAMENUSFUNCIONESXNEGOCIO (FIIDMENU, FIIDNEGOCIO, FIFUNCIONSAP)
VALUES (6, 4, 8067);
INSERT INTO UNIFORMES.TAMENUSFUNCIONESXNEGOCIO (FIIDMENU, FIIDNEGOCIO, FIFUNCIONSAP)
VALUES (2, 4, 8068);
INSERT INTO UNIFORMES.TAMENUSFUNCIONESXNEGOCIO (FIIDMENU, FIIDNEGOCIO, FIFUNCIONSAP)
VALUES (3, 4, 8068);
INSERT INTO UNIFORMES.TAMENUSFUNCIONESXNEGOCIO (FIIDMENU, FIIDNEGOCIO, FIFUNCIONSAP)
VALUES (5, 4, 8068);
INSERT INTO UNIFORMES.TAMENUSFUNCIONESXNEGOCIO (FIIDMENU, FIIDNEGOCIO, FIFUNCIONSAP)
VALUES (6, 4, 8068);
INSERT INTO UNIFORMES.TAMENUSFUNCIONESXNEGOCIO (FIIDMENU, FIIDNEGOCIO, FIFUNCIONSAP)
VALUES (2, 4, 8069);
INSERT INTO UNIFORMES.TAMENUSFUNCIONESXNEGOCIO (FIIDMENU, FIIDNEGOCIO, FIFUNCIONSAP)
VALUES (3, 4, 8069);
INSERT INTO UNIFORMES.TAMENUSFUNCIONESXNEGOCIO (FIIDMENU, FIIDNEGOCIO, FIFUNCIONSAP)
VALUES (5, 4, 8069);
INSERT INTO UNIFORMES.TAMENUSFUNCIONESXNEGOCIO (FIIDMENU, FIIDNEGOCIO, FIFUNCIONSAP)
VALUES (6, 4, 8069);

INSERT INTO UNIFORMES.TAMENUSFUNCIONESXNEGOCIO (FIIDMENU, FIIDNEGOCIO, FIFUNCIONSAP)
VALUES (1, 5, 8034);
INSERT INTO UNIFORMES.TAMENUSFUNCIONESXNEGOCIO (FIIDMENU, FIIDNEGOCIO, FIFUNCIONSAP)
VALUES (2, 5, 8034);
INSERT INTO UNIFORMES.TAMENUSFUNCIONESXNEGOCIO (FIIDMENU, FIIDNEGOCIO, FIFUNCIONSAP)
VALUES (3, 5, 8034);
INSERT INTO UNIFORMES.TAMENUSFUNCIONESXNEGOCIO (FIIDMENU, FIIDNEGOCIO, FIFUNCIONSAP)
VALUES (4, 5, 8034);
INSERT INTO UNIFORMES.TAMENUSFUNCIONESXNEGOCIO (FIIDMENU, FIIDNEGOCIO, FIFUNCIONSAP)
VALUES (5, 5, 8034);
INSERT INTO UNIFORMES.TAMENUSFUNCIONESXNEGOCIO (FIIDMENU, FIIDNEGOCIO, FIFUNCIONSAP)
VALUES (6, 5, 8034);
INSERT INTO UNIFORMES.TAMENUSFUNCIONESXNEGOCIO (FIIDMENU, FIIDNEGOCIO, FIFUNCIONSAP)
VALUES (7, 5, 8034);
INSERT INTO UNIFORMES.TAMENUSFUNCIONESXNEGOCIO (FIIDMENU, FIIDNEGOCIO, FIFUNCIONSAP)
VALUES (1, 5, 8035);
INSERT INTO UNIFORMES.TAMENUSFUNCIONESXNEGOCIO (FIIDMENU, FIIDNEGOCIO, FIFUNCIONSAP)
VALUES (2, 5, 8035);
INSERT INTO UNIFORMES.TAMENUSFUNCIONESXNEGOCIO (FIIDMENU, FIIDNEGOCIO, FIFUNCIONSAP)
VALUES (3, 5, 8035);
INSERT INTO UNIFORMES.TAMENUSFUNCIONESXNEGOCIO (FIIDMENU, FIIDNEGOCIO, FIFUNCIONSAP)
VALUES (4, 5, 8035);
INSERT INTO UNIFORMES.TAMENUSFUNCIONESXNEGOCIO (FIIDMENU, FIIDNEGOCIO, FIFUNCIONSAP)
VALUES (5, 5, 8035);
INSERT INTO UNIFORMES.TAMENUSFUNCIONESXNEGOCIO (FIIDMENU, FIIDNEGOCIO, FIFUNCIONSAP)
VALUES (6, 5, 8035);
INSERT INTO UNIFORMES.TAMENUSFUNCIONESXNEGOCIO (FIIDMENU, FIIDNEGOCIO, FIFUNCIONSAP)
VALUES (7, 5, 8035);
INSERT INTO UNIFORMES.TAMENUSFUNCIONESXNEGOCIO (FIIDMENU, FIIDNEGOCIO, FIFUNCIONSAP)
VALUES (1, 5, 8065);
INSERT INTO UNIFORMES.TAMENUSFUNCIONESXNEGOCIO (FIIDMENU, FIIDNEGOCIO, FIFUNCIONSAP)
VALUES (2, 5, 8065);
INSERT INTO UNIFORMES.TAMENUSFUNCIONESXNEGOCIO (FIIDMENU, FIIDNEGOCIO, FIFUNCIONSAP)
VALUES (3, 5, 8065);
INSERT INTO UNIFORMES.TAMENUSFUNCIONESXNEGOCIO (FIIDMENU, FIIDNEGOCIO, FIFUNCIONSAP)
VALUES (4, 5, 8065);
INSERT INTO UNIFORMES.TAMENUSFUNCIONESXNEGOCIO (FIIDMENU, FIIDNEGOCIO, FIFUNCIONSAP)
VALUES (5, 5, 8065);
INSERT INTO UNIFORMES.TAMENUSFUNCIONESXNEGOCIO (FIIDMENU, FIIDNEGOCIO, FIFUNCIONSAP)
VALUES (6, 5, 8065);
INSERT INTO UNIFORMES.TAMENUSFUNCIONESXNEGOCIO (FIIDMENU, FIIDNEGOCIO, FIFUNCIONSAP)
VALUES (7, 5, 8065);
INSERT INTO UNIFORMES.TAMENUSFUNCIONESXNEGOCIO (FIIDMENU, FIIDNEGOCIO, FIFUNCIONSAP)
VALUES (2, 5, 8067);
INSERT INTO UNIFORMES.TAMENUSFUNCIONESXNEGOCIO (FIIDMENU, FIIDNEGOCIO, FIFUNCIONSAP)
VALUES (3, 5, 8067);
INSERT INTO UNIFORMES.TAMENUSFUNCIONESXNEGOCIO (FIIDMENU, FIIDNEGOCIO, FIFUNCIONSAP)
VALUES (5, 5, 8067);
INSERT INTO UNIFORMES.TAMENUSFUNCIONESXNEGOCIO (FIIDMENU, FIIDNEGOCIO, FIFUNCIONSAP)
VALUES (6, 5, 8067);
INSERT INTO UNIFORMES.TAMENUSFUNCIONESXNEGOCIO (FIIDMENU, FIIDNEGOCIO, FIFUNCIONSAP)
VALUES (2, 5, 8068);
INSERT INTO UNIFORMES.TAMENUSFUNCIONESXNEGOCIO (FIIDMENU, FIIDNEGOCIO, FIFUNCIONSAP)
VALUES (3, 5, 8068);
INSERT INTO UNIFORMES.TAMENUSFUNCIONESXNEGOCIO (FIIDMENU, FIIDNEGOCIO, FIFUNCIONSAP)
VALUES (5, 5, 8068);
INSERT INTO UNIFORMES.TAMENUSFUNCIONESXNEGOCIO (FIIDMENU, FIIDNEGOCIO, FIFUNCIONSAP)
VALUES (6, 5, 8068);
INSERT INTO UNIFORMES.TAMENUSFUNCIONESXNEGOCIO (FIIDMENU, FIIDNEGOCIO, FIFUNCIONSAP)
VALUES (2, 5, 8069);
INSERT INTO UNIFORMES.TAMENUSFUNCIONESXNEGOCIO (FIIDMENU, FIIDNEGOCIO, FIFUNCIONSAP)
VALUES (3, 5, 8069);
INSERT INTO UNIFORMES.TAMENUSFUNCIONESXNEGOCIO (FIIDMENU, FIIDNEGOCIO, FIFUNCIONSAP)
VALUES (5, 5, 8069);
INSERT INTO UNIFORMES.TAMENUSFUNCIONESXNEGOCIO (FIIDMENU, FIIDNEGOCIO, FIFUNCIONSAP)
VALUES (6, 5, 8069);

INSERT INTO UNIFORMES.TAMENUSFUNCIONESXNEGOCIO (FIIDMENU, FIIDNEGOCIO, FIFUNCIONSAP)
VALUES (1, 6, 8034);
INSERT INTO UNIFORMES.TAMENUSFUNCIONESXNEGOCIO (FIIDMENU, FIIDNEGOCIO, FIFUNCIONSAP)
VALUES (2, 6, 8034);
INSERT INTO UNIFORMES.TAMENUSFUNCIONESXNEGOCIO (FIIDMENU, FIIDNEGOCIO, FIFUNCIONSAP)
VALUES (3, 6, 8034);
INSERT INTO UNIFORMES.TAMENUSFUNCIONESXNEGOCIO (FIIDMENU, FIIDNEGOCIO, FIFUNCIONSAP)
VALUES (4, 6, 8034);
INSERT INTO UNIFORMES.TAMENUSFUNCIONESXNEGOCIO (FIIDMENU, FIIDNEGOCIO, FIFUNCIONSAP)
VALUES (5, 6, 8034);
INSERT INTO UNIFORMES.TAMENUSFUNCIONESXNEGOCIO (FIIDMENU, FIIDNEGOCIO, FIFUNCIONSAP)
VALUES (6, 6, 8034);
INSERT INTO UNIFORMES.TAMENUSFUNCIONESXNEGOCIO (FIIDMENU, FIIDNEGOCIO, FIFUNCIONSAP)
VALUES (7, 6, 8034);
INSERT INTO UNIFORMES.TAMENUSFUNCIONESXNEGOCIO (FIIDMENU, FIIDNEGOCIO, FIFUNCIONSAP)
VALUES (1, 6, 8035);
INSERT INTO UNIFORMES.TAMENUSFUNCIONESXNEGOCIO (FIIDMENU, FIIDNEGOCIO, FIFUNCIONSAP)
VALUES (2, 6, 8035);
INSERT INTO UNIFORMES.TAMENUSFUNCIONESXNEGOCIO (FIIDMENU, FIIDNEGOCIO, FIFUNCIONSAP)
VALUES (3, 6, 8035);
INSERT INTO UNIFORMES.TAMENUSFUNCIONESXNEGOCIO (FIIDMENU, FIIDNEGOCIO, FIFUNCIONSAP)
VALUES (4, 6, 8035);
INSERT INTO UNIFORMES.TAMENUSFUNCIONESXNEGOCIO (FIIDMENU, FIIDNEGOCIO, FIFUNCIONSAP)
VALUES (5, 6, 8035);
INSERT INTO UNIFORMES.TAMENUSFUNCIONESXNEGOCIO (FIIDMENU, FIIDNEGOCIO, FIFUNCIONSAP)
VALUES (6, 6, 8035);
INSERT INTO UNIFORMES.TAMENUSFUNCIONESXNEGOCIO (FIIDMENU, FIIDNEGOCIO, FIFUNCIONSAP)
VALUES (7, 6, 8035);
INSERT INTO UNIFORMES.TAMENUSFUNCIONESXNEGOCIO (FIIDMENU, FIIDNEGOCIO, FIFUNCIONSAP)
VALUES (1, 6, 8065);
INSERT INTO UNIFORMES.TAMENUSFUNCIONESXNEGOCIO (FIIDMENU, FIIDNEGOCIO, FIFUNCIONSAP)
VALUES (2, 6, 8065);
INSERT INTO UNIFORMES.TAMENUSFUNCIONESXNEGOCIO (FIIDMENU, FIIDNEGOCIO, FIFUNCIONSAP)
VALUES (3, 6, 8065);
INSERT INTO UNIFORMES.TAMENUSFUNCIONESXNEGOCIO (FIIDMENU, FIIDNEGOCIO, FIFUNCIONSAP)
VALUES (4, 6, 8065);
INSERT INTO UNIFORMES.TAMENUSFUNCIONESXNEGOCIO (FIIDMENU, FIIDNEGOCIO, FIFUNCIONSAP)
VALUES (5, 6, 8065);
INSERT INTO UNIFORMES.TAMENUSFUNCIONESXNEGOCIO (FIIDMENU, FIIDNEGOCIO, FIFUNCIONSAP)
VALUES (6, 6, 8065);
INSERT INTO UNIFORMES.TAMENUSFUNCIONESXNEGOCIO (FIIDMENU, FIIDNEGOCIO, FIFUNCIONSAP)
VALUES (7, 6, 8065);
INSERT INTO UNIFORMES.TAMENUSFUNCIONESXNEGOCIO (FIIDMENU, FIIDNEGOCIO, FIFUNCIONSAP)
VALUES (2, 6, 8067);
INSERT INTO UNIFORMES.TAMENUSFUNCIONESXNEGOCIO (FIIDMENU, FIIDNEGOCIO, FIFUNCIONSAP)
VALUES (3, 6, 8067);
INSERT INTO UNIFORMES.TAMENUSFUNCIONESXNEGOCIO (FIIDMENU, FIIDNEGOCIO, FIFUNCIONSAP)
VALUES (5, 6, 8067);
INSERT INTO UNIFORMES.TAMENUSFUNCIONESXNEGOCIO (FIIDMENU, FIIDNEGOCIO, FIFUNCIONSAP)
VALUES (6, 6, 8067);
INSERT INTO UNIFORMES.TAMENUSFUNCIONESXNEGOCIO (FIIDMENU, FIIDNEGOCIO, FIFUNCIONSAP)
VALUES (2, 6, 8068);
INSERT INTO UNIFORMES.TAMENUSFUNCIONESXNEGOCIO (FIIDMENU, FIIDNEGOCIO, FIFUNCIONSAP)
VALUES (3, 6, 8068);
INSERT INTO UNIFORMES.TAMENUSFUNCIONESXNEGOCIO (FIIDMENU, FIIDNEGOCIO, FIFUNCIONSAP)
VALUES (5, 6, 8068);
INSERT INTO UNIFORMES.TAMENUSFUNCIONESXNEGOCIO (FIIDMENU, FIIDNEGOCIO, FIFUNCIONSAP)
VALUES (6, 6, 8068);
INSERT INTO UNIFORMES.TAMENUSFUNCIONESXNEGOCIO (FIIDMENU, FIIDNEGOCIO, FIFUNCIONSAP)
VALUES (2, 6, 8069);
INSERT INTO UNIFORMES.TAMENUSFUNCIONESXNEGOCIO (FIIDMENU, FIIDNEGOCIO, FIFUNCIONSAP)
VALUES (3, 6, 8069);
INSERT INTO UNIFORMES.TAMENUSFUNCIONESXNEGOCIO (FIIDMENU, FIIDNEGOCIO, FIFUNCIONSAP)
VALUES (5, 6, 8069);
INSERT INTO UNIFORMES.TAMENUSFUNCIONESXNEGOCIO (FIIDMENU, FIIDNEGOCIO, FIFUNCIONSAP)
VALUES (6, 6, 8069);

--TATIPOSERROR
INSERT INTO UNIFORMES.TATIPOSERROR (FIIDERROR, FCDESCRIPCION)
VALUES (0, 'EXITOSO');
INSERT INTO UNIFORMES.TATIPOSERROR (FIIDERROR, FCDESCRIPCION)
VALUES (1, 'ERROR DESCONOCIDO');
INSERT INTO UNIFORMES.TATIPOSERROR (FIIDERROR, FCDESCRIPCION)
VALUES (110, 'EMPLEADO NO EXISTE EN SAP');
INSERT INTO UNIFORMES.TATIPOSERROR (FIIDERROR, FCDESCRIPCION)
VALUES (111, 'EMPLEADO DADO DE BAJA');
INSERT INTO UNIFORMES.TATIPOSERROR (FIIDERROR, FCDESCRIPCION)
VALUES (112, 'CREDITO YA CARGADO');
INSERT INTO UNIFORMES.TATIPOSERROR (FIIDERROR, FCDESCRIPCION)
VALUES (80, 'NO HAY REGISTROS QUE COINCIDAN CON SU CONSULTA');
INSERT INTO UNIFORMES.TATIPOSERROR (FIIDERROR, FCDESCRIPCION)
VALUES (90, 'LA INFORMACION QUE DESEA CONSULTAR NO EXISTE, VERIFIQUE');

--TAESTATUSEMPLEADOADMIN
INSERT INTO UNIFORMES.TAESTATUSEMPLEADOADMIN (FIESTATUS, FCDESCRIPCION)
VALUES (1, 'ACTIVO');
INSERT INTO UNIFORMES.TAESTATUSEMPLEADOADMIN (FIESTATUS, FCDESCRIPCION)
VALUES (0, 'INACTIVO');
INSERT INTO UNIFORMES.TAESTATUSEMPLEADOADMIN (FIESTATUS, FCDESCRIPCION)
VALUES (2, 'BLOQUEADO');
--TAEMPLEADOSADMINISTRADOR
INSERT INTO UNIFORMES.TAEMPLEADOSADMINISTRADOR (FINUMEMPLEADO, FCNOMBRE, FCAREA, FDULTIMOLOGIN, FIESTATUS)
VALUES (888198, 'Kristian Ortiz Lemus', 'Sistemas', SYSDATE, 1);
INSERT INTO UNIFORMES.TAEMPLEADOSADMINISTRADOR (FINUMEMPLEADO, FCNOMBRE, FCAREA, FDULTIMOLOGIN, FIESTATUS)
VALUES (914612, 'Juan Antonio Lopez Rosales', 'Operaciones Comercio', SYSDATE, 1);
INSERT INTO UNIFORMES.TAEMPLEADOSADMINISTRADOR (FINUMEMPLEADO, FCNOMBRE, FCAREA, FDULTIMOLOGIN, FIESTATUS)
VALUES (312525, 'Luis Daniel Rodriguez Garcia', 'Sistemas', SYSDATE, 1);
COMMIT;
--TATIENDAS
INSERT INTO UNIFORMES.TATIENDAS (FIPAIS, FICANAL, FISUCURSAL, FCNOMBRE, FCDIRIP, FIIDCDISTRIBUCION, FIIDFORMADOR)
VALUES (1, 1, 2749, 'EKT CD MADERO', '172.22.156.100', 0, 0);
INSERT INTO UNIFORMES.TATIENDAS (FIPAIS, FICANAL, FISUCURSAL, FCNOMBRE, FCDIRIP, FIIDCDISTRIBUCION, FIIDFORMADOR)
VALUES (1, 1, 2752, 'EKT CUAUTEPEC', '172.23.183.100', 0, 0);
INSERT INTO UNIFORMES.TATIENDAS (FIPAIS, FICANAL, FISUCURSAL, FCNOMBRE, FCDIRIP, FIIDCDISTRIBUCION, FIIDFORMADOR)
VALUES (1, 1, 2764, 'EKT PLAZA SUR BS', '10.40.184.100', 0, 0);
INSERT INTO UNIFORMES.TATIENDAS (FIPAIS, FICANAL, FISUCURSAL, FCNOMBRE, FCDIRIP, FIIDCDISTRIBUCION, FIIDFORMADOR)
VALUES (1, 1, 2765, 'MEGA TOLUCA INDEPENDENCIA', '172.22.176.100', 0, 0);
INSERT INTO UNIFORMES.TATIENDAS (FIPAIS, FICANAL, FISUCURSAL, FCNOMBRE, FCDIRIP, FIIDCDISTRIBUCION, FIIDFORMADOR)
VALUES (1, 1, 2778, 'EKT TEZIUTLAN', '172.21.220.100', 0, 0);
INSERT INTO UNIFORMES.TATIENDAS (FIPAIS, FICANAL, FISUCURSAL, FCNOMBRE, FCDIRIP, FIIDCDISTRIBUCION, FIIDFORMADOR)
VALUES (1, 1, 2781, 'EKT TONALA JAL', '172.20.221.100', 0, 0);
INSERT INTO UNIFORMES.TATIENDAS (FIPAIS, FICANAL, FISUCURSAL, FCNOMBRE, FCDIRIP, FIIDCDISTRIBUCION, FIIDFORMADOR)
VALUES (1, 1, 2804, 'EKT COATZACOALCOS 2 JUAREZ', '172.21.172.100', 0, 0);
INSERT INTO UNIFORMES.TATIENDAS (FIPAIS, FICANAL, FISUCURSAL, FCNOMBRE, FCDIRIP, FIIDCDISTRIBUCION, FIIDFORMADOR)
VALUES (1, 1, 2814, 'EKT CHALCO BS', '10.40.176.100', 0, 0);
INSERT INTO UNIFORMES.TATIENDAS (FIPAIS, FICANAL, FISUCURSAL, FCNOMBRE, FCDIRIP, FIIDCDISTRIBUCION, FIIDFORMADOR)
VALUES (1, 1, 2817, 'EKT TENANGO DEL VALLE', '172.21.173.100', 0, 0);
INSERT INTO UNIFORMES.TATIENDAS (FIPAIS, FICANAL, FISUCURSAL, FCNOMBRE, FCDIRIP, FIIDCDISTRIBUCION, FIIDFORMADOR)
VALUES (1, 1, 2846, 'EKT HUATABAMPO', '172.23.203.100', 0, 0);
INSERT INTO UNIFORMES.TATIENDAS (FIPAIS, FICANAL, FISUCURSAL, FCNOMBRE, FCDIRIP, FIIDCDISTRIBUCION, FIIDFORMADOR)
VALUES (1, 1, 2862, 'EKT SAN FELIPE DE JESUS', '172.20.210.100', 0, 0);
INSERT INTO UNIFORMES.TATIENDAS (FIPAIS, FICANAL, FISUCURSAL, FCNOMBRE, FCDIRIP, FIIDCDISTRIBUCION, FIIDFORMADOR)
VALUES (1, 1, 2875, 'MEGA PLAZA IZCALLI', '172.20.162.100', 0, 0);
INSERT INTO UNIFORMES.TATIENDAS (FIPAIS, FICANAL, FISUCURSAL, FCNOMBRE, FCDIRIP, FIIDCDISTRIBUCION, FIIDFORMADOR)
VALUES (1, 1, 2891, 'MEGA SALTILLO 2', '172.22.182.100', 0, 0);
INSERT INTO UNIFORMES.TATIENDAS (FIPAIS, FICANAL, FISUCURSAL, FCNOMBRE, FCDIRIP, FIIDCDISTRIBUCION, FIIDFORMADOR)
VALUES (1, 1, 2901, 'EKT ZITACUARO LOPEZ', '172.23.244.100', 0, 0);
INSERT INTO UNIFORMES.TATIENDAS (FIPAIS, FICANAL, FISUCURSAL, FCNOMBRE, FCDIRIP, FIIDCDISTRIBUCION, FIIDFORMADOR)
VALUES (1, 1, 2914, 'EKT  LA BARCA', '172.20.172.100', 0, 0);
INSERT INTO UNIFORMES.TATIENDAS (FIPAIS, FICANAL, FISUCURSAL, FCNOMBRE, FCDIRIP, FIIDCDISTRIBUCION, FIIDFORMADOR)
VALUES (1, 1, 2927, 'MEGA MATEHUALA', '172.23.122.100', 0, 0);
INSERT INTO UNIFORMES.TATIENDAS (FIPAIS, FICANAL, FISUCURSAL, FCNOMBRE, FCDIRIP, FIIDCDISTRIBUCION, FIIDFORMADOR)
VALUES (1, 1, 2930, 'MEGA DURANGO', '172.22.180.100', 0, 0);
INSERT INTO UNIFORMES.TATIENDAS (FIPAIS, FICANAL, FISUCURSAL, FCNOMBRE, FCDIRIP, FIIDCDISTRIBUCION, FIIDFORMADOR)
VALUES (1, 1, 2938, 'EKT TUXPAN BS', '10.40.177.100', 0, 0);
INSERT INTO UNIFORMES.TATIENDAS (FIPAIS, FICANAL, FISUCURSAL, FCNOMBRE, FCDIRIP, FIIDCDISTRIBUCION, FIIDFORMADOR)
VALUES (1, 1, 2956, 'EKT TEPEJI DEL RIO', '172.20.201.100', 0, 0);
INSERT INTO UNIFORMES.TATIENDAS (FIPAIS, FICANAL, FISUCURSAL, FCNOMBRE, FCDIRIP, FIIDCDISTRIBUCION, FIIDFORMADOR)
VALUES (1, 1, 2969, 'EKT COMITAN', '172.22.218.100', 0, 0);
INSERT INTO UNIFORMES.TATIENDAS (FIPAIS, FICANAL, FISUCURSAL, FCNOMBRE, FCDIRIP, FIIDCDISTRIBUCION, FIIDFORMADOR)
VALUES (1, 1, 2972, 'MEGA VERACRUZ GLEZ PAGES', '172.23.168.100', 0, 0);
INSERT INTO UNIFORMES.TATIENDAS (FIPAIS, FICANAL, FISUCURSAL, FCNOMBRE, FCDIRIP, FIIDCDISTRIBUCION, FIIDFORMADOR)
VALUES (1, 1, 3007, 'EKT SALAMANCA', '172.23.216.100', 0, 0);
INSERT INTO UNIFORMES.TATIENDAS (FIPAIS, FICANAL, FISUCURSAL, FCNOMBRE, FCDIRIP, FIIDCDISTRIBUCION, FIIDFORMADOR)
VALUES (1, 1, 3010, 'MEGA AGS CIRCUNVALACION PTE', '172.22.144.100', 0, 0);
INSERT INTO UNIFORMES.TATIENDAS (FIPAIS, FICANAL, FISUCURSAL, FCNOMBRE, FCDIRIP, FIIDCDISTRIBUCION, FIIDFORMADOR)
VALUES (1, 1, 3023, 'MEGA OAXACA MINA', '172.20.159.100', 0, 0);
INSERT INTO UNIFORMES.TATIENDAS (FIPAIS, FICANAL, FISUCURSAL, FCNOMBRE, FCDIRIP, FIIDCDISTRIBUCION, FIIDFORMADOR)
VALUES (1, 1, 3036, 'EKT EL MOLINITO 2 CIRCUITO M', '172.23.198.100', 0, 0);
INSERT INTO UNIFORMES.TATIENDAS (FIPAIS, FICANAL, FISUCURSAL, FCNOMBRE, FCDIRIP, FIIDCDISTRIBUCION, FIIDFORMADOR)
VALUES (1, 1, 3049, 'MEGA VILLAFLORES', '172.22.214.100', 0, 0);
INSERT INTO UNIFORMES.TATIENDAS (FIPAIS, FICANAL, FISUCURSAL, FCNOMBRE, FCDIRIP, FIIDCDISTRIBUCION, FIIDFORMADOR)
VALUES (1, 1, 3052, 'EKT COLIMA', '172.22.173.100', 0, 0);
INSERT INTO UNIFORMES.TATIENDAS (FIPAIS, FICANAL, FISUCURSAL, FCNOMBRE, FCDIRIP, FIIDCDISTRIBUCION, FIIDFORMADOR)
VALUES (1, 1, 2045, 'EKT OCOYOACAC ESTADO DE MEXICO', '172.26.119.100', 0, 0);
INSERT INTO UNIFORMES.TATIENDAS (FIPAIS, FICANAL, FISUCURSAL, FCNOMBRE, FCDIRIP, FIIDCDISTRIBUCION, FIIDFORMADOR)
VALUES (1, 1, 2046, 'EKT MEXICALI VALLE DEL PEDREGAL', '172.26.226.100', 0, 0);
INSERT INTO UNIFORMES.TATIENDAS (FIPAIS, FICANAL, FISUCURSAL, FCNOMBRE, FCDIRIP, FIIDCDISTRIBUCION, FIIDFORMADOR)
VALUES (1, 1, 2047, 'EKT MAZATLAN JACARANDAS', '172.26.147.100', 0, 0);
INSERT INTO UNIFORMES.TATIENDAS (FIPAIS, FICANAL, FISUCURSAL, FCNOMBRE, FCDIRIP, FIIDCDISTRIBUCION, FIIDFORMADOR)
VALUES (1, 1, 2048, 'EKT ENSENADA BLVD REFORMA', '172.26.155.100', 0, 0);
INSERT INTO UNIFORMES.TATIENDAS (FIPAIS, FICANAL, FISUCURSAL, FCNOMBRE, FCDIRIP, FIIDCDISTRIBUCION, FIIDFORMADOR)
VALUES (1, 1, 2049, 'EKT ATLACOMULCO ISIDRO FABELA', '172.26.158.100', 0, 0);
INSERT INTO UNIFORMES.TATIENDAS (FIPAIS, FICANAL, FISUCURSAL, FCNOMBRE, FCDIRIP, FIIDCDISTRIBUCION, FIIDFORMADOR)
VALUES (1, 1, 2050, 'EKT ZUMPANGO BLVD MIGUEL HGO', '172.26.130.100', 0, 0);
INSERT INTO UNIFORMES.TATIENDAS (FIPAIS, FICANAL, FISUCURSAL, FCNOMBRE, FCDIRIP, FIIDCDISTRIBUCION, FIIDFORMADOR)
VALUES (1, 1, 2052, 'EKT ZUMPANGO DE OCAMPO', '172.26.150.100', 0, 0);
INSERT INTO UNIFORMES.TATIENDAS (FIPAIS, FICANAL, FISUCURSAL, FCNOMBRE, FCDIRIP, FIIDCDISTRIBUCION, FIIDFORMADOR)
VALUES (1, 1, 2054, 'EKT TLAXCOAPAN', '172.23.94.100', 0, 0);
INSERT INTO UNIFORMES.TATIENDAS (FIPAIS, FICANAL, FISUCURSAL, FCNOMBRE, FCDIRIP, FIIDCDISTRIBUCION, FIIDFORMADOR)
VALUES (1, 1, 2055, 'EKT CUAUTEPEC DE HINOJOSA HIDALGO', '172.20.86.100', 0, 0);
INSERT INTO UNIFORMES.TATIENDAS (FIPAIS, FICANAL, FISUCURSAL, FCNOMBRE, FCDIRIP, FIIDCDISTRIBUCION, FIIDFORMADOR)
VALUES (1, 1, 2056, 'EKT PROGRESO DE OBREGON HGO', '172.26.112.100', 0, 0);
INSERT INTO UNIFORMES.TATIENDAS (FIPAIS, FICANAL, FISUCURSAL, FCNOMBRE, FCDIRIP, FIIDCDISTRIBUCION, FIIDFORMADOR)
VALUES (1, 1, 2057, 'EKT CHIAPAS COMALAPA', '172.26.163.100', 0, 0);
INSERT INTO UNIFORMES.TATIENDAS (FIPAIS, FICANAL, FISUCURSAL, FCNOMBRE, FCDIRIP, FIIDCDISTRIBUCION, FIIDFORMADOR)
VALUES (1, 1, 2062, 'EKT TORREON OBISPADO', '10.42.222.100', 0, 0);
INSERT INTO UNIFORMES.TATIENDAS (FIPAIS, FICANAL, FISUCURSAL, FCNOMBRE, FCDIRIP, FIIDCDISTRIBUCION, FIIDFORMADOR)
VALUES (1, 1, 2063, 'EKT SAN ANDRES ECATEPEC', '172.26.171.100', 0, 0);
INSERT INTO UNIFORMES.TATIENDAS (FIPAIS, FICANAL, FISUCURSAL, FCNOMBRE, FCDIRIP, FIIDCDISTRIBUCION, FIIDFORMADOR)
VALUES (1, 1, 2066, 'EKT CONTRERAS 2 CORONA DEL R', '172.23.193.100', 0, 0);
INSERT INTO UNIFORMES.TATIENDAS (FIPAIS, FICANAL, FISUCURSAL, FCNOMBRE, FCDIRIP, FIIDCDISTRIBUCION, FIIDFORMADOR)
VALUES (1, 1, 2068, 'EKT SAN JUAN IXHUATEPEC', '172.20.87.100', 0, 0);
INSERT INTO UNIFORMES.TATIENDAS (FIPAIS, FICANAL, FISUCURSAL, FCNOMBRE, FCDIRIP, FIIDCDISTRIBUCION, FIIDFORMADOR)
VALUES (1, 1, 2070, 'EKT SAN MATEO NOPALA', '10.47.234.100', 0, 0);
INSERT INTO UNIFORMES.TATIENDAS (FIPAIS, FICANAL, FISUCURSAL, FCNOMBRE, FCDIRIP, FIIDCDISTRIBUCION, FIIDFORMADOR)
VALUES (1, 1, 2071, 'EKT TENAYUCA SANTA CECILIA', '172.26.219.100', 0, 0);
INSERT INTO UNIFORMES.TATIENDAS (FIPAIS, FICANAL, FISUCURSAL, FCNOMBRE, FCDIRIP, FIIDCDISTRIBUCION, FIIDFORMADOR)
VALUES (1, 1, 2072, 'EKT TEQUEXQUINAHUAC TLALNEPANTLA', '172.26.227.100', 0, 0);
INSERT INTO UNIFORMES.TATIENDAS (FIPAIS, FICANAL, FISUCURSAL, FCNOMBRE, FCDIRIP, FIIDCDISTRIBUCION, FIIDFORMADOR)
VALUES (1, 1, 2074, 'EKT TEMOAYA EDO MEXICO', '172.26.159.100', 0, 0);
INSERT INTO UNIFORMES.TATIENDAS (FIPAIS, FICANAL, FISUCURSAL, FCNOMBRE, FCDIRIP, FIIDCDISTRIBUCION, FIIDFORMADOR)
VALUES (1, 1, 2075, 'EKT ZINACANTEPEC A LOPEZ MATEOS', '172.26.146.100', 0, 0);
INSERT INTO UNIFORMES.TATIENDAS (FIPAIS, FICANAL, FISUCURSAL, FCNOMBRE, FCDIRIP, FIIDCDISTRIBUCION, FIIDFORMADOR)
VALUES (1, 1, 2077, 'EKT CHIAPAS OCOSINGO', '172.26.165.100', 0, 0);
INSERT INTO UNIFORMES.TATIENDAS (FIPAIS, FICANAL, FISUCURSAL, FCNOMBRE, FCDIRIP, FIIDCDISTRIBUCION, FIIDFORMADOR)
VALUES (1, 1, 2078, 'EKT CHIAPAS CD HIDALGO', '172.26.149.100', 0, 0);
INSERT INTO UNIFORMES.TATIENDAS (FIPAIS, FICANAL, FISUCURSAL, FCNOMBRE, FCDIRIP, FIIDCDISTRIBUCION, FIIDFORMADOR)
VALUES (1, 1, 2079, 'EKT CHILPANCINGO', '172.20.223.100', 0, 0);
INSERT INTO UNIFORMES.TATIENDAS (FIPAIS, FICANAL, FISUCURSAL, FCNOMBRE, FCDIRIP, FIIDCDISTRIBUCION, FIIDFORMADOR)
VALUES (1, 1, 2080, 'EKT SAN COSME', '172.26.127.100', 0, 0);
INSERT INTO UNIFORMES.TATIENDAS (FIPAIS, FICANAL, FISUCURSAL, FCNOMBRE, FCDIRIP, FIIDCDISTRIBUCION, FIIDFORMADOR)
VALUES (1, 1, 2081, 'EKT TOLUCA PLAZA SANTINI', '172.26.160.100', 0, 0);
INSERT INTO UNIFORMES.TATIENDAS (FIPAIS, FICANAL, FISUCURSAL, FCNOMBRE, FCDIRIP, FIIDCDISTRIBUCION, FIIDFORMADOR)
VALUES (1, 1, 2082, 'EKT SATELITE QRO', '172.20.89.100', 0, 0);
INSERT INTO UNIFORMES.TATIENDAS (FIPAIS, FICANAL, FISUCURSAL, FCNOMBRE, FCDIRIP, FIIDCDISTRIBUCION, FIIDFORMADOR)
VALUES (1, 1, 2083, 'EKT GTO SN LUIS DE LA PAZ', '172.26.100.100', 0, 0);
INSERT INTO UNIFORMES.TATIENDAS (FIPAIS, FICANAL, FISUCURSAL, FCNOMBRE, FCDIRIP, FIIDCDISTRIBUCION, FIIDFORMADOR)
VALUES (1, 1, 2084, 'EKT QRO PIE DE LA CUESTA', '172.26.115.100', 0, 0);
INSERT INTO UNIFORMES.TATIENDAS (FIPAIS, FICANAL, FISUCURSAL, FCNOMBRE, FCDIRIP, FIIDCDISTRIBUCION, FIIDFORMADOR)
VALUES (1, 1, 2088, 'EKT MORELIA', '10.42.224.100', 0, 0);
INSERT INTO UNIFORMES.TATIENDAS (FIPAIS, FICANAL, FISUCURSAL, FCNOMBRE, FCDIRIP, FIIDCDISTRIBUCION, FIIDFORMADOR)
VALUES (1, 1, 2091, 'EKT LAZARO CARDENAS', '10.42.227.100', 0, 0);
INSERT INTO UNIFORMES.TATIENDAS (FIPAIS, FICANAL, FISUCURSAL, FCNOMBRE, FCDIRIP, FIIDCDISTRIBUCION, FIIDFORMADOR)
VALUES (1, 1, 2092, 'EKT ZITACUARO', '10.42.228.100', 0, 0);
INSERT INTO UNIFORMES.TATIENDAS (FIPAIS, FICANAL, FISUCURSAL, FCNOMBRE, FCDIRIP, FIIDCDISTRIBUCION, FIIDFORMADOR)
VALUES (1, 1, 2093, 'EKT TULPETLAC', '10.42.229.100', 0, 0);
INSERT INTO UNIFORMES.TATIENDAS (FIPAIS, FICANAL, FISUCURSAL, FCNOMBRE, FCDIRIP, FIIDCDISTRIBUCION, FIIDFORMADOR)
VALUES (1, 1, 2096, 'EKT LA SABANA', '10.42.232.100', 0, 0);
INSERT INTO UNIFORMES.TATIENDAS (FIPAIS, FICANAL, FISUCURSAL, FCNOMBRE, FCDIRIP, FIIDCDISTRIBUCION, FIIDFORMADOR)
VALUES (1, 1, 2097, 'EKT CD OBREGON', '10.42.233.100', 0, 0);
INSERT INTO UNIFORMES.TATIENDAS (FIPAIS, FICANAL, FISUCURSAL, FCNOMBRE, FCDIRIP, FIIDCDISTRIBUCION, FIIDFORMADOR)
VALUES (1, 1, 2098, 'EKT CULIACAN', '10.42.234.100', 0, 0);
INSERT INTO UNIFORMES.TATIENDAS (FIPAIS, FICANAL, FISUCURSAL, FCNOMBRE, FCDIRIP, FIIDCDISTRIBUCION, FIIDFORMADOR)
VALUES (1, 1, 2099, 'EKT NEZAHUALCOYOTL', '10.42.235.100', 0, 0);
INSERT INTO UNIFORMES.TATIENDAS (FIPAIS, FICANAL, FISUCURSAL, FCNOMBRE, FCDIRIP, FIIDCDISTRIBUCION, FIIDFORMADOR)
VALUES (1, 1, 2102, 'EKT LUCAS ALAMAN', '172.26.126.100', 0, 0);
INSERT INTO UNIFORMES.TATIENDAS (FIPAIS, FICANAL, FISUCURSAL, FCNOMBRE, FCDIRIP, FIIDCDISTRIBUCION, FIIDFORMADOR)
VALUES (1, 1, 2104, 'EKT VERACRUZ DIAZ MIRON', '172.26.220.100', 0, 0);
INSERT INTO UNIFORMES.TATIENDAS (FIPAIS, FICANAL, FISUCURSAL, FCNOMBRE, FCDIRIP, FIIDCDISTRIBUCION, FIIDFORMADOR)
VALUES (1, 1, 2105, 'EKT CUAUTLA', '172.23.230.100', 0, 0);
INSERT INTO UNIFORMES.TATIENDAS (FIPAIS, FICANAL, FISUCURSAL, FCNOMBRE, FCDIRIP, FIIDCDISTRIBUCION, FIIDFORMADOR)
VALUES (1, 1, 2106, 'EKT XALAPA', '172.26.129.100', 0, 0);
INSERT INTO UNIFORMES.TATIENDAS (FIPAIS, FICANAL, FISUCURSAL, FCNOMBRE, FCDIRIP, FIIDCDISTRIBUCION, FIIDFORMADOR)
VALUES (1, 1, 2107, 'EKT  MERIDA', '172.26.113.100', 0, 0);
INSERT INTO UNIFORMES.TATIENDAS (FIPAIS, FICANAL, FISUCURSAL, FCNOMBRE, FCDIRIP, FIIDCDISTRIBUCION, FIIDFORMADOR)
VALUES (1, 1, 2110, 'EKT CELAYA TECNOLOGICO', '172.21.92.100', 0, 0);
INSERT INTO UNIFORMES.TATIENDAS (FIPAIS, FICANAL, FISUCURSAL, FCNOMBRE, FCDIRIP, FIIDCDISTRIBUCION, FIIDFORMADOR)
VALUES (1, 1, 2111, 'EKT COMONFORT', '172.22.90.100', 0, 0);
INSERT INTO UNIFORMES.TATIENDAS (FIPAIS, FICANAL, FISUCURSAL, FCNOMBRE, FCDIRIP, FIIDCDISTRIBUCION, FIIDFORMADOR)
VALUES (1, 1, 2115, 'EKT SANTA CATARINA TLAHUAC', '172.21.91.100', 0, 0);
INSERT INTO UNIFORMES.TATIENDAS (FIPAIS, FICANAL, FISUCURSAL, FCNOMBRE, FCDIRIP, FIIDCDISTRIBUCION, FIIDFORMADOR)
VALUES (1, 71, 2116, 'EKT DAZ KANTUNILKIN', '10.38.98.70', 0, 0);
INSERT INTO UNIFORMES.TATIENDAS (FIPAIS, FICANAL, FISUCURSAL, FCNOMBRE, FCDIRIP, FIIDCDISTRIBUCION, FIIDFORMADOR)
VALUES (1, 1, 2117, 'EKT ZUMPANGO DEL RIO GRO', '172.26.116.100', 0, 0);
INSERT INTO UNIFORMES.TATIENDAS (FIPAIS, FICANAL, FISUCURSAL, FCNOMBRE, FCDIRIP, FIIDCDISTRIBUCION, FIIDFORMADOR)
VALUES (1, 1, 2119, 'EKT PLAZA CHILPANCINGO', '172.26.128.100', 0, 0);
INSERT INTO UNIFORMES.TATIENDAS (FIPAIS, FICANAL, FISUCURSAL, FCNOMBRE, FCDIRIP, FIIDCDISTRIBUCION, FIIDFORMADOR)
VALUES (1, 1, 2120, 'EKT CHIMALHUACAN ACUITLAPILCO', '172.26.172.100', 0, 0);
INSERT INTO UNIFORMES.TATIENDAS (FIPAIS, FICANAL, FISUCURSAL, FCNOMBRE, FCDIRIP, FIIDCDISTRIBUCION, FIIDFORMADOR)
VALUES (1, 1, 2121, 'EKT  MANZANILLO', '172.21.185.100', 0, 0);
INSERT INTO UNIFORMES.TATIENDAS (FIPAIS, FICANAL, FISUCURSAL, FCNOMBRE, FCDIRIP, FIIDCDISTRIBUCION, FIIDFORMADOR)
VALUES (1, 1, 2122, 'EKT OAXACA TLAXIACO', '172.26.166.100', 0, 0);
INSERT INTO UNIFORMES.TATIENDAS (FIPAIS, FICANAL, FISUCURSAL, FCNOMBRE, FCDIRIP, FIIDCDISTRIBUCION, FIIDFORMADOR)
VALUES (1, 1, 2123, 'EKT IZTAPALAPA XALPA', '172.26.137.100', 0, 0);
INSERT INTO UNIFORMES.TATIENDAS (FIPAIS, FICANAL, FISUCURSAL, FCNOMBRE, FCDIRIP, FIIDCDISTRIBUCION, FIIDFORMADOR)
VALUES (1, 1, 2124, 'EKT TLAHUAC LOS OLIVOS', '172.26.173.100', 0, 0);
INSERT INTO UNIFORMES.TATIENDAS (FIPAIS, FICANAL, FISUCURSAL, FCNOMBRE, FCDIRIP, FIIDCDISTRIBUCION, FIIDFORMADOR)
VALUES (1, 1, 2130, 'EKT IZCALLI', '172.26.125.100', 0, 0);
INSERT INTO UNIFORMES.TATIENDAS (FIPAIS, FICANAL, FISUCURSAL, FCNOMBRE, FCDIRIP, FIIDCDISTRIBUCION, FIIDFORMADOR)
VALUES (1, 1, 2131, 'EKT NEZAHUALCOYOTL EL SOL', '172.26.152.100', 0, 0);
INSERT INTO UNIFORMES.TATIENDAS (FIPAIS, FICANAL, FISUCURSAL, FCNOMBRE, FCDIRIP, FIIDCDISTRIBUCION, FIIDFORMADOR)
VALUES (1, 1, 2132, 'MEGA IZTAPALAPA AV TEXCOCO', '172.26.138.100', 0, 0);
INSERT INTO UNIFORMES.TATIENDAS (FIPAIS, FICANAL, FISUCURSAL, FCNOMBRE, FCDIRIP, FIIDCDISTRIBUCION, FIIDFORMADOR)
VALUES (1, 1, 2135, 'EKT NEZA LAS AGUILAS', '10.47.241.100', 0, 0);
INSERT INTO UNIFORMES.TATIENDAS (FIPAIS, FICANAL, FISUCURSAL, FCNOMBRE, FCDIRIP, FIIDCDISTRIBUCION, FIIDFORMADOR)
VALUES (1, 1, 2136, 'EKT LA MAGDALENA ATLICPAC', '10.40.50.100', 0, 0);
INSERT INTO UNIFORMES.TATIENDAS (FIPAIS, FICANAL, FISUCURSAL, FCNOMBRE, FCDIRIP, FIIDCDISTRIBUCION, FIIDFORMADOR)
VALUES (1, 1, 2137, 'EKT SAN PABLO DEL MONTE', '172.23.95.100', 0, 0);
INSERT INTO UNIFORMES.TATIENDAS (FIPAIS, FICANAL, FISUCURSAL, FCNOMBRE, FCDIRIP, FIIDCDISTRIBUCION, FIIDFORMADOR)
VALUES (1, 1, 2138, 'EKT ZACATELCO', '172.26.107.100', 0, 0);
INSERT INTO UNIFORMES.TATIENDAS (FIPAIS, FICANAL, FISUCURSAL, FCNOMBRE, FCDIRIP, FIIDCDISTRIBUCION, FIIDFORMADOR)
VALUES (1, 1, 2140, 'EKT IXTAPALUCA TLALPIZAHUAC', '172.26.124.100', 0, 0);
INSERT INTO UNIFORMES.TATIENDAS (FIPAIS, FICANAL, FISUCURSAL, FCNOMBRE, FCDIRIP, FIIDCDISTRIBUCION, FIIDFORMADOR)
VALUES (1, 1, 2141, 'EKT CHIMALHUACAN LAS TORRES', '172.26.161.100', 0, 0);
INSERT INTO UNIFORMES.TATIENDAS (FIPAIS, FICANAL, FISUCURSAL, FCNOMBRE, FCDIRIP, FIIDCDISTRIBUCION, FIIDFORMADOR)
VALUES (1, 1, 2142, 'EKT CHIMALHUACAN LOS PATOS', '172.26.224.100', 0, 0);
INSERT INTO UNIFORMES.TATIENDAS (FIPAIS, FICANAL, FISUCURSAL, FCNOMBRE, FCDIRIP, FIIDCDISTRIBUCION, FIIDFORMADOR)
VALUES (1, 1, 2143, 'EKT TEXCOCO JUAREZ SUR', '172.26.225.100', 0, 0);
INSERT INTO UNIFORMES.TATIENDAS (FIPAIS, FICANAL, FISUCURSAL, FCNOMBRE, FCDIRIP, FIIDCDISTRIBUCION, FIIDFORMADOR)
VALUES (1, 1, 2144, 'EKT CHIMALHUACAN SAN AGUSTIN', '172.26.133.100', 0, 0);
INSERT INTO UNIFORMES.TATIENDAS (FIPAIS, FICANAL, FISUCURSAL, FCNOMBRE, FCDIRIP, FIIDCDISTRIBUCION, FIIDFORMADOR)
VALUES (1, 1, 2147, 'MEGA PUEBLA 3A NORTE', '172.23.223.100', 0, 0);
INSERT INTO UNIFORMES.TATIENDAS (FIPAIS, FICANAL, FISUCURSAL, FCNOMBRE, FCDIRIP, FIIDCDISTRIBUCION, FIIDFORMADOR)
VALUES (1, 1, 2150, 'EKT TIJUANA 3 CONSTITUCION', '172.22.207.100', 0, 0);
INSERT INTO UNIFORMES.TATIENDAS (FIPAIS, FICANAL, FISUCURSAL, FCNOMBRE, FCDIRIP, FIIDCDISTRIBUCION, FIIDFORMADOR)
VALUES (1, 1, 2154, 'EKT TLALMANALCO', '172.22.93.100', 0, 0);
INSERT INTO UNIFORMES.TATIENDAS (FIPAIS, FICANAL, FISUCURSAL, FCNOMBRE, FCDIRIP, FIIDCDISTRIBUCION, FIIDFORMADOR)
VALUES (1, 1, 2155, 'EKT IXTAPALUCA PLAZA EL CORTIJO', '10.42.248.100', 0, 0);
INSERT INTO UNIFORMES.TATIENDAS (FIPAIS, FICANAL, FISUCURSAL, FCNOMBRE, FCDIRIP, FIIDCDISTRIBUCION, FIIDFORMADOR)
VALUES (1, 1, 2156, 'EKT OZUMBA', '172.20.88.100', 0, 0);
INSERT INTO UNIFORMES.TATIENDAS (FIPAIS, FICANAL, FISUCURSAL, FCNOMBRE, FCDIRIP, FIIDCDISTRIBUCION, FIIDFORMADOR)
VALUES (1, 1, 2157, 'EKT CHALCO SOLIDARIDAD', '172.26.132.100', 0, 0);
INSERT INTO UNIFORMES.TATIENDAS (FIPAIS, FICANAL, FISUCURSAL, FCNOMBRE, FCDIRIP, FIIDCDISTRIBUCION, FIIDFORMADOR)
VALUES (1, 1, 2160, 'EKT ZACATECAS', '10.42.213.100', 0, 0);
INSERT INTO UNIFORMES.TATIENDAS (FIPAIS, FICANAL, FISUCURSAL, FCNOMBRE, FCDIRIP, FIIDCDISTRIBUCION, FIIDFORMADOR)
VALUES (1, 1, 2161, 'EKT SLP SOLEDAD DE GRACIANO SANCHEZ', '10.47.245.100', 0, 0);
INSERT INTO UNIFORMES.TATIENDAS (FIPAIS, FICANAL, FISUCURSAL, FCNOMBRE, FCDIRIP, FIIDCDISTRIBUCION, FIIDFORMADOR)
VALUES (1, 1, 2163, 'MEGA SANTA MARTHA', '172.21.230.100', 0, 0);
INSERT INTO UNIFORMES.TATIENDAS (FIPAIS, FICANAL, FISUCURSAL, FCNOMBRE, FCDIRIP, FIIDCDISTRIBUCION, FIIDFORMADOR)
VALUES (1, 1, 2164, 'EKT TIZAYUCA 2', '10.42.241.100', 0, 0);
INSERT INTO UNIFORMES.TATIENDAS (FIPAIS, FICANAL, FISUCURSAL, FCNOMBRE, FCDIRIP, FIIDCDISTRIBUCION, FIIDFORMADOR)
VALUES (1, 1, 2165, 'EKT PUEBLA 2', '10.42.242.100', 0, 0);
INSERT INTO UNIFORMES.TATIENDAS (FIPAIS, FICANAL, FISUCURSAL, FCNOMBRE, FCDIRIP, FIIDCDISTRIBUCION, FIIDFORMADOR)
VALUES (1, 71, 2166, 'EKT DAZ ACATLAN DE OSORIO', '10.38.96.10', 0, 0);
INSERT INTO UNIFORMES.TATIENDAS (FIPAIS, FICANAL, FISUCURSAL, FCNOMBRE, FCDIRIP, FIIDCDISTRIBUCION, FIIDFORMADOR)
VALUES (1, 1, 2168, 'EKT MICHOACAN NUEVA ITALIA', '172.26.250.100', 0, 0);
INSERT INTO UNIFORMES.TATIENDAS (FIPAIS, FICANAL, FISUCURSAL, FCNOMBRE, FCDIRIP, FIIDCDISTRIBUCION, FIIDFORMADOR)
VALUES (1, 1, 2170, 'EKT SONORA AGUA PRIETA', '172.26.134.100', 0, 0);
INSERT INTO UNIFORMES.TATIENDAS (FIPAIS, FICANAL, FISUCURSAL, FCNOMBRE, FCDIRIP, FIIDCDISTRIBUCION, FIIDFORMADOR)
VALUES (1, 71, 2171, 'EKT DAZ MACLOVIO ROJAS TIJUANA', '10.38.109.140', 0, 0);
INSERT INTO UNIFORMES.TATIENDAS (FIPAIS, FICANAL, FISUCURSAL, FCNOMBRE, FCDIRIP, FIIDCDISTRIBUCION, FIIDFORMADOR)
VALUES (1, 71, 2172, 'EKT DAZ PURISIMA DE BUSTOS', '10.38.99.10', 0, 0);
INSERT INTO UNIFORMES.TATIENDAS (FIPAIS, FICANAL, FISUCURSAL, FCNOMBRE, FCDIRIP, FIIDCDISTRIBUCION, FIIDFORMADOR)
VALUES (1, 71, 2174, 'EKT DAZ NAVA COAHUILA', '10.38.100.70', 0, 0);
INSERT INTO UNIFORMES.TATIENDAS (FIPAIS, FICANAL, FISUCURSAL, FCNOMBRE, FCDIRIP, FIIDCDISTRIBUCION, FIIDFORMADOR)
VALUES (1, 1, 2175, 'EKT CD JUAREZ LOPEZ MATEOS', '10.42.215.100', 0, 0);
INSERT INTO UNIFORMES.TATIENDAS (FIPAIS, FICANAL, FISUCURSAL, FCNOMBRE, FCDIRIP, FIIDCDISTRIBUCION, FIIDFORMADOR)
VALUES (1, 1, 2177, 'EKT EL ALAMO', '172.21.90.100', 0, 0);
INSERT INTO UNIFORMES.TATIENDAS (FIPAIS, FICANAL, FISUCURSAL, FCNOMBRE, FCDIRIP, FIIDCDISTRIBUCION, FIIDFORMADOR)
VALUES (1, 1, 2178, 'EKT VERACRUZ TLAPACOYAN', '172.26.135.100', 0, 0);
INSERT INTO UNIFORMES.TATIENDAS (FIPAIS, FICANAL, FISUCURSAL, FCNOMBRE, FCDIRIP, FIIDCDISTRIBUCION, FIIDFORMADOR)
VALUES (1, 1, 2179, 'EKT VER NARANJOS AMATLAN', '172.26.151.100', 0, 0);
INSERT INTO UNIFORMES.TATIENDAS (FIPAIS, FICANAL, FISUCURSAL, FCNOMBRE, FCDIRIP, FIIDCDISTRIBUCION, FIIDFORMADOR)
VALUES (1, 1, 2180, 'EKT TANTOYUCA', '172.22.92.100', 0, 0);
INSERT INTO UNIFORMES.TATIENDAS (FIPAIS, FICANAL, FISUCURSAL, FCNOMBRE, FCDIRIP, FIIDCDISTRIBUCION, FIIDFORMADOR)
VALUES (1, 1, 2181, 'EKT CD CERDAN', '172.20.83.100', 0, 0);
INSERT INTO UNIFORMES.TATIENDAS (FIPAIS, FICANAL, FISUCURSAL, FCNOMBRE, FCDIRIP, FIIDCDISTRIBUCION, FIIDFORMADOR)
VALUES (1, 1, 2182, 'EKT HUEJOTZINGO', '172.20.81.100', 0, 0);
INSERT INTO UNIFORMES.TATIENDAS (FIPAIS, FICANAL, FISUCURSAL, FCNOMBRE, FCDIRIP, FIIDCDISTRIBUCION, FIIDFORMADOR)
VALUES (1, 1, 2183, 'EKT LOMAS DE CASTILOTLA', '172.23.91.100', 0, 0);
INSERT INTO UNIFORMES.TATIENDAS (FIPAIS, FICANAL, FISUCURSAL, FCNOMBRE, FCDIRIP, FIIDCDISTRIBUCION, FIIDFORMADOR)
VALUES (1, 1, 2184, 'EKT PUE AMALUACAN', '172.20.82.100', 0, 0);
INSERT INTO UNIFORMES.TATIENDAS (FIPAIS, FICANAL, FISUCURSAL, FCNOMBRE, FCDIRIP, FIIDCDISTRIBUCION, FIIDFORMADOR)
VALUES (1, 1, 2185, 'EKT PUEBLA TECAMACHALCO', '172.26.174.100', 0, 0);
INSERT INTO UNIFORMES.TATIENDAS (FIPAIS, FICANAL, FISUCURSAL, FCNOMBRE, FCDIRIP, FIIDCDISTRIBUCION, FIIDFORMADOR)
VALUES (1, 1, 2186, 'EKT TEHUIXTLA', '172.23.92.100', 0, 0);
INSERT INTO UNIFORMES.TATIENDAS (FIPAIS, FICANAL, FISUCURSAL, FCNOMBRE, FCDIRIP, FIIDCDISTRIBUCION, FIIDFORMADOR)
VALUES (1, 1, 2188, 'EKT PUEBLA XILOTZINGO', '172.26.142.100', 0, 0);
INSERT INTO UNIFORMES.TATIENDAS (FIPAIS, FICANAL, FISUCURSAL, FCNOMBRE, FCDIRIP, FIIDCDISTRIBUCION, FIIDFORMADOR)
VALUES (1, 1, 2189, 'EKT SAN AGUSTIN', '172.20.173.100', 0, 0);
INSERT INTO UNIFORMES.TATIENDAS (FIPAIS, FICANAL, FISUCURSAL, FCNOMBRE, FCDIRIP, FIIDCDISTRIBUCION, FIIDFORMADOR)
VALUES (1, 1, 2191, 'EKT MORELOS CUAUTLA REFORMA', '172.26.251.100', 0, 0);
INSERT INTO UNIFORMES.TATIENDAS (FIPAIS, FICANAL, FISUCURSAL, FCNOMBRE, FCDIRIP, FIIDCDISTRIBUCION, FIIDFORMADOR)
VALUES (1, 1, 2192, 'EKT JAMAICA', '172.21.189.100', 0, 0);
INSERT INTO UNIFORMES.TATIENDAS (FIPAIS, FICANAL, FISUCURSAL, FCNOMBRE, FCDIRIP, FIIDCDISTRIBUCION, FIIDFORMADOR)
VALUES (1, 1, 2193, 'EKT LEYES DE REFORMA', '172.20.84.100', 0, 0);
INSERT INTO UNIFORMES.TATIENDAS (FIPAIS, FICANAL, FISUCURSAL, FCNOMBRE, FCDIRIP, FIIDCDISTRIBUCION, FIIDFORMADOR)
VALUES (1, 1, 2194, 'EKT VERACRUZ VILLA ISLA', '172.26.167.100', 0, 0);
INSERT INTO UNIFORMES.TATIENDAS (FIPAIS, FICANAL, FISUCURSAL, FCNOMBRE, FCDIRIP, FIIDCDISTRIBUCION, FIIDFORMADOR)
VALUES (1, 1, 2195, 'EKT LEON', '10.42.236.100', 0, 0);
INSERT INTO UNIFORMES.TATIENDAS (FIPAIS, FICANAL, FISUCURSAL, FCNOMBRE, FCDIRIP, FIIDCDISTRIBUCION, FIIDFORMADOR)
VALUES (1, 1, 2196, 'EKT OAXACA 1', '10.42.237.100', 0, 0);
INSERT INTO UNIFORMES.TATIENDAS (FIPAIS, FICANAL, FISUCURSAL, FCNOMBRE, FCDIRIP, FIIDCDISTRIBUCION, FIIDFORMADOR)
VALUES (1, 1, 2197, 'EKT LOS MOCHIS', '10.42.238.100', 0, 0);
INSERT INTO UNIFORMES.TATIENDAS (FIPAIS, FICANAL, FISUCURSAL, FCNOMBRE, FCDIRIP, FIIDCDISTRIBUCION, FIIDFORMADOR)
VALUES (1, 1, 2198, 'EKT EL SOL', '10.42.239.100', 0, 0);
INSERT INTO UNIFORMES.TATIENDAS (FIPAIS, FICANAL, FISUCURSAL, FCNOMBRE, FCDIRIP, FIIDCDISTRIBUCION, FIIDFORMADOR)
VALUES (1, 1, 2199, 'EKT EL MOLINITO', '10.42.240.100', 0, 0);
INSERT INTO UNIFORMES.TATIENDAS (FIPAIS, FICANAL, FISUCURSAL, FCNOMBRE, FCDIRIP, FIIDCDISTRIBUCION, FIIDFORMADOR)
VALUES (1, 1, 2200, 'EKT ACATZINGO', '172.22.94.100', 0, 0);
INSERT INTO UNIFORMES.TATIENDAS (FIPAIS, FICANAL, FISUCURSAL, FCNOMBRE, FCDIRIP, FIIDCDISTRIBUCION, FIIDFORMADOR)
VALUES (1, 3, 8620, 'SYR TOLUCA', '10.47.166.100', 0, 0);
INSERT INTO UNIFORMES.TATIENDAS (FIPAIS, FICANAL, FISUCURSAL, FCNOMBRE, FCDIRIP, FIIDCDISTRIBUCION, FIIDFORMADOR)
VALUES (1, 1, 2202, 'MEGA CELAYA 1 PORTAL GRO', '172.21.231.100', 0, 0);
INSERT INTO UNIFORMES.TATIENDAS (FIPAIS, FICANAL, FISUCURSAL, FCNOMBRE, FCDIRIP, FIIDCDISTRIBUCION, FIIDFORMADOR)
VALUES (1, 1, 2203, 'EKT TLATLAUQUITEPEC', '172.23.93.100', 0, 0);
INSERT INTO UNIFORMES.TATIENDAS (FIPAIS, FICANAL, FISUCURSAL, FCNOMBRE, FCDIRIP, FIIDCDISTRIBUCION, FIIDFORMADOR)
VALUES (1, 1, 2204, 'EKT CHIAPAS PICHUCALCO', '172.26.154.100', 0, 0);
INSERT INTO UNIFORMES.TATIENDAS (FIPAIS, FICANAL, FISUCURSAL, FCNOMBRE, FCDIRIP, FIIDCDISTRIBUCION, FIIDFORMADOR)
VALUES (1, 1, 1245, 'MEGA PLAZA ARAGON', '172.21.223.100', 0, 0);
INSERT INTO UNIFORMES.TATIENDAS (FIPAIS, FICANAL, FISUCURSAL, FCNOMBRE, FCDIRIP, FIIDCDISTRIBUCION, FIIDFORMADOR)
VALUES (1, 1, 1258, 'EKT HUIXTLA 2 AVE CENTRAL', '172.23.136.100', 0, 0);
INSERT INTO UNIFORMES.TATIENDAS (FIPAIS, FICANAL, FISUCURSAL, FCNOMBRE, FCDIRIP, FIIDCDISTRIBUCION, FIIDFORMADOR)
VALUES (1, 71, 1265, 'EKT DAZ BOCHIL', '10.38.140.70', 0, 0);
INSERT INTO UNIFORMES.TATIENDAS (FIPAIS, FICANAL, FISUCURSAL, FCNOMBRE, FCDIRIP, FIIDCDISTRIBUCION, FIIDFORMADOR)
VALUES (1, 1, 1294, 'EKT LAS CHOAPAS', '172.20.105.100', 0, 0);
INSERT INTO UNIFORMES.TATIENDAS (FIPAIS, FICANAL, FISUCURSAL, FCNOMBRE, FCDIRIP, FIIDCDISTRIBUCION, FIIDFORMADOR)
VALUES (1, 1, 1339, 'EKT TAXQUEÑA', '172.21.139.100', 0, 0);
INSERT INTO UNIFORMES.TATIENDAS (FIPAIS, FICANAL, FISUCURSAL, FCNOMBRE, FCDIRIP, FIIDCDISTRIBUCION, FIIDFORMADOR)
VALUES (1, 1, 1342, 'MINI EKT AGUASCALIENTES 2 ASUNCION', '172.23.197.100', 0, 0);
INSERT INTO UNIFORMES.TATIENDAS (FIPAIS, FICANAL, FISUCURSAL, FCNOMBRE, FCDIRIP, FIIDCDISTRIBUCION, FIIDFORMADOR)
VALUES (1, 1, 1384, 'EKT CD DEPORTIVA', '172.23.147.100', 0, 0);
INSERT INTO UNIFORMES.TATIENDAS (FIPAIS, FICANAL, FISUCURSAL, FCNOMBRE, FCDIRIP, FIIDCDISTRIBUCION, FIIDFORMADOR)
VALUES (1, 1, 1397, 'EKT TUXTLA GTZ 3 CENTRO', '172.21.213.100', 0, 0);
INSERT INTO UNIFORMES.TATIENDAS (FIPAIS, FICANAL, FISUCURSAL, FCNOMBRE, FCDIRIP, FIIDCDISTRIBUCION, FIIDFORMADOR)
VALUES (1, 1, 1410, 'EKT CANCUN 2 PLAZA 23', '172.22.210.100', 0, 0);
INSERT INTO UNIFORMES.TATIENDAS (FIPAIS, FICANAL, FISUCURSAL, FCNOMBRE, FCDIRIP, FIIDCDISTRIBUCION, FIIDFORMADOR)
VALUES (1, 1, 1436, 'MEGA VILLA NICOLAS ROMERO 1', '172.21.194.100', 0, 0);
INSERT INTO UNIFORMES.TATIENDAS (FIPAIS, FICANAL, FISUCURSAL, FCNOMBRE, FCDIRIP, FIIDCDISTRIBUCION, FIIDFORMADOR)
VALUES (1, 1, 1449, 'EKT CD DEL CARMEN', '172.20.168.100', 0, 0);
INSERT INTO UNIFORMES.TATIENDAS (FIPAIS, FICANAL, FISUCURSAL, FCNOMBRE, FCDIRIP, FIIDCDISTRIBUCION, FIIDFORMADOR)
VALUES (1, 1, 1452, 'EKT SLP 3 MIER Y TERAN', '172.22.132.100', 0, 0);
INSERT INTO UNIFORMES.TATIENDAS (FIPAIS, FICANAL, FISUCURSAL, FCNOMBRE, FCDIRIP, FIIDCDISTRIBUCION, FIIDFORMADOR)
VALUES (1, 1, 1465, 'EKT OAXACA 2 ZARAGOZA', '172.21.244.100', 0, 0);
INSERT INTO UNIFORMES.TATIENDAS (FIPAIS, FICANAL, FISUCURSAL, FCNOMBRE, FCDIRIP, FIIDCDISTRIBUCION, FIIDFORMADOR)
VALUES (1, 1, 1481, 'EKT MERCADO PANTITLAN', '172.20.209.100', 0, 0);
INSERT INTO UNIFORMES.TATIENDAS (FIPAIS, FICANAL, FISUCURSAL, FCNOMBRE, FCDIRIP, FIIDCDISTRIBUCION, FIIDFORMADOR)
VALUES (1, 1, 1482, 'EKT APODACA SENDERO NORTE', '172.22.221.100', 0, 0);
INSERT INTO UNIFORMES.TATIENDAS (FIPAIS, FICANAL, FISUCURSAL, FCNOMBRE, FCDIRIP, FIIDCDISTRIBUCION, FIIDFORMADOR)
VALUES (1, 1, 1486, 'EKT APATZINGAN AV CAYETANO A', '172.23.241.100', 0, 0);
INSERT INTO UNIFORMES.TATIENDAS (FIPAIS, FICANAL, FISUCURSAL, FCNOMBRE, FCDIRIP, FIIDCDISTRIBUCION, FIIDFORMADOR)
VALUES (1, 1, 1492, 'EKT TAPACHULA PALOMAS', '172.23.246.100', 0, 0);
INSERT INTO UNIFORMES.TATIENDAS (FIPAIS, FICANAL, FISUCURSAL, FCNOMBRE, FCDIRIP, FIIDCDISTRIBUCION, FIIDFORMADOR)
VALUES (1, 1, 1504, 'EKT AGUASCALIENTES 1 ALLENDE', '172.20.242.100', 0, 0);
INSERT INTO UNIFORMES.TATIENDAS (FIPAIS, FICANAL, FISUCURSAL, FCNOMBRE, FCDIRIP, FIIDCDISTRIBUCION, FIIDFORMADOR)
VALUES (1, 1, 1508, 'EKT HUITZUCO GUERRERO', '172.23.252.100', 0, 0);
INSERT INTO UNIFORMES.TATIENDAS (FIPAIS, FICANAL, FISUCURSAL, FCNOMBRE, FCDIRIP, FIIDCDISTRIBUCION, FIIDFORMADOR)
VALUES (1, 1, 1514, 'EKT TIJUANA EL RUBI', '172.20.97.100', 0, 0);
INSERT INTO UNIFORMES.TATIENDAS (FIPAIS, FICANAL, FISUCURSAL, FCNOMBRE, FCDIRIP, FIIDCDISTRIBUCION, FIIDFORMADOR)
VALUES (1, 1, 1520, 'EKT LAZARO CARDENAS 1 G PRIETO', '172.24.176.100', 0, 0);
INSERT INTO UNIFORMES.TATIENDAS (FIPAIS, FICANAL, FISUCURSAL, FCNOMBRE, FCDIRIP, FIIDCDISTRIBUCION, FIIDFORMADOR)
VALUES (1, 1, 1533, 'EKT MARTINEZ DE LA TORRE', '172.22.193.100', 0, 0);
INSERT INTO UNIFORMES.TATIENDAS (FIPAIS, FICANAL, FISUCURSAL, FCNOMBRE, FCDIRIP, FIIDCDISTRIBUCION, FIIDFORMADOR)
VALUES (1, 1, 1546, 'EKT MORELIA 4 MADERO', '172.22.242.100', 0, 0);
INSERT INTO UNIFORMES.TATIENDAS (FIPAIS, FICANAL, FISUCURSAL, FCNOMBRE, FCDIRIP, FIIDCDISTRIBUCION, FIIDFORMADOR)
VALUES (1, 1, 1559, 'MEGA ACAMBARO', '172.23.209.100', 0, 0);
INSERT INTO UNIFORMES.TATIENDAS (FIPAIS, FICANAL, FISUCURSAL, FCNOMBRE, FCDIRIP, FIIDCDISTRIBUCION, FIIDFORMADOR)
VALUES (1, 1, 1562, 'MEGA TEHUACAN', '172.20.227.100', 0, 0);
INSERT INTO UNIFORMES.TATIENDAS (FIPAIS, FICANAL, FISUCURSAL, FCNOMBRE, FCDIRIP, FIIDCDISTRIBUCION, FIIDFORMADOR)
VALUES (1, 1, 1565, 'EKT LIBRES MUNICIPIO DE PUEBLA', '172.23.188.100', 0, 0);
INSERT INTO UNIFORMES.TATIENDAS (FIPAIS, FICANAL, FISUCURSAL, FCNOMBRE, FCDIRIP, FIIDCDISTRIBUCION, FIIDFORMADOR)
VALUES (1, 1, 1569, 'EKT GUADALAJARA CUAUHTEMOC', '172.20.92.100', 0, 0);
INSERT INTO UNIFORMES.TATIENDAS (FIPAIS, FICANAL, FISUCURSAL, FCNOMBRE, FCDIRIP, FIIDCDISTRIBUCION, FIIDFORMADOR)
VALUES (1, 1, 1575, 'MEGA CD ALTAMIRANO', '172.23.217.100', 0, 0);
INSERT INTO UNIFORMES.TATIENDAS (FIPAIS, FICANAL, FISUCURSAL, FCNOMBRE, FCDIRIP, FIIDCDISTRIBUCION, FIIDFORMADOR)
VALUES (1, 1, 1588, 'EKT TIERRA BLANCA', '172.20.214.100', 0, 0);
INSERT INTO UNIFORMES.TATIENDAS (FIPAIS, FICANAL, FISUCURSAL, FCNOMBRE, FCDIRIP, FIIDCDISTRIBUCION, FIIDFORMADOR)
VALUES (1, 1, 1591, 'EKT TUXTEPEC', '172.20.218.100', 0, 0);
INSERT INTO UNIFORMES.TATIENDAS (FIPAIS, FICANAL, FISUCURSAL, FCNOMBRE, FCDIRIP, FIIDCDISTRIBUCION, FIIDFORMADOR)
VALUES (1, 1, 1601, 'EKT LEON 1 5 DE MAYO', '172.23.221.100', 0, 0);
INSERT INTO UNIFORMES.TATIENDAS (FIPAIS, FICANAL, FISUCURSAL, FCNOMBRE, FCDIRIP, FIIDCDISTRIBUCION, FIIDFORMADOR)
VALUES (1, 1, 1627, 'MEGA PORTALES', '172.23.192.100', 0, 0);
INSERT INTO UNIFORMES.TATIENDAS (FIPAIS, FICANAL, FISUCURSAL, FCNOMBRE, FCDIRIP, FIIDCDISTRIBUCION, FIIDFORMADOR)
VALUES (1, 1, 1630, 'EKT HERMOSILLO 1 MATAMOROS', '172.23.213.100', 0, 0);
INSERT INTO UNIFORMES.TATIENDAS (FIPAIS, FICANAL, FISUCURSAL, FCNOMBRE, FCDIRIP, FIIDCDISTRIBUCION, FIIDFORMADOR)
VALUES (1, 1, 1643, 'MEGA METRO LA RAZA', '172.20.163.100', 0, 0);
INSERT INTO UNIFORMES.TATIENDAS (FIPAIS, FICANAL, FISUCURSAL, FCNOMBRE, FCDIRIP, FIIDCDISTRIBUCION, FIIDFORMADOR)
VALUES (1, 1, 1656, 'EKT SAN CRISTOBAL DE LAS CASAS 1', '172.21.203.100', 0, 0);
INSERT INTO UNIFORMES.TATIENDAS (FIPAIS, FICANAL, FISUCURSAL, FCNOMBRE, FCDIRIP, FIIDCDISTRIBUCION, FIIDFORMADOR)
VALUES (1, 1, 1669, 'EKT G FRESNO', '172.23.185.100', 0, 0);
INSERT INTO UNIFORMES.TATIENDAS (FIPAIS, FICANAL, FISUCURSAL, FCNOMBRE, FCDIRIP, FIIDCDISTRIBUCION, FIIDFORMADOR)
VALUES (1, 1, 1672, 'EKT LAZARO CARDENAS 2 CENTRO', '172.20.147.100', 0, 0);
INSERT INTO UNIFORMES.TATIENDAS (FIPAIS, FICANAL, FISUCURSAL, FCNOMBRE, FCDIRIP, FIIDCDISTRIBUCION, FIIDFORMADOR)
VALUES (1, 1, 1685, 'MEGA NUEVA ACAPULCO PROGRESO', '172.20.192.100', 0, 0);
INSERT INTO UNIFORMES.TATIENDAS (FIPAIS, FICANAL, FISUCURSAL, FCNOMBRE, FCDIRIP, FIIDCDISTRIBUCION, FIIDFORMADOR)
VALUES (1, 1, 1708, 'MEGA CUERNAVACA 1', '172.23.239.100', 0, 0);
INSERT INTO UNIFORMES.TATIENDAS (FIPAIS, FICANAL, FISUCURSAL, FCNOMBRE, FCDIRIP, FIIDCDISTRIBUCION, FIIDFORMADOR)
VALUES (1, 1, 1711, 'MEGA HERMOSILLO', '172.23.253.100', 0, 0);
INSERT INTO UNIFORMES.TATIENDAS (FIPAIS, FICANAL, FISUCURSAL, FCNOMBRE, FCDIRIP, FIIDCDISTRIBUCION, FIIDFORMADOR)
VALUES (1, 1, 1724, 'EKT FRAY SERVANDO', '172.23.139.100', 0, 0);
INSERT INTO UNIFORMES.TATIENDAS (FIPAIS, FICANAL, FISUCURSAL, FCNOMBRE, FCDIRIP, FIIDCDISTRIBUCION, FIIDFORMADOR)
VALUES (1, 1, 1737, 'EKT MEGA LA VILLA', '172.22.194.100', 0, 0);
INSERT INTO UNIFORMES.TATIENDAS (FIPAIS, FICANAL, FISUCURSAL, FCNOMBRE, FCDIRIP, FIIDCDISTRIBUCION, FIIDFORMADOR)
VALUES (1, 1, 1740, 'EKT TEZONTLE', '172.23.243.100', 0, 0);
INSERT INTO UNIFORMES.TATIENDAS (FIPAIS, FICANAL, FISUCURSAL, FCNOMBRE, FCDIRIP, FIIDCDISTRIBUCION, FIIDFORMADOR)
VALUES (1, 71, 1747, 'EKT DAZ BUENAVISTA TOMATLAN', '10.38.182.140', 0, 0);
INSERT INTO UNIFORMES.TATIENDAS (FIPAIS, FICANAL, FISUCURSAL, FCNOMBRE, FCDIRIP, FIIDCDISTRIBUCION, FIIDFORMADOR)
VALUES (1, 1, 1753, 'EKT IRAPUATO 3 M DOBLADO', '172.22.206.100', 0, 0);
INSERT INTO UNIFORMES.TATIENDAS (FIPAIS, FICANAL, FISUCURSAL, FCNOMBRE, FCDIRIP, FIIDCDISTRIBUCION, FIIDFORMADOR)
VALUES (1, 1, 4098, 'EKT TEPOTZOTLAN', '10.40.31.100', 0, 0);
INSERT INTO UNIFORMES.TATIENDAS (FIPAIS, FICANAL, FISUCURSAL, FCNOMBRE, FCDIRIP, FIIDCDISTRIBUCION, FIIDFORMADOR)
VALUES (1, 1, 4103, 'EKT TAMPICO 1', '172.22.145.100', 0, 0);
INSERT INTO UNIFORMES.TATIENDAS (FIPAIS, FICANAL, FISUCURSAL, FCNOMBRE, FCDIRIP, FIIDCDISTRIBUCION, FIIDFORMADOR)
VALUES (1, 1, 4116, 'EKT SABINAS COAHUILA', '172.23.220.100', 0, 0);
INSERT INTO UNIFORMES.TATIENDAS (FIPAIS, FICANAL, FISUCURSAL, FCNOMBRE, FCDIRIP, FIIDCDISTRIBUCION, FIIDFORMADOR)
VALUES (1, 1, 4132, 'EKT VALLE VERDE', '172.20.184.100', 0, 0);
INSERT INTO UNIFORMES.TATIENDAS (FIPAIS, FICANAL, FISUCURSAL, FCNOMBRE, FCDIRIP, FIIDCDISTRIBUCION, FIIDFORMADOR)
VALUES (1, 1, 4155, 'EKT GTO SAN JOSE ITURBIDE', '10.47.59.100', 0, 0);
INSERT INTO UNIFORMES.TATIENDAS (FIPAIS, FICANAL, FISUCURSAL, FCNOMBRE, FCDIRIP, FIIDCDISTRIBUCION, FIIDFORMADOR)
VALUES (1, 1, 4156, 'EKT GUANAJUATO JERECUARO', '10.47.55.100', 0, 0);
INSERT INTO UNIFORMES.TATIENDAS (FIPAIS, FICANAL, FISUCURSAL, FCNOMBRE, FCDIRIP, FIIDCDISTRIBUCION, FIIDFORMADOR)
VALUES (1, 1, 4157, 'EKT Q ROO COZUMEL CALLE ONCE', '10.47.70.100', 0, 0);
INSERT INTO UNIFORMES.TATIENDAS (FIPAIS, FICANAL, FISUCURSAL, FCNOMBRE, FCDIRIP, FIIDCDISTRIBUCION, FIIDFORMADOR)
VALUES (1, 1, 4158, 'EKT CHIAPAS OCOZOCUAUTLA', '10.47.56.100', 0, 0);
INSERT INTO UNIFORMES.TATIENDAS (FIPAIS, FICANAL, FISUCURSAL, FCNOMBRE, FCDIRIP, FIIDCDISTRIBUCION, FIIDFORMADOR)
VALUES (1, 1, 4167, 'EKT JALISCO SAN MIGUEL EL ALTO', '10.47.57.100', 0, 0);
INSERT INTO UNIFORMES.TATIENDAS (FIPAIS, FICANAL, FISUCURSAL, FCNOMBRE, FCDIRIP, FIIDCDISTRIBUCION, FIIDFORMADOR)
VALUES (1, 1, 4171, 'EKT JALISCO TEOCALTICHE', '10.40.12.100', 0, 0);
INSERT INTO UNIFORMES.TATIENDAS (FIPAIS, FICANAL, FISUCURSAL, FCNOMBRE, FCDIRIP, FIIDCDISTRIBUCION, FIIDFORMADOR)
VALUES (1, 1, 4174, 'EKT CHIAPAS MAPASTEPEC', '10.47.62.100', 0, 0);
INSERT INTO UNIFORMES.TATIENDAS (FIPAIS, FICANAL, FISUCURSAL, FCNOMBRE, FCDIRIP, FIIDCDISTRIBUCION, FIIDFORMADOR)
VALUES (1, 1, 4177, 'EKT VERACRUZ TEZONAPA', '10.40.4.100', 0, 0);
INSERT INTO UNIFORMES.TATIENDAS (FIPAIS, FICANAL, FISUCURSAL, FCNOMBRE, FCDIRIP, FIIDCDISTRIBUCION, FIIDFORMADOR)
VALUES (1, 1, 4178, 'EKT SINALOA ESCUINAPA CENTRO', '10.47.71.100', 0, 0);
INSERT INTO UNIFORMES.TATIENDAS (FIPAIS, FICANAL, FISUCURSAL, FCNOMBRE, FCDIRIP, FIIDCDISTRIBUCION, FIIDFORMADOR)
VALUES (1, 1, 4181, 'EKT COAHUILA RAMOS PLAZA BELLA', '10.47.60.100', 0, 0);
INSERT INTO UNIFORMES.TATIENDAS (FIPAIS, FICANAL, FISUCURSAL, FCNOMBRE, FCDIRIP, FIIDCDISTRIBUCION, FIIDFORMADOR)
VALUES (1, 1, 4182, 'EKT SINALOA ANGOSTURA 16 DE SEP', '10.47.66.100', 0, 0);
INSERT INTO UNIFORMES.TATIENDAS (FIPAIS, FICANAL, FISUCURSAL, FCNOMBRE, FCDIRIP, FIIDCDISTRIBUCION, FIIDFORMADOR)
VALUES (1, 1, 4183, 'EKT SANTIAGO DE QRO STA ROSA', '10.47.68.100', 0, 0);
INSERT INTO UNIFORMES.TATIENDAS (FIPAIS, FICANAL, FISUCURSAL, FCNOMBRE, FCDIRIP, FIIDCDISTRIBUCION, FIIDFORMADOR)
VALUES (1, 1, 4189, 'EKT PUEBLA AMOZOC SANTO ANGEL', '10.40.11.100', 0, 0);
INSERT INTO UNIFORMES.TATIENDAS (FIPAIS, FICANAL, FISUCURSAL, FCNOMBRE, FCDIRIP, FIIDCDISTRIBUCION, FIIDFORMADOR)
VALUES (1, 1, 4196, 'EKT MICHOACAN JACONA DE PLANCARTE', '10.47.69.100', 0, 0);
INSERT INTO UNIFORMES.TATIENDAS (FIPAIS, FICANAL, FISUCURSAL, FCNOMBRE, FCDIRIP, FIIDCDISTRIBUCION, FIIDFORMADOR)
VALUES (1, 1, 4197, 'EKT JALISCO TLAJOMULCO DE ZUÑIGA', '10.40.7.100', 0, 0);
INSERT INTO UNIFORMES.TATIENDAS (FIPAIS, FICANAL, FISUCURSAL, FCNOMBRE, FCDIRIP, FIIDCDISTRIBUCION, FIIDFORMADOR)
VALUES (1, 1, 4198, 'EKT PLAZA SENDERO', '10.40.8.100', 0, 0);
INSERT INTO UNIFORMES.TATIENDAS (FIPAIS, FICANAL, FISUCURSAL, FCNOMBRE, FCDIRIP, FIIDCDISTRIBUCION, FIIDFORMADOR)
VALUES (1, 1, 4199, 'EKT VERACRUZ PIEDRAS NEGRAS', '10.47.64.100', 0, 0);
INSERT INTO UNIFORMES.TATIENDAS (FIPAIS, FICANAL, FISUCURSAL, FCNOMBRE, FCDIRIP, FIIDCDISTRIBUCION, FIIDFORMADOR)
VALUES (1, 1, 4213, 'EKT TORREON HIDALGO', '172.22.234.100', 0, 0);
INSERT INTO UNIFORMES.TATIENDAS (FIPAIS, FICANAL, FISUCURSAL, FCNOMBRE, FCDIRIP, FIIDCDISTRIBUCION, FIIDFORMADOR)
VALUES (1, 1, 4215, 'EKT NL CIENEGA DE FLORES', '10.47.67.100', 0, 0);
INSERT INTO UNIFORMES.TATIENDAS (FIPAIS, FICANAL, FISUCURSAL, FCNOMBRE, FCDIRIP, FIIDCDISTRIBUCION, FIIDFORMADOR)
VALUES (1, 1, 4217, 'EKT Q ROO ISLA MUJERES', '10.40.13.100', 0, 0);
INSERT INTO UNIFORMES.TATIENDAS (FIPAIS, FICANAL, FISUCURSAL, FCNOMBRE, FCDIRIP, FIIDCDISTRIBUCION, FIIDFORMADOR)
VALUES (1, 1, 4221, 'EKT JALISCO EL SALTO CENTRO', '10.40.9.100', 0, 0);
INSERT INTO UNIFORMES.TATIENDAS (FIPAIS, FICANAL, FISUCURSAL, FCNOMBRE, FCDIRIP, FIIDCDISTRIBUCION, FIIDFORMADOR)
VALUES (1, 1, 4226, 'EKT PUTLA', '172.23.143.100', 0, 0);
INSERT INTO UNIFORMES.TATIENDAS (FIPAIS, FICANAL, FISUCURSAL, FCNOMBRE, FCDIRIP, FIIDCDISTRIBUCION, FIIDFORMADOR)
VALUES (1, 1, 4229, 'EKT MOR CUERNAVACA DOMINGO DIEZ', '10.47.73.100', 0, 0);
INSERT INTO UNIFORMES.TATIENDAS (FIPAIS, FICANAL, FISUCURSAL, FCNOMBRE, FCDIRIP, FIIDCDISTRIBUCION, FIIDFORMADOR)
VALUES (1, 1, 4239, 'MEGA MATIAS ROMERO', '172.22.139.100', 0, 0);
INSERT INTO UNIFORMES.TATIENDAS (FIPAIS, FICANAL, FISUCURSAL, FCNOMBRE, FCDIRIP, FIIDCDISTRIBUCION, FIIDFORMADOR)
VALUES (1, 1, 4242, 'MEGA PACHUCA 3 INDEPENDENCIA', '172.23.219.100', 0, 0);
INSERT INTO UNIFORMES.TATIENDAS (FIPAIS, FICANAL, FISUCURSAL, FCNOMBRE, FCDIRIP, FIIDCDISTRIBUCION, FIIDFORMADOR)
VALUES (1, 1, 4284, 'MEGA GUADALUPE EXPO', '172.26.156.100', 0, 0);
INSERT INTO UNIFORMES.TATIENDAS (FIPAIS, FICANAL, FISUCURSAL, FCNOMBRE, FCDIRIP, FIIDCDISTRIBUCION, FIIDFORMADOR)
VALUES (1, 1, 4289, 'EKT SINALOA EL ROSARIO', '10.40.16.100', 0, 0);
INSERT INTO UNIFORMES.TATIENDAS (FIPAIS, FICANAL, FISUCURSAL, FCNOMBRE, FCDIRIP, FIIDCDISTRIBUCION, FIIDFORMADOR)
VALUES (1, 1, 4290, 'EKT JALISCO CHAPALA', '10.40.15.100', 0, 0);
INSERT INTO UNIFORMES.TATIENDAS (FIPAIS, FICANAL, FISUCURSAL, FCNOMBRE, FCDIRIP, FIIDCDISTRIBUCION, FIIDFORMADOR)
VALUES (1, 1, 4293, 'EKT TAMPICO MANTE', '10.40.19.100', 0, 0);
INSERT INTO UNIFORMES.TATIENDAS (FIPAIS, FICANAL, FISUCURSAL, FCNOMBRE, FCDIRIP, FIIDCDISTRIBUCION, FIIDFORMADOR)
VALUES (1, 1, 4294, 'EKT JALISCO TONALA SAN GASPAR', '10.40.17.100', 0, 0);
INSERT INTO UNIFORMES.TATIENDAS (FIPAIS, FICANAL, FISUCURSAL, FCNOMBRE, FCDIRIP, FIIDCDISTRIBUCION, FIIDFORMADOR)
VALUES (1, 1, 4295, 'EKT JALISCO TLAQUEPAQUE LAS PINTAS', '10.40.10.100', 0, 0);
INSERT INTO UNIFORMES.TATIENDAS (FIPAIS, FICANAL, FISUCURSAL, FCNOMBRE, FCDIRIP, FIIDCDISTRIBUCION, FIIDFORMADOR)
VALUES (1, 1, 4297, 'MEGA AZTLAN', '172.21.247.100', 0, 0);
INSERT INTO UNIFORMES.TATIENDAS (FIPAIS, FICANAL, FISUCURSAL, FCNOMBRE, FCDIRIP, FIIDCDISTRIBUCION, FIIDFORMADOR)
VALUES (1, 1, 4307, 'EKT CD VALLES', '172.24.172.100', 0, 0);
INSERT INTO UNIFORMES.TATIENDAS (FIPAIS, FICANAL, FISUCURSAL, FCNOMBRE, FCDIRIP, FIIDCDISTRIBUCION, FIIDFORMADOR)
VALUES (1, 1, 4310, 'EKT TORREON INDEPENDENCIA', '172.23.237.100', 0, 0);
INSERT INTO UNIFORMES.TATIENDAS (FIPAIS, FICANAL, FISUCURSAL, FCNOMBRE, FCDIRIP, FIIDCDISTRIBUCION, FIIDFORMADOR)
VALUES (1, 1, 4323, 'EKT SANTA LUCIA', '172.22.187.100', 0, 0);
INSERT INTO UNIFORMES.TATIENDAS (FIPAIS, FICANAL, FISUCURSAL, FCNOMBRE, FCDIRIP, FIIDCDISTRIBUCION, FIIDFORMADOR)
VALUES (1, 1, 4336, 'MEGA TLAHUAC', '172.23.127.100', 0, 0);
INSERT INTO UNIFORMES.TATIENDAS (FIPAIS, FICANAL, FISUCURSAL, FCNOMBRE, FCDIRIP, FIIDCDISTRIBUCION, FIIDFORMADOR)
VALUES (1, 1, 4338, 'EKT SAN PABLO AUTOPAN', '10.38.119.202', 0, 0);
INSERT INTO UNIFORMES.TATIENDAS (FIPAIS, FICANAL, FISUCURSAL, FCNOMBRE, FCDIRIP, FIIDCDISTRIBUCION, FIIDFORMADOR)
VALUES (1, 1, 4349, 'EKT ANAHUAC MEX TACUBA', '172.22.148.100', 0, 0);
INSERT INTO UNIFORMES.TATIENDAS (FIPAIS, FICANAL, FISUCURSAL, FCNOMBRE, FCDIRIP, FIIDCDISTRIBUCION, FIIDFORMADOR)
VALUES (1, 1, 4352, 'EKT GOMEZ PALACIO', '172.22.204.100', 0, 0);
INSERT INTO UNIFORMES.TATIENDAS (FIPAIS, FICANAL, FISUCURSAL, FCNOMBRE, FCDIRIP, FIIDCDISTRIBUCION, FIIDFORMADOR)
VALUES (1, 71, 4373, 'EKT DAZ MAGDALENA GDL', '10.38.168.70', 0, 0);
INSERT INTO UNIFORMES.TATIENDAS (FIPAIS, FICANAL, FISUCURSAL, FCNOMBRE, FCDIRIP, FIIDCDISTRIBUCION, FIIDFORMADOR)
VALUES (1, 1, 4378, 'MEGA VILLA NICOLAS ROMERO 2', '172.21.215.100', 0, 0);
INSERT INTO UNIFORMES.TATIENDAS (FIPAIS, FICANAL, FISUCURSAL, FCNOMBRE, FCDIRIP, FIIDCDISTRIBUCION, FIIDFORMADOR)
VALUES (1, 1, 4412, 'EKT EL SEMINARIO TOLUCA', '10.40.155.100', 0, 0);
INSERT INTO UNIFORMES.TATIENDAS (FIPAIS, FICANAL, FISUCURSAL, FCNOMBRE, FCDIRIP, FIIDCDISTRIBUCION, FIIDFORMADOR)
VALUES (1, 1, 4417, 'EKT GUAMUCHIL', '172.20.246.100', 0, 0);
INSERT INTO UNIFORMES.TATIENDAS (FIPAIS, FICANAL, FISUCURSAL, FCNOMBRE, FCDIRIP, FIIDCDISTRIBUCION, FIIDFORMADOR)
VALUES (1, 1, 4420, 'EKT GUASAVE 2 ZARAGOZA', '172.20.241.100', 0, 0);
INSERT INTO UNIFORMES.TATIENDAS (FIPAIS, FICANAL, FISUCURSAL, FCNOMBRE, FCDIRIP, FIIDCDISTRIBUCION, FIIDFORMADOR)
VALUES (1, 1, 4421, 'EKT RECURSOS HIDRULICOS ECATEPEC', '10.40.149.100', 0, 0);
INSERT INTO UNIFORMES.TATIENDAS (FIPAIS, FICANAL, FISUCURSAL, FCNOMBRE, FCDIRIP, FIIDCDISTRIBUCION, FIIDFORMADOR)
VALUES (1, 1, 4423, 'EKT EL SALTO JALISCO', '10.40.148.100', 0, 0);
INSERT INTO UNIFORMES.TATIENDAS (FIPAIS, FICANAL, FISUCURSAL, FCNOMBRE, FCDIRIP, FIIDCDISTRIBUCION, FIIDFORMADOR)
VALUES (1, 71, 4426, 'EKT DAZ LOMAS ATEQUIZA', '10.38.160.140', 0, 0);
INSERT INTO UNIFORMES.TATIENDAS (FIPAIS, FICANAL, FISUCURSAL, FCNOMBRE, FCDIRIP, FIIDCDISTRIBUCION, FIIDFORMADOR)
VALUES (1, 1, 4433, 'EKT TEPIC 2 ALLENDE', '172.23.234.100', 0, 0);
INSERT INTO UNIFORMES.TATIENDAS (FIPAIS, FICANAL, FISUCURSAL, FCNOMBRE, FCDIRIP, FIIDCDISTRIBUCION, FIIDFORMADOR)
VALUES (1, 3, 8594, 'SYR TOLUCA 1', '10.47.165.100', 0, 0);
INSERT INTO UNIFORMES.TATIENDAS (FIPAIS, FICANAL, FISUCURSAL, FCNOMBRE, FCDIRIP, FIIDCDISTRIBUCION, FIIDFORMADOR)
VALUES (1, 1, 4448, 'EKT TIJUANA CORREDOR 2000', '10.40.147.100', 0, 0);
INSERT INTO UNIFORMES.TATIENDAS (FIPAIS, FICANAL, FISUCURSAL, FCNOMBRE, FCDIRIP, FIIDCDISTRIBUCION, FIIDFORMADOR)
VALUES (1, 1, 4449, 'EKT PUEBLO NUEVO APODACA NL', '10.40.159.100', 0, 0);
INSERT INTO UNIFORMES.TATIENDAS (FIPAIS, FICANAL, FISUCURSAL, FCNOMBRE, FCDIRIP, FIIDCDISTRIBUCION, FIIDFORMADOR)
VALUES (1, 1, 4450, 'EKT CHICOLOAPAN BENITO JUAREZ', '10.40.154.100', 0, 0);
INSERT INTO UNIFORMES.TATIENDAS (FIPAIS, FICANAL, FISUCURSAL, FCNOMBRE, FCDIRIP, FIIDCDISTRIBUCION, FIIDFORMADOR)
VALUES (1, 1, 4451, 'EKT SORIANA COLOSIO NL', '10.40.145.100', 0, 0);
INSERT INTO UNIFORMES.TATIENDAS (FIPAIS, FICANAL, FISUCURSAL, FCNOMBRE, FCDIRIP, FIIDCDISTRIBUCION, FIIDFORMADOR)
VALUES (1, 1, 4452, 'EKT LAS FUENTES BC', '10.40.146.100', 0, 0);
INSERT INTO UNIFORMES.TATIENDAS (FIPAIS, FICANAL, FISUCURSAL, FCNOMBRE, FCDIRIP, FIIDCDISTRIBUCION, FIIDFORMADOR)
VALUES (1, 1, 4460, 'EKT CUAUTLALPAN CHALCO', '10.40.144.100', 0, 0);
INSERT INTO UNIFORMES.TATIENDAS (FIPAIS, FICANAL, FISUCURSAL, FCNOMBRE, FCDIRIP, FIIDCDISTRIBUCION, FIIDFORMADOR)
VALUES (1, 1, 4461, 'EKT SANTA TERESITA  GDL', '10.40.158.100', 0, 0);
INSERT INTO UNIFORMES.TATIENDAS (FIPAIS, FICANAL, FISUCURSAL, FCNOMBRE, FCDIRIP, FIIDCDISTRIBUCION, FIIDFORMADOR)
VALUES (1, 1, 4465, 'EKT TLAJOMULCO DE ZUÑIGA JALISCO', '10.40.151.100', 0, 0);
INSERT INTO UNIFORMES.TATIENDAS (FIPAIS, FICANAL, FISUCURSAL, FCNOMBRE, FCDIRIP, FIIDCDISTRIBUCION, FIIDFORMADOR)
VALUES (1, 1, 4466, 'EKT SAN PEDRITO TLAQUEPAQUE', '10.40.150.100', 0, 0);
INSERT INTO UNIFORMES.TATIENDAS (FIPAIS, FICANAL, FISUCURSAL, FCNOMBRE, FCDIRIP, FIIDCDISTRIBUCION, FIIDFORMADOR)
VALUES (1, 1, 4475, 'MEGA TORREON', '172.22.239.100', 0, 0);
INSERT INTO UNIFORMES.TATIENDAS (FIPAIS, FICANAL, FISUCURSAL, FCNOMBRE, FCDIRIP, FIIDCDISTRIBUCION, FIIDFORMADOR)
VALUES (1, 1, 4488, 'MEGA SLP HIMNO NACIONAL', '172.22.130.100', 0, 0);
INSERT INTO UNIFORMES.TATIENDAS (FIPAIS, FICANAL, FISUCURSAL, FCNOMBRE, FCDIRIP, FIIDCDISTRIBUCION, FIIDFORMADOR)
VALUES (1, 1, 4491, 'MEGA CORDOBA AVENIDA 3', '172.20.115.100', 0, 0);
INSERT INTO UNIFORMES.TATIENDAS (FIPAIS, FICANAL, FISUCURSAL, FCNOMBRE, FCDIRIP, FIIDCDISTRIBUCION, FIIDFORMADOR)
VALUES (1, 1, 4495, 'EKT CAMINO A COYULA GUADALAJARA', '10.40.153.100', 0, 0);
INSERT INTO UNIFORMES.TATIENDAS (FIPAIS, FICANAL, FISUCURSAL, FCNOMBRE, FCDIRIP, FIIDCDISTRIBUCION, FIIDFORMADOR)
VALUES (1, 1, 4514, 'MEGA PLAZA JARDINES', '172.20.249.100', 0, 0);
INSERT INTO UNIFORMES.TATIENDAS (FIPAIS, FICANAL, FISUCURSAL, FCNOMBRE, FCDIRIP, FIIDCDISTRIBUCION, FIIDFORMADOR)
VALUES (1, 1, 4527, 'EKT TEMIXCO', '172.23.201.100', 0, 0);
INSERT INTO UNIFORMES.TATIENDAS (FIPAIS, FICANAL, FISUCURSAL, FCNOMBRE, FCDIRIP, FIIDCDISTRIBUCION, FIIDFORMADOR)
VALUES (1, 1, 4530, 'EKT CELAYA 2 MANUEL DOBLADO', '10.41.184.100', 0, 0);
INSERT INTO UNIFORMES.TATIENDAS (FIPAIS, FICANAL, FISUCURSAL, FCNOMBRE, FCDIRIP, FIIDCDISTRIBUCION, FIIDFORMADOR)
VALUES (1, 1, 4543, 'MEGA SANTA ELENA', '172.21.199.100', 0, 0);
INSERT INTO UNIFORMES.TATIENDAS (FIPAIS, FICANAL, FISUCURSAL, FCNOMBRE, FCDIRIP, FIIDCDISTRIBUCION, FIIDFORMADOR)
VALUES (1, 1, 4569, 'MEGA G POLANCO', '172.22.188.100', 0, 0);
INSERT INTO UNIFORMES.TATIENDAS (FIPAIS, FICANAL, FISUCURSAL, FCNOMBRE, FCDIRIP, FIIDCDISTRIBUCION, FIIDFORMADOR)
VALUES (1, 1, 4575, 'EKT TIJUANA VILLAS DEL PRADO', '10.40.164.100', 0, 0);
INSERT INTO UNIFORMES.TATIENDAS (FIPAIS, FICANAL, FISUCURSAL, FCNOMBRE, FCDIRIP, FIIDCDISTRIBUCION, FIIDFORMADOR)
VALUES (1, 1, 4585, 'EKT PINOTEPA NACIONAL', '172.23.170.100', 0, 0);
INSERT INTO UNIFORMES.TATIENDAS (FIPAIS, FICANAL, FISUCURSAL, FCNOMBRE, FCDIRIP, FIIDCDISTRIBUCION, FIIDFORMADOR)
VALUES (1, 1, 4598, 'MEGA IGUALA', '172.21.214.100', 0, 0);
INSERT INTO UNIFORMES.TATIENDAS (FIPAIS, FICANAL, FISUCURSAL, FCNOMBRE, FCDIRIP, FIIDCDISTRIBUCION, FIIDFORMADOR)
VALUES (1, 1, 4608, 'EKT CHALCO', '172.21.226.100', 0, 0);
INSERT INTO UNIFORMES.TATIENDAS (FIPAIS, FICANAL, FISUCURSAL, FCNOMBRE, FCDIRIP, FIIDCDISTRIBUCION, FIIDFORMADOR)
VALUES (1, 1, 4613, 'EKT CABO SAN LUCAS PROGRESO', '10.40.143.100', 0, 0);
INSERT INTO UNIFORMES.TATIENDAS (FIPAIS, FICANAL, FISUCURSAL, FCNOMBRE, FCDIRIP, FIIDCDISTRIBUCION, FIIDFORMADOR)
VALUES (1, 1, 4614, 'EKT TLALNEPANTLA LA PRESA', '10.40.142.100', 0, 0);
INSERT INTO UNIFORMES.TATIENDAS (FIPAIS, FICANAL, FISUCURSAL, FCNOMBRE, FCDIRIP, FIIDCDISTRIBUCION, FIIDFORMADOR)
VALUES (1, 1, 4624, 'MEGA VILLA OLIMPICA', '172.23.247.100', 0, 0);
INSERT INTO UNIFORMES.TATIENDAS (FIPAIS, FICANAL, FISUCURSAL, FCNOMBRE, FCDIRIP, FIIDCDISTRIBUCION, FIIDFORMADOR)
VALUES (1, 1, 4637, 'EKT IZCALLI INFONAVIT NTE', '172.22.217.100', 0, 0);
INSERT INTO UNIFORMES.TATIENDAS (FIPAIS, FICANAL, FISUCURSAL, FCNOMBRE, FCDIRIP, FIIDCDISTRIBUCION, FIIDFORMADOR)
VALUES (1, 1, 4653, 'MEGA CD CUAUHTEMOC', '172.22.169.100', 0, 0);
INSERT INTO UNIFORMES.TATIENDAS (FIPAIS, FICANAL, FISUCURSAL, FCNOMBRE, FCDIRIP, FIIDCDISTRIBUCION, FIIDFORMADOR)
VALUES (1, 1, 4666, 'MEGA JOSE MA IGLESIAS', '172.21.248.100', 0, 0);
INSERT INTO UNIFORMES.TATIENDAS (FIPAIS, FICANAL, FISUCURSAL, FCNOMBRE, FCDIRIP, FIIDCDISTRIBUCION, FIIDFORMADOR)
VALUES (1, 90, 4677, 'DAZ PP PATZCUARO', '10.47.98.10', 0, 0);
INSERT INTO UNIFORMES.TATIENDAS (FIPAIS, FICANAL, FISUCURSAL, FCNOMBRE, FCDIRIP, FIIDCDISTRIBUCION, FIIDFORMADOR)
VALUES (1, 1, 4679, 'MEGA CRISTOBAL COLON', '172.22.161.100', 0, 0);
INSERT INTO UNIFORMES.TATIENDAS (FIPAIS, FICANAL, FISUCURSAL, FCNOMBRE, FCDIRIP, FIIDCDISTRIBUCION, FIIDFORMADOR)
VALUES (1, 1, 4695, 'MEGA VERACRUZ 2 DIAZ MIRON', '172.23.180.100', 0, 0);
INSERT INTO UNIFORMES.TATIENDAS (FIPAIS, FICANAL, FISUCURSAL, FCNOMBRE, FCDIRIP, FIIDCDISTRIBUCION, FIIDFORMADOR)
VALUES (1, 1, 4705, 'EKT CD MANTE 1 JUAREZ', '172.24.200.100', 0, 0);
INSERT INTO UNIFORMES.TATIENDAS (FIPAIS, FICANAL, FISUCURSAL, FCNOMBRE, FCDIRIP, FIIDCDISTRIBUCION, FIIDFORMADOR)
VALUES (1, 1, 4718, 'EKT TEPATITLAN 2 P DIAZ', '172.21.170.100', 0, 0);
INSERT INTO UNIFORMES.TATIENDAS (FIPAIS, FICANAL, FISUCURSAL, FCNOMBRE, FCDIRIP, FIIDCDISTRIBUCION, FIIDFORMADOR)
VALUES (1, 90, 4720, 'DAZ PP JALAPA TABASCO', '10.47.13.10', 0, 0);
INSERT INTO UNIFORMES.TATIENDAS (FIPAIS, FICANAL, FISUCURSAL, FCNOMBRE, FCDIRIP, FIIDCDISTRIBUCION, FIIDFORMADOR)
VALUES (1, 1, 4721, 'MEGA CORREGIDORA', '172.22.227.100', 0, 0);
INSERT INTO UNIFORMES.TATIENDAS (FIPAIS, FICANAL, FISUCURSAL, FCNOMBRE, FCDIRIP, FIIDCDISTRIBUCION, FIIDFORMADOR)
VALUES (1, 1, 4747, 'EKT APATLACO', '172.22.149.100', 0, 0);
INSERT INTO UNIFORMES.TATIENDAS (FIPAIS, FICANAL, FISUCURSAL, FCNOMBRE, FCDIRIP, FIIDCDISTRIBUCION, FIIDFORMADOR)
VALUES (1, 1, 4750, 'MEGA VILLAHERMOSA', '172.21.252.100', 0, 0);
INSERT INTO UNIFORMES.TATIENDAS (FIPAIS, FICANAL, FISUCURSAL, FCNOMBRE, FCDIRIP, FIIDCDISTRIBUCION, FIIDFORMADOR)
VALUES (1, 1, 4763, 'MEGA CUERNAVACA MATAMOROS', '172.23.151.100', 0, 0);
INSERT INTO UNIFORMES.TATIENDAS (FIPAIS, FICANAL, FISUCURSAL, FCNOMBRE, FCDIRIP, FIIDCDISTRIBUCION, FIIDFORMADOR)
VALUES (1, 1, 4772, 'EKT VILLA GUERRERO', '10.40.60.100', 0, 0);
INSERT INTO UNIFORMES.TATIENDAS (FIPAIS, FICANAL, FISUCURSAL, FCNOMBRE, FCDIRIP, FIIDCDISTRIBUCION, FIIDFORMADOR)
VALUES (1, 1, 4774, 'EKT IXTEPEC OAXACA', '10.40.2.100', 0, 0);
INSERT INTO UNIFORMES.TATIENDAS (FIPAIS, FICANAL, FISUCURSAL, FCNOMBRE, FCDIRIP, FIIDCDISTRIBUCION, FIIDFORMADOR)
VALUES (1, 1, 4775, 'EKT SANTA ANA', '10.40.29.100', 0, 0);
INSERT INTO UNIFORMES.TATIENDAS (FIPAIS, FICANAL, FISUCURSAL, FCNOMBRE, FCDIRIP, FIIDCDISTRIBUCION, FIIDFORMADOR)
VALUES (1, 1, 4776, 'MEGA CANANEA', '172.23.116.100', 0, 0);
INSERT INTO UNIFORMES.TATIENDAS (FIPAIS, FICANAL, FISUCURSAL, FCNOMBRE, FCDIRIP, FIIDCDISTRIBUCION, FIIDFORMADOR)
VALUES (1, 1, 4792, 'MEGA COATEPEC', '172.20.141.100', 0, 0);
INSERT INTO UNIFORMES.TATIENDAS (FIPAIS, FICANAL, FISUCURSAL, FCNOMBRE, FCDIRIP, FIIDCDISTRIBUCION, FIIDFORMADOR)
VALUES (1, 1, 4802, 'EKT CD VICTORIA', '172.22.248.100', 0, 0);
INSERT INTO UNIFORMES.TATIENDAS (FIPAIS, FICANAL, FISUCURSAL, FCNOMBRE, FCDIRIP, FIIDCDISTRIBUCION, FIIDFORMADOR)
VALUES (1, 1, 4815, 'MEGA LOS MOCHIS INDEPENDENCIA', '172.22.106.100', 0, 0);
INSERT INTO UNIFORMES.TATIENDAS (FIPAIS, FICANAL, FISUCURSAL, FCNOMBRE, FCDIRIP, FIIDCDISTRIBUCION, FIIDFORMADOR)
VALUES (1, 1, 4831, 'EKT TICOMAN', '172.22.189.100', 0, 0);
INSERT INTO UNIFORMES.TATIENDAS (FIPAIS, FICANAL, FISUCURSAL, FCNOMBRE, FCDIRIP, FIIDCDISTRIBUCION, FIIDFORMADOR)
VALUES (1, 1, 4834, 'EKT BENEMERITO DE LAS AMERICAS', '10.40.34.100', 0, 0);
INSERT INTO UNIFORMES.TATIENDAS (FIPAIS, FICANAL, FISUCURSAL, FCNOMBRE, FCDIRIP, FIIDCDISTRIBUCION, FIIDFORMADOR)
VALUES (1, 1, 3065, 'MEGA CUERNAVACA INSURGENTES', '172.23.238.100', 0, 0);
INSERT INTO UNIFORMES.TATIENDAS (FIPAIS, FICANAL, FISUCURSAL, FCNOMBRE, FCDIRIP, FIIDCDISTRIBUCION, FIIDFORMADOR)
VALUES (1, 1, 3081, 'EKT CD OBREGON 2 ZARAGOZA', '172.22.209.100', 0, 0);
INSERT INTO UNIFORMES.TATIENDAS (FIPAIS, FICANAL, FISUCURSAL, FCNOMBRE, FCDIRIP, FIIDCDISTRIBUCION, FIIDFORMADOR)
VALUES (1, 1, 3094, 'EKT CD OBDREGON 1 5 DE FEB', '172.20.219.100', 0, 0);
INSERT INTO UNIFORMES.TATIENDAS (FIPAIS, FICANAL, FISUCURSAL, FCNOMBRE, FCDIRIP, FIIDCDISTRIBUCION, FIIDFORMADOR)
VALUES (1, 1, 3104, 'EKT ZACATECAS 1 HIDALGO', '172.20.197.100', 0, 0);
INSERT INTO UNIFORMES.TATIENDAS (FIPAIS, FICANAL, FISUCURSAL, FCNOMBRE, FCDIRIP, FIIDCDISTRIBUCION, FIIDFORMADOR)
VALUES (1, 1, 3117, 'EKT TIJUANA 4 NIÑOS HEROES', '172.20.253.100', 0, 0);
INSERT INTO UNIFORMES.TATIENDAS (FIPAIS, FICANAL, FISUCURSAL, FCNOMBRE, FCDIRIP, FIIDCDISTRIBUCION, FIIDFORMADOR)
VALUES (1, 1, 3120, 'EKT TIJUANA 5 B DIAZ ORDAZ', '172.22.128.100', 0, 0);
INSERT INTO UNIFORMES.TATIENDAS (FIPAIS, FICANAL, FISUCURSAL, FCNOMBRE, FCDIRIP, FIIDCDISTRIBUCION, FIIDFORMADOR)
VALUES (1, 71, 3133, 'EKT DAZ EL QUINCE', '10.38.114.140', 0, 0);
INSERT INTO UNIFORMES.TATIENDAS (FIPAIS, FICANAL, FISUCURSAL, FCNOMBRE, FCDIRIP, FIIDCDISTRIBUCION, FIIDFORMADOR)
VALUES (1, 71, 3161, 'EKT DAZ TEPEXI PUEBLA', '10.38.110.70', 0, 0);
INSERT INTO UNIFORMES.TATIENDAS (FIPAIS, FICANAL, FISUCURSAL, FCNOMBRE, FCDIRIP, FIIDCDISTRIBUCION, FIIDFORMADOR)
VALUES (1, 1, 3162, 'EKT AYOTLA', '172.22.250.100', 0, 0);
INSERT INTO UNIFORMES.TATIENDAS (FIPAIS, FICANAL, FISUCURSAL, FCNOMBRE, FCDIRIP, FIIDCDISTRIBUCION, FIIDFORMADOR)
VALUES (1, 1, 3175, 'MEGA TOLUCA MERCADO JUAREZ', '172.21.130.100', 0, 0);
INSERT INTO UNIFORMES.TATIENDAS (FIPAIS, FICANAL, FISUCURSAL, FCNOMBRE, FCDIRIP, FIIDCDISTRIBUCION, FIIDFORMADOR)
VALUES (1, 71, 3181, 'EKT DAZ LA PEÑITA', '10.38.108.70', 0, 0);
INSERT INTO UNIFORMES.TATIENDAS (FIPAIS, FICANAL, FISUCURSAL, FCNOMBRE, FCDIRIP, FIIDCDISTRIBUCION, FIIDFORMADOR)
VALUES (1, 1, 3191, 'MEGA SANTO DOMINGO DF', '172.22.171.100', 0, 0);
INSERT INTO UNIFORMES.TATIENDAS (FIPAIS, FICANAL, FISUCURSAL, FCNOMBRE, FCDIRIP, FIIDCDISTRIBUCION, FIIDFORMADOR)
VALUES (1, 1, 3201, 'EKT CD GUZMAN', '172.23.172.100', 0, 0);
INSERT INTO UNIFORMES.TATIENDAS (FIPAIS, FICANAL, FISUCURSAL, FCNOMBRE, FCDIRIP, FIIDCDISTRIBUCION, FIIDFORMADOR)
VALUES (1, 1, 3230, 'EKT CANCUN 1 TULUM', '172.22.222.100', 0, 0);
INSERT INTO UNIFORMES.TATIENDAS (FIPAIS, FICANAL, FISUCURSAL, FCNOMBRE, FCDIRIP, FIIDCDISTRIBUCION, FIIDFORMADOR)
VALUES (1, 1, 3256, 'EKT G SAN ONOFRE', '172.23.184.100', 0, 0);
INSERT INTO UNIFORMES.TATIENDAS (FIPAIS, FICANAL, FISUCURSAL, FCNOMBRE, FCDIRIP, FIIDCDISTRIBUCION, FIIDFORMADOR)
VALUES (1, 1, 3269, 'EKT HUAJUAPAN DE LEON', '172.26.157.100', 0, 0);
INSERT INTO UNIFORMES.TATIENDAS (FIPAIS, FICANAL, FISUCURSAL, FCNOMBRE, FCDIRIP, FIIDCDISTRIBUCION, FIIDFORMADOR)
VALUES (1, 1, 3285, 'MEGA HUAUCHINANGO', '172.23.205.100', 0, 0);
INSERT INTO UNIFORMES.TATIENDAS (FIPAIS, FICANAL, FISUCURSAL, FCNOMBRE, FCDIRIP, FIIDCDISTRIBUCION, FIIDFORMADOR)
VALUES (1, 1, 3298, 'EKT AUTLAN', '172.21.237.100', 0, 0);
INSERT INTO UNIFORMES.TATIENDAS (FIPAIS, FICANAL, FISUCURSAL, FCNOMBRE, FCDIRIP, FIIDCDISTRIBUCION, FIIDFORMADOR)
VALUES (1, 1, 3308, 'EKT NAUCALPAN 1 ESTACAS', '172.20.180.100', 0, 0);
INSERT INTO UNIFORMES.TATIENDAS (FIPAIS, FICANAL, FISUCURSAL, FCNOMBRE, FCDIRIP, FIIDCDISTRIBUCION, FIIDFORMADOR)
VALUES (1, 71, 3319, 'EKT DAZ COLORINES VALLE DE BRAVO', '10.38.125.70', 0, 0);
INSERT INTO UNIFORMES.TATIENDAS (FIPAIS, FICANAL, FISUCURSAL, FCNOMBRE, FCDIRIP, FIIDCDISTRIBUCION, FIIDFORMADOR)
VALUES (1, 71, 3326, 'EKT DAZ CANATLAN DURANGO', '10.38.127.140', 0, 0);
INSERT INTO UNIFORMES.TATIENDAS (FIPAIS, FICANAL, FISUCURSAL, FCNOMBRE, FCDIRIP, FIIDCDISTRIBUCION, FIIDFORMADOR)
VALUES (1, 1, 3340, 'EKT URUAPAN', '172.22.225.100', 0, 0);
INSERT INTO UNIFORMES.TATIENDAS (FIPAIS, FICANAL, FISUCURSAL, FCNOMBRE, FCDIRIP, FIIDCDISTRIBUCION, FIIDFORMADOR)
VALUES (1, 71, 3343, 'EKT DAZ NANACAMILPA', '10.38.124.200', 0, 0);
INSERT INTO UNIFORMES.TATIENDAS (FIPAIS, FICANAL, FISUCURSAL, FCNOMBRE, FCDIRIP, FIIDCDISTRIBUCION, FIIDFORMADOR)
VALUES (1, 1, 3382, 'EKT MIXCOAC 2 MIGUEL ANGEL', '172.21.121.100', 0, 0);
INSERT INTO UNIFORMES.TATIENDAS (FIPAIS, FICANAL, FISUCURSAL, FCNOMBRE, FCDIRIP, FIIDCDISTRIBUCION, FIIDFORMADOR)
VALUES (1, 1, 3395, 'EKT MOROLEON', '172.20.189.100', 0, 0);
INSERT INTO UNIFORMES.TATIENDAS (FIPAIS, FICANAL, FISUCURSAL, FCNOMBRE, FCDIRIP, FIIDCDISTRIBUCION, FIIDFORMADOR)
VALUES (1, 1, 3405, 'EKT GUANAJUATO', '172.23.195.100', 0, 0);
INSERT INTO UNIFORMES.TATIENDAS (FIPAIS, FICANAL, FISUCURSAL, FCNOMBRE, FCDIRIP, FIIDCDISTRIBUCION, FIIDFORMADOR)
VALUES (1, 1, 3418, 'LA VILLA 2 GARRID', '172.21.175.100', 0, 0);
INSERT INTO UNIFORMES.TATIENDAS (FIPAIS, FICANAL, FISUCURSAL, FCNOMBRE, FCDIRIP, FIIDCDISTRIBUCION, FIIDFORMADOR)
VALUES (1, 1, 3421, 'MEGA SAN MARTIN TEX', '172.22.224.100', 0, 0);
INSERT INTO UNIFORMES.TATIENDAS (FIPAIS, FICANAL, FISUCURSAL, FCNOMBRE, FCDIRIP, FIIDCDISTRIBUCION, FIIDFORMADOR)
VALUES (1, 71, 3422, 'EKT DAZ TEXISTEPEC VERACRUZ', '10.38.125.10', 0, 0);
INSERT INTO UNIFORMES.TATIENDAS (FIPAIS, FICANAL, FISUCURSAL, FCNOMBRE, FCDIRIP, FIIDCDISTRIBUCION, FIIDFORMADOR)
VALUES (1, 1, 3434, 'EKT IZTAPALAPA 2 COLON', '172.22.168.100', 0, 0);
INSERT INTO UNIFORMES.TATIENDAS (FIPAIS, FICANAL, FISUCURSAL, FCNOMBRE, FCDIRIP, FIIDCDISTRIBUCION, FIIDFORMADOR)
VALUES (1, 1, 3446, 'EKT TAMUIN SLP', '10.40.133.100', 0, 0);
INSERT INTO UNIFORMES.TATIENDAS (FIPAIS, FICANAL, FISUCURSAL, FCNOMBRE, FCDIRIP, FIIDCDISTRIBUCION, FIIDFORMADOR)
VALUES (1, 1, 3447, 'EKT PENJAMO', '172.20.190.100', 0, 0);
INSERT INTO UNIFORMES.TATIENDAS (FIPAIS, FICANAL, FISUCURSAL, FCNOMBRE, FCDIRIP, FIIDCDISTRIBUCION, FIIDFORMADOR)
VALUES (1, 1, 3450, 'EKT TIJUANA 1 LUNA PARK', '172.21.204.100', 0, 0);
INSERT INTO UNIFORMES.TATIENDAS (FIPAIS, FICANAL, FISUCURSAL, FCNOMBRE, FCDIRIP, FIIDCDISTRIBUCION, FIIDFORMADOR)
VALUES (1, 1, 3463, 'EKT TIZAYUCA', '172.24.190.100', 0, 0);
INSERT INTO UNIFORMES.TATIENDAS (FIPAIS, FICANAL, FISUCURSAL, FCNOMBRE, FCDIRIP, FIIDCDISTRIBUCION, FIIDFORMADOR)
VALUES (1, 1, 3476, 'EKT AMECAMECA', '172.22.114.100', 0, 0);
INSERT INTO UNIFORMES.TATIENDAS (FIPAIS, FICANAL, FISUCURSAL, FCNOMBRE, FCDIRIP, FIIDCDISTRIBUCION, FIIDFORMADOR)
VALUES (1, 1, 3489, 'MEGA AGRICOLA ORIENTAL', '172.22.190.100', 0, 0);
INSERT INTO UNIFORMES.TATIENDAS (FIPAIS, FICANAL, FISUCURSAL, FCNOMBRE, FCDIRIP, FIIDCDISTRIBUCION, FIIDFORMADOR)
VALUES (1, 1, 3502, 'EKT IGUALA', '172.22.142.100', 0, 0);
INSERT INTO UNIFORMES.TATIENDAS (FIPAIS, FICANAL, FISUCURSAL, FCNOMBRE, FCDIRIP, FIIDCDISTRIBUCION, FIIDFORMADOR)
VALUES (1, 1, 3515, 'EKT NETZAHUALCOYOTL 2 PATOS', '172.21.144.100', 0, 0);
INSERT INTO UNIFORMES.TATIENDAS (FIPAIS, FICANAL, FISUCURSAL, FCNOMBRE, FCDIRIP, FIIDCDISTRIBUCION, FIIDFORMADOR)
VALUES (1, 1, 3528, 'EKT CHICONCUAC TERMINAL', '172.23.146.100', 0, 0);
INSERT INTO UNIFORMES.TATIENDAS (FIPAIS, FICANAL, FISUCURSAL, FCNOMBRE, FCDIRIP, FIIDCDISTRIBUCION, FIIDFORMADOR)
VALUES (1, 1, 3531, 'MEGA COACALCO', '10.40.74.100', 0, 0);
INSERT INTO UNIFORMES.TATIENDAS (FIPAIS, FICANAL, FISUCURSAL, FCNOMBRE, FCDIRIP, FIIDCDISTRIBUCION, FIIDFORMADOR)
VALUES (1, 1, 3544, 'EKT PUENTE ROJO', '172.20.158.100', 0, 0);
INSERT INTO UNIFORMES.TATIENDAS (FIPAIS, FICANAL, FISUCURSAL, FCNOMBRE, FCDIRIP, FIIDCDISTRIBUCION, FIIDFORMADOR)
VALUES (1, 1, 3609, 'MEGA ATOYAC', '172.22.191.100', 0, 0);
INSERT INTO UNIFORMES.TATIENDAS (FIPAIS, FICANAL, FISUCURSAL, FCNOMBRE, FCDIRIP, FIIDCDISTRIBUCION, FIIDFORMADOR)
VALUES (1, 1, 3612, 'MEGA XOCHIMILCO', '172.21.180.100', 0, 0);
INSERT INTO UNIFORMES.TATIENDAS (FIPAIS, FICANAL, FISUCURSAL, FCNOMBRE, FCDIRIP, FIIDCDISTRIBUCION, FIIDFORMADOR)
VALUES (1, 1, 3625, 'MEGA CARCEL DE MUJERES', '172.21.134.100', 0, 0);
INSERT INTO UNIFORMES.TATIENDAS (FIPAIS, FICANAL, FISUCURSAL, FCNOMBRE, FCDIRIP, FIIDCDISTRIBUCION, FIIDFORMADOR)
VALUES (1, 1, 3638, 'EKT POZA RICA 2 R CORTINEZ', '172.26.145.100', 0, 0);
INSERT INTO UNIFORMES.TATIENDAS (FIPAIS, FICANAL, FISUCURSAL, FCNOMBRE, FCDIRIP, FIIDCDISTRIBUCION, FIIDFORMADOR)
VALUES (1, 125, 3654, 'ELEKTRA REMATE CENTENARIO', '172.21.191.100', 0, 0);
INSERT INTO UNIFORMES.TATIENDAS (FIPAIS, FICANAL, FISUCURSAL, FCNOMBRE, FCDIRIP, FIIDCDISTRIBUCION, FIIDFORMADOR)
VALUES (1, 1, 3667, 'MEGA LOS REYES', '172.20.164.100', 0, 0);
INSERT INTO UNIFORMES.TATIENDAS (FIPAIS, FICANAL, FISUCURSAL, FCNOMBRE, FCDIRIP, FIIDCDISTRIBUCION, FIIDFORMADOR)
VALUES (1, 1, 3706, 'EKT ZIHUATANEJO 1', '172.26.148.100', 0, 0);
INSERT INTO UNIFORMES.TATIENDAS (FIPAIS, FICANAL, FISUCURSAL, FCNOMBRE, FCDIRIP, FIIDCDISTRIBUCION, FIIDFORMADOR)
VALUES (1, 1, 3748, 'MEGA TIJUANA CENTRO', '172.22.235.100', 0, 0);
INSERT INTO UNIFORMES.TATIENDAS (FIPAIS, FICANAL, FISUCURSAL, FCNOMBRE, FCDIRIP, FIIDCDISTRIBUCION, FIIDFORMADOR)
VALUES (1, 1, 3751, 'MEGA TIJUANA LAS BRISAS', '172.23.228.100', 0, 0);
INSERT INTO UNIFORMES.TATIENDAS (FIPAIS, FICANAL, FISUCURSAL, FCNOMBRE, FCDIRIP, FIIDCDISTRIBUCION, FIIDFORMADOR)
VALUES (1, 1, 3793, 'MEGA TINACOS', '172.21.124.100', 0, 0);
INSERT INTO UNIFORMES.TATIENDAS (FIPAIS, FICANAL, FISUCURSAL, FCNOMBRE, FCDIRIP, FIIDCDISTRIBUCION, FIIDFORMADOR)
VALUES (1, 1, 3803, 'MEGA SALINA CRUZ', '172.22.155.100', 0, 0);
INSERT INTO UNIFORMES.TATIENDAS (FIPAIS, FICANAL, FISUCURSAL, FCNOMBRE, FCDIRIP, FIIDCDISTRIBUCION, FIIDFORMADOR)
VALUES (1, 1, 3829, 'MEGA CULIACAN 1', '172.23.153.100', 0, 0);
INSERT INTO UNIFORMES.TATIENDAS (FIPAIS, FICANAL, FISUCURSAL, FCNOMBRE, FCDIRIP, FIIDCDISTRIBUCION, FIIDFORMADOR)
VALUES (1, 1, 3861, 'EKT AZTLAN', '172.22.164.100', 0, 0);
INSERT INTO UNIFORMES.TATIENDAS (FIPAIS, FICANAL, FISUCURSAL, FCNOMBRE, FCDIRIP, FIIDCDISTRIBUCION, FIIDFORMADOR)
VALUES (1, 1, 3871, 'EKT GENERAL ESCOBEDO NUEVO LEON', '10.40.156.100', 0, 0);
INSERT INTO UNIFORMES.TATIENDAS (FIPAIS, FICANAL, FISUCURSAL, FCNOMBRE, FCDIRIP, FIIDCDISTRIBUCION, FIIDFORMADOR)
VALUES (1, 1, 3874, 'EKT CADEREYTA', '172.21.187.100', 0, 0);
INSERT INTO UNIFORMES.TATIENDAS (FIPAIS, FICANAL, FISUCURSAL, FCNOMBRE, FCDIRIP, FIIDCDISTRIBUCION, FIIDFORMADOR)
VALUES (1, 1, 3887, 'EKT CONSTITUCION DE QUERETARO', '172.23.206.100', 0, 0);
INSERT INTO UNIFORMES.TATIENDAS (FIPAIS, FICANAL, FISUCURSAL, FCNOMBRE, FCDIRIP, FIIDCDISTRIBUCION, FIIDFORMADOR)
VALUES (1, 1, 3892, 'EKT MATAMOROS CONSTITUYENTES TAMAULIPAS', '10.40.157.100', 0, 0);
INSERT INTO UNIFORMES.TATIENDAS (FIPAIS, FICANAL, FISUCURSAL, FCNOMBRE, FCDIRIP, FIIDCDISTRIBUCION, FIIDFORMADOR)
VALUES (1, 1, 3968, 'EKT LINARES', '172.22.119.100', 0, 0);
INSERT INTO UNIFORMES.TATIENDAS (FIPAIS, FICANAL, FISUCURSAL, FCNOMBRE, FCDIRIP, FIIDCDISTRIBUCION, FIIDFORMADOR)
VALUES (1, 1, 3971, 'MEGA LERDO JARDIN', '172.22.159.100', 0, 0);
INSERT INTO UNIFORMES.TATIENDAS (FIPAIS, FICANAL, FISUCURSAL, FCNOMBRE, FCDIRIP, FIIDCDISTRIBUCION, FIIDFORMADOR)
VALUES (1, 1, 3997, 'EKT MONTEMORELOS', '172.20.181.100', 0, 0);
INSERT INTO UNIFORMES.TATIENDAS (FIPAIS, FICANAL, FISUCURSAL, FCNOMBRE, FCDIRIP, FIIDCDISTRIBUCION, FIIDFORMADOR)
VALUES (1, 1, 4000, 'EKT CHETUMAL LOPEZ MATEOS', '172.20.207.100', 0, 0);
INSERT INTO UNIFORMES.TATIENDAS (FIPAIS, FICANAL, FISUCURSAL, FCNOMBRE, FCDIRIP, FIIDCDISTRIBUCION, FIIDFORMADOR)
VALUES (1, 1, 4003, 'MEGA ELOY CAVAZOS', '172.28.104.100', 0, 0);
INSERT INTO UNIFORMES.TATIENDAS (FIPAIS, FICANAL, FISUCURSAL, FCNOMBRE, FCDIRIP, FIIDCDISTRIBUCION, FIIDFORMADOR)
VALUES (1, 1, 100, 'MEGA DF LA LUNA', '172.34.56.94', 0, 0);
INSERT INTO UNIFORMES.TATIENDAS (FIPAIS, FICANAL, FISUCURSAL, FCNOMBRE, FCDIRIP, FIIDCDISTRIBUCION, FIIDFORMADOR)
VALUES (1, 1, 107, 'EKT AZCAPOTZALCO', '10.34.56.94', 0, 0);
INSERT INTO UNIFORMES.TATIENDAS (FIPAIS, FICANAL, FISUCURSAL, FCNOMBRE, FCDIRIP, FIIDCDISTRIBUCION, FIIDFORMADOR)
VALUES (1, 1, 110, 'MEGA ALTAMIRA', '172.21.112.100', 0, 0);
INSERT INTO UNIFORMES.TATIENDAS (FIPAIS, FICANAL, FISUCURSAL, FCNOMBRE, FCDIRIP, FIIDCDISTRIBUCION, FIIDFORMADOR)
VALUES (1, 1, 114, 'MEGA EMPALME', '172.20.254.100', 0, 0);
INSERT INTO UNIFORMES.TATIENDAS (FIPAIS, FICANAL, FISUCURSAL, FCNOMBRE, FCDIRIP, FIIDCDISTRIBUCION, FIIDFORMADOR)
VALUES (1, 1, 116, 'EKT CD JUAREZ TORRES', '172.20.102.100', 0, 0);
INSERT INTO UNIFORMES.TATIENDAS (FIPAIS, FICANAL, FISUCURSAL, FCNOMBRE, FCDIRIP, FIIDCDISTRIBUCION, FIIDFORMADOR)
VALUES (1, 1, 118, 'EKT VILLAS DE HACIENDA', '172.20.100.100', 0, 0);
INSERT INTO UNIFORMES.TATIENDAS (FIPAIS, FICANAL, FISUCURSAL, FCNOMBRE, FCDIRIP, FIIDCDISTRIBUCION, FIIDFORMADOR)
VALUES (1, 1, 120, 'MEGA TIJUANA OTAY', '172.21.105.100', 0, 0);
INSERT INTO UNIFORMES.TATIENDAS (FIPAIS, FICANAL, FISUCURSAL, FCNOMBRE, FCDIRIP, FIIDCDISTRIBUCION, FIIDFORMADOR)
VALUES (1, 1, 121, 'EKT M CULIACAN CLOUTHIER', '172.20.170.100', 0, 0);
INSERT INTO UNIFORMES.TATIENDAS (FIPAIS, FICANAL, FISUCURSAL, FCNOMBRE, FCDIRIP, FIIDCDISTRIBUCION, FIIDFORMADOR)
VALUES (1, 1, 127, 'MEGA TIJUANA LAS TORRES', '172.20.99.100', 0, 0);
INSERT INTO UNIFORMES.TATIENDAS (FIPAIS, FICANAL, FISUCURSAL, FCNOMBRE, FCDIRIP, FIIDCDISTRIBUCION, FIIDFORMADOR)
VALUES (1, 1, 128, 'MEGA GDL GOB CURIEL', '172.20.98.100', 0, 0);
INSERT INTO UNIFORMES.TATIENDAS (FIPAIS, FICANAL, FISUCURSAL, FCNOMBRE, FCDIRIP, FIIDCDISTRIBUCION, FIIDFORMADOR)
VALUES (1, 1, 137, 'MEGA P XONACATEPEC', '172.21.98.100', 0, 0);
INSERT INTO UNIFORMES.TATIENDAS (FIPAIS, FICANAL, FISUCURSAL, FCNOMBRE, FCDIRIP, FIIDCDISTRIBUCION, FIIDFORMADOR)
VALUES (1, 1, 144, 'MEGA CD JUAREZ AZT', '172.21.96.100', 0, 0);
INSERT INTO UNIFORMES.TATIENDAS (FIPAIS, FICANAL, FISUCURSAL, FCNOMBRE, FCDIRIP, FIIDCDISTRIBUCION, FIIDFORMADOR)
VALUES (1, 1, 148, 'EKT M MTY SOLIDARIDAD', '172.21.95.100', 0, 0);
INSERT INTO UNIFORMES.TATIENDAS (FIPAIS, FICANAL, FISUCURSAL, FCNOMBRE, FCDIRIP, FIIDCDISTRIBUCION, FIIDFORMADOR)
VALUES (1, 3, 150, 'SYR NUEVO LAREDO REFORMA', '10.47.138.100', 0, 0);
INSERT INTO UNIFORMES.TATIENDAS (FIPAIS, FICANAL, FISUCURSAL, FCNOMBRE, FCDIRIP, FIIDCDISTRIBUCION, FIIDFORMADOR)
VALUES (1, 1, 151, 'MEGA SLP HIDALGO', '172.21.104.100', 0, 0);
INSERT INTO UNIFORMES.TATIENDAS (FIPAIS, FICANAL, FISUCURSAL, FCNOMBRE, FCDIRIP, FIIDCDISTRIBUCION, FIIDFORMADOR)
VALUES (1, 1, 153, 'MEGA ORIZABA COLON', '172.23.99.100', 0, 0);
INSERT INTO UNIFORMES.TATIENDAS (FIPAIS, FICANAL, FISUCURSAL, FCNOMBRE, FCDIRIP, FIIDCDISTRIBUCION, FIIDFORMADOR)
VALUES (1, 1, 162, 'MEGA SALAMANCA HIDALGO', '172.20.101.100', 0, 0);
INSERT INTO UNIFORMES.TATIENDAS (FIPAIS, FICANAL, FISUCURSAL, FCNOMBRE, FCDIRIP, FIIDCDISTRIBUCION, FIIDFORMADOR)
VALUES (1, 1, 165, 'MEGA MIXCOAC STA LUCIA', '172.20.119.100', 0, 0);
INSERT INTO UNIFORMES.TATIENDAS (FIPAIS, FICANAL, FISUCURSAL, FCNOMBRE, FCDIRIP, FIIDCDISTRIBUCION, FIIDFORMADOR)
VALUES (1, 1, 168, 'EKT LOS REYES LA PAZ', '172.22.179.100', 0, 0);
INSERT INTO UNIFORMES.TATIENDAS (FIPAIS, FICANAL, FISUCURSAL, FCNOMBRE, FCDIRIP, FIIDCDISTRIBUCION, FIIDFORMADOR)
VALUES (1, 1, 175, 'EKT MANZANILLO SALAHUA', '172.22.172.100', 0, 0);
INSERT INTO UNIFORMES.TATIENDAS (FIPAIS, FICANAL, FISUCURSAL, FCNOMBRE, FCDIRIP, FIIDCDISTRIBUCION, FIIDFORMADOR)
VALUES (1, 1, 178, 'EKT MEGA VERACRUZ NUEVA ERA', '172.20.148.100', 0, 0);
INSERT INTO UNIFORMES.TATIENDAS (FIPAIS, FICANAL, FISUCURSAL, FCNOMBRE, FCDIRIP, FIIDCDISTRIBUCION, FIIDFORMADOR)
VALUES (1, 1, 179, 'EKT LOS REYES MICHOACAN', '172.23.190.100', 0, 0);
INSERT INTO UNIFORMES.TATIENDAS (FIPAIS, FICANAL, FISUCURSAL, FCNOMBRE, FCDIRIP, FIIDCDISTRIBUCION, FIIDFORMADOR)
VALUES (1, 1, 180, 'EKT OAXACA BUGAMBILIAS', '172.23.104.100', 0, 0);
INSERT INTO UNIFORMES.TATIENDAS (FIPAIS, FICANAL, FISUCURSAL, FCNOMBRE, FCDIRIP, FIIDCDISTRIBUCION, FIIDFORMADOR)
VALUES (1, 1, 181, 'EKT CHICONAUTLA ECATEPEC', '172.21.97.100', 0, 0);
INSERT INTO UNIFORMES.TATIENDAS (FIPAIS, FICANAL, FISUCURSAL, FCNOMBRE, FCDIRIP, FIIDCDISTRIBUCION, FIIDFORMADOR)
VALUES (1, 1, 182, 'EKT LA JOYA ECATEPEC', '172.22.97.100', 0, 0);
INSERT INTO UNIFORMES.TATIENDAS (FIPAIS, FICANAL, FISUCURSAL, FCNOMBRE, FCDIRIP, FIIDCDISTRIBUCION, FIIDFORMADOR)
VALUES (1, 1, 184, 'EKT SAN JUAN IXTACALA', '172.20.106.100', 0, 0);
INSERT INTO UNIFORMES.TATIENDAS (FIPAIS, FICANAL, FISUCURSAL, FCNOMBRE, FCDIRIP, FIIDCDISTRIBUCION, FIIDFORMADOR)
VALUES (1, 1, 185, 'EKT BENITO JUAREZ CUAUTEPEC', '172.23.157.100', 0, 0);
INSERT INTO UNIFORMES.TATIENDAS (FIPAIS, FICANAL, FISUCURSAL, FCNOMBRE, FCDIRIP, FIIDCDISTRIBUCION, FIIDFORMADOR)
VALUES (1, 1, 186, 'EKT 5 NORTE PUEBLA', '10.42.97.100', 0, 0);
INSERT INTO UNIFORMES.TATIENDAS (FIPAIS, FICANAL, FISUCURSAL, FCNOMBRE, FCDIRIP, FIIDCDISTRIBUCION, FIIDFORMADOR)
VALUES (1, 1, 187, 'EKT 5 DE MAYO PUEBLA', '10.42.96.100', 0, 0);
INSERT INTO UNIFORMES.TATIENDAS (FIPAIS, FICANAL, FISUCURSAL, FCNOMBRE, FCDIRIP, FIIDCDISTRIBUCION, FIIDFORMADOR)
VALUES (1, 1, 188, 'EKT ORIZABA MADERO', '10.42.75.100', 0, 0);
INSERT INTO UNIFORMES.TATIENDAS (FIPAIS, FICANAL, FISUCURSAL, FCNOMBRE, FCDIRIP, FIIDCDISTRIBUCION, FIIDFORMADOR)
VALUES (1, 1, 190, 'EKT MINATITLAN LAS FUENTES', '172.26.253.100', 0, 0);
INSERT INTO UNIFORMES.TATIENDAS (FIPAIS, FICANAL, FISUCURSAL, FCNOMBRE, FCDIRIP, FIIDCDISTRIBUCION, FIIDFORMADOR)
VALUES (1, 1, 191, 'EKT CARDENAS BANDALA', '10.41.168.100', 0, 0);
INSERT INTO UNIFORMES.TATIENDAS (FIPAIS, FICANAL, FISUCURSAL, FCNOMBRE, FCDIRIP, FIIDCDISTRIBUCION, FIIDFORMADOR)
VALUES (1, 1, 192, 'EKT COMALCALCO JUAREZ', '10.41.201.100', 0, 0);
INSERT INTO UNIFORMES.TATIENDAS (FIPAIS, FICANAL, FISUCURSAL, FCNOMBRE, FCDIRIP, FIIDCDISTRIBUCION, FIIDFORMADOR)
VALUES (1, 1, 195, 'EKT MERIDA CENTRO 65', '10.42.38.100', 0, 0);
INSERT INTO UNIFORMES.TATIENDAS (FIPAIS, FICANAL, FISUCURSAL, FCNOMBRE, FCDIRIP, FIIDCDISTRIBUCION, FIIDFORMADOR)
VALUES (1, 1, 196, 'EKT CAMPECHE ALAMEDA', '10.41.164.100', 0, 0);
INSERT INTO UNIFORMES.TATIENDAS (FIPAIS, FICANAL, FISUCURSAL, FCNOMBRE, FCDIRIP, FIIDCDISTRIBUCION, FIIDFORMADOR)
VALUES (1, 1, 197, 'EKT CIUDAD DEL CARMEN CENTRO', '10.41.175.100', 0, 0);
INSERT INTO UNIFORMES.TATIENDAS (FIPAIS, FICANAL, FISUCURSAL, FCNOMBRE, FCDIRIP, FIIDCDISTRIBUCION, FIIDFORMADOR)
VALUES (1, 1, 199, 'EKT IRAPUATO 4 LEANDRO VALLE', '10.41.252.100', 0, 0);
INSERT INTO UNIFORMES.TATIENDAS (FIPAIS, FICANAL, FISUCURSAL, FCNOMBRE, FCDIRIP, FIIDCDISTRIBUCION, FIIDFORMADOR)
VALUES (1, 1, 200, 'EKT SAN ANDRES ATENCO', '172.21.110.100', 0, 0);
INSERT INTO UNIFORMES.TATIENDAS (FIPAIS, FICANAL, FISUCURSAL, FCNOMBRE, FCDIRIP, FIIDCDISTRIBUCION, FIIDFORMADOR)
VALUES (1, 1, 202, 'EKT PLAZA FIESTA', '10.42.87.100', 0, 0);
INSERT INTO UNIFORMES.TATIENDAS (FIPAIS, FICANAL, FISUCURSAL, FCNOMBRE, FCDIRIP, FIIDCDISTRIBUCION, FIIDFORMADOR)
VALUES (1, 1, 206, 'EKT REYNOSA POLANCO', '172.23.106.100', 0, 0);
INSERT INTO UNIFORMES.TATIENDAS (FIPAIS, FICANAL, FISUCURSAL, FCNOMBRE, FCDIRIP, FIIDCDISTRIBUCION, FIIDFORMADOR)
VALUES (1, 1, 209, 'EKT COATZACOALCOS UNIVERSIDAD', '172.22.99.100', 0, 0);
INSERT INTO UNIFORMES.TATIENDAS (FIPAIS, FICANAL, FISUCURSAL, FCNOMBRE, FCDIRIP, FIIDCDISTRIBUCION, FIIDFORMADOR)
VALUES (1, 1, 210, 'EKT LEON ALEMAN', '10.42.41.100', 0, 0);
INSERT INTO UNIFORMES.TATIENDAS (FIPAIS, FICANAL, FISUCURSAL, FCNOMBRE, FCDIRIP, FIIDCDISTRIBUCION, FIIDFORMADOR)
VALUES (1, 1, 212, 'EKT TUXTEPEC INDEPENDENCIA', '10.42.184.100', 0, 0);
INSERT INTO UNIFORMES.TATIENDAS (FIPAIS, FICANAL, FISUCURSAL, FCNOMBRE, FCDIRIP, FIIDCDISTRIBUCION, FIIDFORMADOR)
VALUES (1, 1, 213, 'EKT XALAPA LAZARO CARDENAS', '10.42.198.100', 0, 0);
INSERT INTO UNIFORMES.TATIENDAS (FIPAIS, FICANAL, FISUCURSAL, FCNOMBRE, FCDIRIP, FIIDCDISTRIBUCION, FIIDFORMADOR)
VALUES (1, 1, 214, 'EKT CHETUMAL HEROES', '172.27.114.100', 0, 0);
INSERT INTO UNIFORMES.TATIENDAS (FIPAIS, FICANAL, FISUCURSAL, FCNOMBRE, FCDIRIP, FIIDCDISTRIBUCION, FIIDFORMADOR)
VALUES (1, 1, 215, 'EKT CELAYA MORELOS', '10.40.61.100', 0, 0);
INSERT INTO UNIFORMES.TATIENDAS (FIPAIS, FICANAL, FISUCURSAL, FCNOMBRE, FCDIRIP, FIIDCDISTRIBUCION, FIIDFORMADOR)
VALUES (1, 1, 218, 'MEGA OAXACA SIMBOLOS PATRIOS', '172.22.136.100', 0, 0);
INSERT INTO UNIFORMES.TATIENDAS (FIPAIS, FICANAL, FISUCURSAL, FCNOMBRE, FCDIRIP, FIIDCDISTRIBUCION, FIIDFORMADOR)
VALUES (1, 71, 252, 'EKT DAZ CHAMPOTON', '10.38.111.200', 0, 0);
INSERT INTO UNIFORMES.TATIENDAS (FIPAIS, FICANAL, FISUCURSAL, FCNOMBRE, FCDIRIP, FIIDCDISTRIBUCION, FIIDFORMADOR)
VALUES (1, 1, 259, 'MEGA CD VICTORIA', '172.21.179.100', 0, 0);
INSERT INTO UNIFORMES.TATIENDAS (FIPAIS, FICANAL, FISUCURSAL, FCNOMBRE, FCDIRIP, FIIDCDISTRIBUCION, FIIDFORMADOR)
VALUES (1, 3, 266, 'SYR CAPU', '10.47.106.100', 0, 0);
INSERT INTO UNIFORMES.TATIENDAS (FIPAIS, FICANAL, FISUCURSAL, FCNOMBRE, FCDIRIP, FIIDCDISTRIBUCION, FIIDFORMADOR)
VALUES (1, 3, 267, 'SYR CORDOBA', '10.47.116.100', 0, 0);
INSERT INTO UNIFORMES.TATIENDAS (FIPAIS, FICANAL, FISUCURSAL, FCNOMBRE, FCDIRIP, FIIDCDISTRIBUCION, FIIDFORMADOR)
VALUES (1, 1, 301, 'EKT INGUARAN', '172.21.221.100', 0, 0);
INSERT INTO UNIFORMES.TATIENDAS (FIPAIS, FICANAL, FISUCURSAL, FCNOMBRE, FCDIRIP, FIIDCDISTRIBUCION, FIIDFORMADOR)
VALUES (1, 71, 317, 'EKT DAZ AZOYU GUERRERO', '10.38.102.70', 0, 0);
INSERT INTO UNIFORMES.TATIENDAS (FIPAIS, FICANAL, FISUCURSAL, FCNOMBRE, FCDIRIP, FIIDCDISTRIBUCION, FIIDFORMADOR)
VALUES (1, 125, 901, 'ELEKTRA REMATE CUAUTITLAN', '10.40.5.100', 0, 0);
INSERT INTO UNIFORMES.TATIENDAS (FIPAIS, FICANAL, FISUCURSAL, FCNOMBRE, FCDIRIP, FIIDCDISTRIBUCION, FIIDFORMADOR)
VALUES (1, 1, 903, 'EKT ERMITA 1 LA VIGA', '172.21.250.100', 0, 0);
INSERT INTO UNIFORMES.TATIENDAS (FIPAIS, FICANAL, FISUCURSAL, FCNOMBRE, FCDIRIP, FIIDCDISTRIBUCION, FIIDFORMADOR)
VALUES (1, 71, 933, 'EKT DAZ FRAY SERVANDO TERESA MIER', '10.38.111.70', 0, 0);
INSERT INTO UNIFORMES.TATIENDAS (FIPAIS, FICANAL, FISUCURSAL, FCNOMBRE, FCDIRIP, FIIDCDISTRIBUCION, FIIDFORMADOR)
VALUES (1, 71, 934, 'EKT DAZ GUERRERO DF', '10.38.111.140', 0, 0);
INSERT INTO UNIFORMES.TATIENDAS (FIPAIS, FICANAL, FISUCURSAL, FCNOMBRE, FCDIRIP, FIIDCDISTRIBUCION, FIIDFORMADOR)
VALUES (1, 71, 972, 'EKT DAZ CD CONSTITUCION', '10.38.201.200', 0, 0);
INSERT INTO UNIFORMES.TATIENDAS (FIPAIS, FICANAL, FISUCURSAL, FCNOMBRE, FCDIRIP, FIIDCDISTRIBUCION, FIIDFORMADOR)
VALUES (1, 1, 974, 'MEGA APASEO EL GRANDE', '172.20.121.100', 0, 0);
INSERT INTO UNIFORMES.TATIENDAS (FIPAIS, FICANAL, FISUCURSAL, FCNOMBRE, FCDIRIP, FIIDCDISTRIBUCION, FIIDFORMADOR)
VALUES (1, 1, 987, 'MEGA VALLE DE CHALCO', '172.22.233.100', 0, 0);
INSERT INTO UNIFORMES.TATIENDAS (FIPAIS, FICANAL, FISUCURSAL, FCNOMBRE, FCDIRIP, FIIDCDISTRIBUCION, FIIDFORMADOR)
VALUES (1, 1, 990, 'MEGA PARRAL', '172.22.107.100', 0, 0);
INSERT INTO UNIFORMES.TATIENDAS (FIPAIS, FICANAL, FISUCURSAL, FCNOMBRE, FCDIRIP, FIIDCDISTRIBUCION, FIIDFORMADOR)
VALUES (1, 1, 1009, 'EKT CD AZTECA', '172.23.194.100', 0, 0);
INSERT INTO UNIFORMES.TATIENDAS (FIPAIS, FICANAL, FISUCURSAL, FCNOMBRE, FCDIRIP, FIIDCDISTRIBUCION, FIIDFORMADOR)
VALUES (1, 1, 1012, 'MEGA YAUTEPEC', '172.23.150.100', 0, 0);
INSERT INTO UNIFORMES.TATIENDAS (FIPAIS, FICANAL, FISUCURSAL, FCNOMBRE, FCDIRIP, FIIDCDISTRIBUCION, FIIDFORMADOR)
VALUES (1, 1, 1025, 'MEGA LOS REYES CENTRO', '172.22.157.100', 0, 0);
INSERT INTO UNIFORMES.TATIENDAS (FIPAIS, FICANAL, FISUCURSAL, FCNOMBRE, FCDIRIP, FIIDCDISTRIBUCION, FIIDFORMADOR)
VALUES (1, 1, 1037, 'EKT MEXICALI BLVD LAZARO CARDENAS', '172.21.232.100', 0, 0);
INSERT INTO UNIFORMES.TATIENDAS (FIPAIS, FICANAL, FISUCURSAL, FCNOMBRE, FCDIRIP, FIIDCDISTRIBUCION, FIIDFORMADOR)
VALUES (1, 1, 1054, 'MEGA SAN MIGUEL DE ALLENDE', '172.22.162.100', 0, 0);
INSERT INTO UNIFORMES.TATIENDAS (FIPAIS, FICANAL, FISUCURSAL, FCNOMBRE, FCDIRIP, FIIDCDISTRIBUCION, FIIDFORMADOR)
VALUES (1, 1, 1067, 'EKT TLALNEPANTLA 2 HIDALGO', '172.21.188.100', 0, 0);
INSERT INTO UNIFORMES.TATIENDAS (FIPAIS, FICANAL, FISUCURSAL, FCNOMBRE, FCDIRIP, FIIDCDISTRIBUCION, FIIDFORMADOR)
VALUES (1, 1, 1070, 'EKT IRAPUATO 2 DIAZ ORDAZ', '172.22.200.100', 0, 0);
INSERT INTO UNIFORMES.TATIENDAS (FIPAIS, FICANAL, FISUCURSAL, FCNOMBRE, FCDIRIP, FIIDCDISTRIBUCION, FIIDFORMADOR)
VALUES (1, 1, 1079, 'EKT CORTAZAR GTO', '172.20.94.100', 0, 0);
INSERT INTO UNIFORMES.TATIENDAS (FIPAIS, FICANAL, FISUCURSAL, FCNOMBRE, FCDIRIP, FIIDCDISTRIBUCION, FIIDFORMADOR)
VALUES (1, 1, 1083, 'EKT TONALA CHIS', '172.21.208.100', 0, 0);
INSERT INTO UNIFORMES.TATIENDAS (FIPAIS, FICANAL, FISUCURSAL, FCNOMBRE, FCDIRIP, FIIDCDISTRIBUCION, FIIDFORMADOR)
VALUES (1, 1, 1085, 'EKT GUADALAJARA EL COLLI', '172.20.85.100', 0, 0);
INSERT INTO UNIFORMES.TATIENDAS (FIPAIS, FICANAL, FISUCURSAL, FCNOMBRE, FCDIRIP, FIIDCDISTRIBUCION, FIIDFORMADOR)
VALUES (1, 1, 1089, 'EKT MORELIA PEDREGAL', '172.21.239.100', 0, 0);
INSERT INTO UNIFORMES.TATIENDAS (FIPAIS, FICANAL, FISUCURSAL, FCNOMBRE, FCDIRIP, FIIDCDISTRIBUCION, FIIDFORMADOR)
VALUES (1, 1, 1094, 'EKT CANCUN REGION 94', '172.20.233.100', 0, 0);
INSERT INTO UNIFORMES.TATIENDAS (FIPAIS, FICANAL, FISUCURSAL, FCNOMBRE, FCDIRIP, FIIDCDISTRIBUCION, FIIDFORMADOR)
VALUES (1, 1, 1099, 'EKT  SAN JOSE DEL CABO GUAYMITAS', '10.40.160.100', 0, 0);
INSERT INTO UNIFORMES.TATIENDAS (FIPAIS, FICANAL, FISUCURSAL, FCNOMBRE, FCDIRIP, FIIDCDISTRIBUCION, FIIDFORMADOR)
VALUES (1, 1, 1104, 'EKT EL SALTO DURANGO', '10.40.162.100', 0, 0);
INSERT INTO UNIFORMES.TATIENDAS (FIPAIS, FICANAL, FISUCURSAL, FCNOMBRE, FCDIRIP, FIIDCDISTRIBUCION, FIIDFORMADOR)
VALUES (1, 1, 1106, 'EKT TEXCOCO 1 BRAVO', '172.21.177.100', 0, 0);
INSERT INTO UNIFORMES.TATIENDAS (FIPAIS, FICANAL, FISUCURSAL, FCNOMBRE, FCDIRIP, FIIDCDISTRIBUCION, FIIDFORMADOR)
VALUES (1, 1, 1119, 'MEGA MORELIA CENTRO', '172.21.227.100', 0, 0);
INSERT INTO UNIFORMES.TATIENDAS (FIPAIS, FICANAL, FISUCURSAL, FCNOMBRE, FCDIRIP, FIIDCDISTRIBUCION, FIIDFORMADOR)
VALUES (1, 1, 1122, 'EKT ZAMORA 2 MADERO', '172.20.232.100', 0, 0);
INSERT INTO UNIFORMES.TATIENDAS (FIPAIS, FICANAL, FISUCURSAL, FCNOMBRE, FCDIRIP, FIIDCDISTRIBUCION, FIIDFORMADOR)
VALUES (1, 1, 1135, 'MEGA ACAPULCO RENACIMIENTO', '172.23.249.100', 0, 0);
INSERT INTO UNIFORMES.TATIENDAS (FIPAIS, FICANAL, FISUCURSAL, FCNOMBRE, FCDIRIP, FIIDCDISTRIBUCION, FIIDFORMADOR)
VALUES (1, 1, 1139, 'EKT APAN HIDALGO', '172.23.133.100', 0, 0);
INSERT INTO UNIFORMES.TATIENDAS (FIPAIS, FICANAL, FISUCURSAL, FCNOMBRE, FCDIRIP, FIIDCDISTRIBUCION, FIIDFORMADOR)
VALUES (1, 1, 1158, 'EKT CHIMALHUACAN BARRIO XOCHITENCO', '172.22.175.100', 0, 0);
INSERT INTO UNIFORMES.TATIENDAS (FIPAIS, FICANAL, FISUCURSAL, FCNOMBRE, FCDIRIP, FIIDCDISTRIBUCION, FIIDFORMADOR)
VALUES (1, 1, 1174, 'EKT CHILPAN TULTITLAN', '172.23.160.100', 0, 0);
INSERT INTO UNIFORMES.TATIENDAS (FIPAIS, FICANAL, FISUCURSAL, FCNOMBRE, FCDIRIP, FIIDCDISTRIBUCION, FIIDFORMADOR)
VALUES (1, 1, 1177, 'MEGA ECATEPEC', '172.22.253.100', 0, 0);
INSERT INTO UNIFORMES.TATIENDAS (FIPAIS, FICANAL, FISUCURSAL, FCNOMBRE, FCDIRIP, FIIDCDISTRIBUCION, FIIDFORMADOR)
VALUES (1, 1, 1203, 'EKT TOLUCA', '172.24.103.100', 0, 0);
INSERT INTO UNIFORMES.TATIENDAS (FIPAIS, FICANAL, FISUCURSAL, FCNOMBRE, FCDIRIP, FIIDCDISTRIBUCION, FIIDFORMADOR)
VALUES (1, 1, 1206, 'EKT REVOLUCION JALAPA VERACRUZ', '10.40.163.100', 0, 0);
INSERT INTO UNIFORMES.TATIENDAS (FIPAIS, FICANAL, FISUCURSAL, FCNOMBRE, FCDIRIP, FIIDCDISTRIBUCION, FIIDFORMADOR)
VALUES (1, 1, 1229, 'EKT CAMPECHE', '172.23.222.100', 0, 0);
INSERT INTO UNIFORMES.TATIENDAS (FIPAIS, FICANAL, FISUCURSAL, FCNOMBRE, FCDIRIP, FIIDCDISTRIBUCION, FIIDFORMADOR)
VALUES (1, 71, 364, 'EKT DAZ ACUÑA', '10.38.113.10', 0, 0);
INSERT INTO UNIFORMES.TATIENDAS (FIPAIS, FICANAL, FISUCURSAL, FCNOMBRE, FCDIRIP, FIIDCDISTRIBUCION, FIIDFORMADOR)
VALUES (1, 1, 408, 'EKT PUEBLA 1 CENTRO', '172.21.253.100', 0, 0);
INSERT INTO UNIFORMES.TATIENDAS (FIPAIS, FICANAL, FISUCURSAL, FCNOMBRE, FCDIRIP, FIIDCDISTRIBUCION, FIIDFORMADOR)
VALUES (1, 2, 424, 'BDR CHALCO', '172.20.149.100', 0, 0);
INSERT INTO UNIFORMES.TATIENDAS (FIPAIS, FICANAL, FISUCURSAL, FCNOMBRE, FCDIRIP, FIIDCDISTRIBUCION, FIIDFORMADOR)
VALUES (1, 1, 466, 'EKT GUADALUPE ZACATECAS', '172.22.126.100', 0, 0);
INSERT INTO UNIFORMES.TATIENDAS (FIPAIS, FICANAL, FISUCURSAL, FCNOMBRE, FCDIRIP, FIIDCDISTRIBUCION, FIIDFORMADOR)
VALUES (1, 1, 479, 'EKT TEJUPILCO', '172.21.146.100', 0, 0);
INSERT INTO UNIFORMES.TATIENDAS (FIPAIS, FICANAL, FISUCURSAL, FCNOMBRE, FCDIRIP, FIIDCDISTRIBUCION, FIIDFORMADOR)
VALUES (1, 1, 482, 'EKT VALLE SANTIAGO', '172.21.138.100', 0, 0);
INSERT INTO UNIFORMES.TATIENDAS (FIPAIS, FICANAL, FISUCURSAL, FCNOMBRE, FCDIRIP, FIIDCDISTRIBUCION, FIIDFORMADOR)
VALUES (1, 1, 495, 'EKT APODACA', '172.23.125.100', 0, 0);
INSERT INTO UNIFORMES.TATIENDAS (FIPAIS, FICANAL, FISUCURSAL, FCNOMBRE, FCDIRIP, FIIDCDISTRIBUCION, FIIDFORMADOR)
VALUES (1, 1, 518, 'EKT QUERETARO REFORMA', '172.23.236.100', 0, 0);
INSERT INTO UNIFORMES.TATIENDAS (FIPAIS, FICANAL, FISUCURSAL, FCNOMBRE, FCDIRIP, FIIDCDISTRIBUCION, FIIDFORMADOR)
VALUES (1, 1, 534, 'EKT TICUL', '172.21.156.100', 0, 0);
INSERT INTO UNIFORMES.TATIENDAS (FIPAIS, FICANAL, FISUCURSAL, FCNOMBRE, FCDIRIP, FIIDCDISTRIBUCION, FIIDFORMADOR)
VALUES (1, 1, 547, 'EKT CASAS GRANDES', '172.21.149.100', 0, 0);
INSERT INTO UNIFORMES.TATIENDAS (FIPAIS, FICANAL, FISUCURSAL, FCNOMBRE, FCDIRIP, FIIDCDISTRIBUCION, FIIDFORMADOR)
VALUES (1, 1, 550, 'MEGA NUEVO LAREDO DR MIER', '172.23.161.100', 0, 0);
INSERT INTO UNIFORMES.TATIENDAS (FIPAIS, FICANAL, FISUCURSAL, FCNOMBRE, FCDIRIP, FIIDCDISTRIBUCION, FIIDFORMADOR)
VALUES (1, 1, 563, 'MEGA ZAPOPAN', '172.20.252.100', 0, 0);
INSERT INTO UNIFORMES.TATIENDAS (FIPAIS, FICANAL, FISUCURSAL, FCNOMBRE, FCDIRIP, FIIDCDISTRIBUCION, FIIDFORMADOR)
VALUES (1, 1, 576, 'MEGA CALPULALPAN', '172.23.187.100', 0, 0);
INSERT INTO UNIFORMES.TATIENDAS (FIPAIS, FICANAL, FISUCURSAL, FCNOMBRE, FCDIRIP, FIIDCDISTRIBUCION, FIIDFORMADOR)
VALUES (1, 1, 592, 'MEGA ZINACANTEPEC', '172.21.219.100', 0, 0);
INSERT INTO UNIFORMES.TATIENDAS (FIPAIS, FICANAL, FISUCURSAL, FCNOMBRE, FCDIRIP, FIIDCDISTRIBUCION, FIIDFORMADOR)
VALUES (1, 1, 602, 'EKT LEON 2 PINO SUAREZ', '172.23.207.100', 0, 0);
INSERT INTO UNIFORMES.TATIENDAS (FIPAIS, FICANAL, FISUCURSAL, FCNOMBRE, FCDIRIP, FIIDCDISTRIBUCION, FIIDFORMADOR)
VALUES (1, 1, 615, 'MEGA EMILIANO ZAPATA', '172.20.146.100', 0, 0);
INSERT INTO UNIFORMES.TATIENDAS (FIPAIS, FICANAL, FISUCURSAL, FCNOMBRE, FCDIRIP, FIIDCDISTRIBUCION, FIIDFORMADOR)
VALUES (1, 1, 628, 'MEGA MAGDALENA DE KINO', '172.21.117.100', 0, 0);
INSERT INTO UNIFORMES.TATIENDAS (FIPAIS, FICANAL, FISUCURSAL, FCNOMBRE, FCDIRIP, FIIDCDISTRIBUCION, FIIDFORMADOR)
VALUES (1, 1, 631, 'MEGA SAN MATEO ATENCO', '172.21.183.100', 0, 0);
INSERT INTO UNIFORMES.TATIENDAS (FIPAIS, FICANAL, FISUCURSAL, FCNOMBRE, FCDIRIP, FIIDCDISTRIBUCION, FIIDFORMADOR)
VALUES (1, 1, 644, 'MEGA AGUA PRIETA', '172.22.116.100', 0, 0);
INSERT INTO UNIFORMES.TATIENDAS (FIPAIS, FICANAL, FISUCURSAL, FCNOMBRE, FCDIRIP, FIIDCDISTRIBUCION, FIIDFORMADOR)
VALUES (1, 1, 657, 'MEGA CABORCA', '172.20.131.100', 0, 0);
INSERT INTO UNIFORMES.TATIENDAS (FIPAIS, FICANAL, FISUCURSAL, FCNOMBRE, FCDIRIP, FIIDCDISTRIBUCION, FIIDFORMADOR)
VALUES (1, 1, 660, 'MEGA SANTIAGO PAPASQUIARO', '172.21.129.100', 0, 0);
INSERT INTO UNIFORMES.TATIENDAS (FIPAIS, FICANAL, FISUCURSAL, FCNOMBRE, FCDIRIP, FIIDCDISTRIBUCION, FIIDFORMADOR)
VALUES (1, 1, 673, 'MEGA MIRAMONTES', '10.54.28.114', 0, 0);
INSERT INTO UNIFORMES.TATIENDAS (FIPAIS, FICANAL, FISUCURSAL, FCNOMBRE, FCDIRIP, FIIDCDISTRIBUCION, FIIDFORMADOR)
VALUES (1, 1, 709, 'MEGA CORDOBA', '172.20.204.100', 0, 0);
INSERT INTO UNIFORMES.TATIENDAS (FIPAIS, FICANAL, FISUCURSAL, FCNOMBRE, FCDIRIP, FIIDCDISTRIBUCION, FIIDFORMADOR)
VALUES (1, 71, 755, 'EKT DAZ EDO MEX TECAMAC', '10.38.189.200', 0, 0);
INSERT INTO UNIFORMES.TATIENDAS (FIPAIS, FICANAL, FISUCURSAL, FCNOMBRE, FCDIRIP, FIIDCDISTRIBUCION, FIIDFORMADOR)
VALUES (1, 1, 770, 'MEGA MUZQUIZ', '172.21.131.100', 0, 0);
INSERT INTO UNIFORMES.TATIENDAS (FIPAIS, FICANAL, FISUCURSAL, FCNOMBRE, FCDIRIP, FIIDCDISTRIBUCION, FIIDFORMADOR)
VALUES (1, 1, 783, 'MEGA  ARANDAS', '172.20.151.100', 0, 0);
INSERT INTO UNIFORMES.TATIENDAS (FIPAIS, FICANAL, FISUCURSAL, FCNOMBRE, FCDIRIP, FIIDCDISTRIBUCION, FIIDFORMADOR)
VALUES (1, 1, 806, 'EKT CUAUTITLAN', '172.20.217.100', 0, 0);
INSERT INTO UNIFORMES.TATIENDAS (FIPAIS, FICANAL, FISUCURSAL, FCNOMBRE, FCDIRIP, FIIDCDISTRIBUCION, FIIDFORMADOR)
VALUES (1, 71, 814, 'EKT DAZ INSURGENTES TONALA', '10.38.105.70', 0, 0);
INSERT INTO UNIFORMES.TATIENDAS (FIPAIS, FICANAL, FISUCURSAL, FCNOMBRE, FCDIRIP, FIIDCDISTRIBUCION, FIIDFORMADOR)
VALUES (1, 1, 819, 'MEGA SANTIAGO IXCUINTLA', '172.21.132.100', 0, 0);
INSERT INTO UNIFORMES.TATIENDAS (FIPAIS, FICANAL, FISUCURSAL, FCNOMBRE, FCDIRIP, FIIDCDISTRIBUCION, FIIDFORMADOR)
VALUES (1, 1, 822, 'MEGA CD ACUÑA', '172.20.137.100', 0, 0);
INSERT INTO UNIFORMES.TATIENDAS (FIPAIS, FICANAL, FISUCURSAL, FCNOMBRE, FCDIRIP, FIIDCDISTRIBUCION, FIIDFORMADOR)
VALUES (1, 1, 835, 'MEGA SANTA MARIA MONTERREY', '172.24.105.100', 0, 0);
INSERT INTO UNIFORMES.TATIENDAS (FIPAIS, FICANAL, FISUCURSAL, FCNOMBRE, FCDIRIP, FIIDCDISTRIBUCION, FIIDFORMADOR)
VALUES (1, 71, 1777, 'EKT DAZ ALAMEDA SAN JOSE DEL CASTILLO', '10.38.168.10', 0, 0);
INSERT INTO UNIFORMES.TATIENDAS (FIPAIS, FICANAL, FISUCURSAL, FCNOMBRE, FCDIRIP, FIIDCDISTRIBUCION, FIIDFORMADOR)
VALUES (1, 1, 1779, 'EKT NAVOJOA', '172.26.140.100', 0, 0);
INSERT INTO UNIFORMES.TATIENDAS (FIPAIS, FICANAL, FISUCURSAL, FCNOMBRE, FCDIRIP, FIIDCDISTRIBUCION, FIIDFORMADOR)
VALUES (1, 1, 1795, 'EKT PROGRESO NACIONAL', '172.23.189.100', 0, 0);
INSERT INTO UNIFORMES.TATIENDAS (FIPAIS, FICANAL, FISUCURSAL, FCNOMBRE, FCDIRIP, FIIDCDISTRIBUCION, FIIDFORMADOR)
VALUES (1, 1, 1818, 'MEGA GUAYMAS', '172.21.243.100', 0, 0);
INSERT INTO UNIFORMES.TATIENDAS (FIPAIS, FICANAL, FISUCURSAL, FCNOMBRE, FCDIRIP, FIIDCDISTRIBUCION, FIIDFORMADOR)
VALUES (1, 1, 1834, 'EKT CUERNAVACA 2 CHAPULTEPEC', '172.21.228.100', 0, 0);
INSERT INTO UNIFORMES.TATIENDAS (FIPAIS, FICANAL, FISUCURSAL, FCNOMBRE, FCDIRIP, FIIDCDISTRIBUCION, FIIDFORMADOR)
VALUES (1, 1, 1850, 'EKT PROVIDENCIA', '172.23.144.100', 0, 0);
INSERT INTO UNIFORMES.TATIENDAS (FIPAIS, FICANAL, FISUCURSAL, FCNOMBRE, FCDIRIP, FIIDCDISTRIBUCION, FIIDFORMADOR)
VALUES (1, 1, 1863, 'EKT JALAPA 1 AVILA CAMACHO', '172.21.207.100', 0, 0);
INSERT INTO UNIFORMES.TATIENDAS (FIPAIS, FICANAL, FISUCURSAL, FCNOMBRE, FCDIRIP, FIIDCDISTRIBUCION, FIIDFORMADOR)
VALUES (1, 1, 1876, 'EKT MARTIN CARRERA', '172.22.183.100', 0, 0);
INSERT INTO UNIFORMES.TATIENDAS (FIPAIS, FICANAL, FISUCURSAL, FCNOMBRE, FCDIRIP, FIIDCDISTRIBUCION, FIIDFORMADOR)
VALUES (1, 1, 1889, 'EKT ERMITA 2 GRANJAS', '172.20.136.100', 0, 0);
INSERT INTO UNIFORMES.TATIENDAS (FIPAIS, FICANAL, FISUCURSAL, FCNOMBRE, FCDIRIP, FIIDCDISTRIBUCION, FIIDFORMADOR)
VALUES (1, 1, 1892, 'EKT GABRIEL HERNANDEZ', '172.20.165.100', 0, 0);
INSERT INTO UNIFORMES.TATIENDAS (FIPAIS, FICANAL, FISUCURSAL, FCNOMBRE, FCDIRIP, FIIDCDISTRIBUCION, FIIDFORMADOR)
VALUES (1, 1, 1902, 'EKT TACUBA 1 CALZ MEX', '172.21.184.100', 0, 0);
INSERT INTO UNIFORMES.TATIENDAS (FIPAIS, FICANAL, FISUCURSAL, FCNOMBRE, FCDIRIP, FIIDCDISTRIBUCION, FIIDFORMADOR)
VALUES (1, 1, 1915, 'MEGA ECATEPEC SN CRISTOBAL', '172.23.176.100', 0, 0);
INSERT INTO UNIFORMES.TATIENDAS (FIPAIS, FICANAL, FISUCURSAL, FCNOMBRE, FCDIRIP, FIIDCDISTRIBUCION, FIIDFORMADOR)
VALUES (1, 1, 1928, 'EKT TLALNEPANTLA 3 ALLENDE', '172.23.174.100', 0, 0);
INSERT INTO UNIFORMES.TATIENDAS (FIPAIS, FICANAL, FISUCURSAL, FCNOMBRE, FCDIRIP, FIIDCDISTRIBUCION, FIIDFORMADOR)
VALUES (1, 1, 1973, 'EKT OAXACA 3 CENTRO', '172.20.187.100', 0, 0);
INSERT INTO UNIFORMES.TATIENDAS (FIPAIS, FICANAL, FISUCURSAL, FCNOMBRE, FCDIRIP, FIIDCDISTRIBUCION, FIIDFORMADOR)
VALUES (1, 1, 2000, 'EKT REYNOSA JUAREZ', '172.27.109.100', 0, 0);
INSERT INTO UNIFORMES.TATIENDAS (FIPAIS, FICANAL, FISUCURSAL, FCNOMBRE, FCDIRIP, FIIDCDISTRIBUCION, FIIDFORMADOR)
VALUES (1, 1, 2001, 'EKT CD JUAREZ HENEQUEN', '172.23.135.100', 0, 0);
INSERT INTO UNIFORMES.TATIENDAS (FIPAIS, FICANAL, FISUCURSAL, FCNOMBRE, FCDIRIP, FIIDCDISTRIBUCION, FIIDFORMADOR)
VALUES (1, 1, 2002, 'EKT TIZIUTLAN HIDALGO', '172.22.140.100', 0, 0);
INSERT INTO UNIFORMES.TATIENDAS (FIPAIS, FICANAL, FISUCURSAL, FCNOMBRE, FCDIRIP, FIIDCDISTRIBUCION, FIIDFORMADOR)
VALUES (1, 1, 2004, 'EKT XICOTEPEC DE JUAREZ', '172.22.184.100', 0, 0);
INSERT INTO UNIFORMES.TATIENDAS (FIPAIS, FICANAL, FISUCURSAL, FCNOMBRE, FCDIRIP, FIIDCDISTRIBUCION, FIIDFORMADOR)
VALUES (1, 1, 2005, 'EKT TIJUANA CUCAPAH', '172.22.228.100', 0, 0);
INSERT INTO UNIFORMES.TATIENDAS (FIPAIS, FICANAL, FISUCURSAL, FCNOMBRE, FCDIRIP, FIIDCDISTRIBUCION, FIIDFORMADOR)
VALUES (1, 1, 2006, 'EKT MEXICALI SANTA BARBARA', '172.21.93.100', 0, 0);
INSERT INTO UNIFORMES.TATIENDAS (FIPAIS, FICANAL, FISUCURSAL, FCNOMBRE, FCDIRIP, FIIDCDISTRIBUCION, FIIDFORMADOR)
VALUES (1, 1, 2007, 'EKT NEZA MARAVILLAS', '172.23.227.100', 0, 0);
INSERT INTO UNIFORMES.TATIENDAS (FIPAIS, FICANAL, FISUCURSAL, FCNOMBRE, FCDIRIP, FIIDCDISTRIBUCION, FIIDFORMADOR)
VALUES (1, 1, 2008, 'MEGA ACAPULCO CENTRO', '172.22.251.100', 0, 0);
INSERT INTO UNIFORMES.TATIENDAS (FIPAIS, FICANAL, FISUCURSAL, FCNOMBRE, FCDIRIP, FIIDCDISTRIBUCION, FIIDFORMADOR)
VALUES (1, 1, 2009, 'EKT PANUCO VERACRUZ', '172.20.96.100', 0, 0);
INSERT INTO UNIFORMES.TATIENDAS (FIPAIS, FICANAL, FISUCURSAL, FCNOMBRE, FCDIRIP, FIIDCDISTRIBUCION, FIIDFORMADOR)
VALUES (1, 1, 2010, 'EKT MIZANTLA VER', '172.20.90.100', 0, 0);
INSERT INTO UNIFORMES.TATIENDAS (FIPAIS, FICANAL, FISUCURSAL, FCNOMBRE, FCDIRIP, FIIDCDISTRIBUCION, FIIDFORMADOR)
VALUES (1, 1, 2011, 'EKT LOS MOCHIS 2 ZARAGOZA', '172.20.234.100', 0, 0);
INSERT INTO UNIFORMES.TATIENDAS (FIPAIS, FICANAL, FISUCURSAL, FCNOMBRE, FCDIRIP, FIIDCDISTRIBUCION, FIIDFORMADOR)
VALUES (1, 1, 2012, 'EKT NUEVA SANTA CATARINA', '172.20.93.100', 0, 0);
INSERT INTO UNIFORMES.TATIENDAS (FIPAIS, FICANAL, FISUCURSAL, FCNOMBRE, FCDIRIP, FIIDCDISTRIBUCION, FIIDFORMADOR)
VALUES (1, 1, 2015, 'EKT YUCATAN MOTUL', '172.26.111.100', 0, 0);
INSERT INTO UNIFORMES.TATIENDAS (FIPAIS, FICANAL, FISUCURSAL, FCNOMBRE, FCDIRIP, FIIDCDISTRIBUCION, FIIDFORMADOR)
VALUES (1, 1, 2016, 'EKT TEHUANTEPEC OAX', '172.26.144.100', 0, 0);
INSERT INTO UNIFORMES.TATIENDAS (FIPAIS, FICANAL, FISUCURSAL, FCNOMBRE, FCDIRIP, FIIDCDISTRIBUCION, FIIDFORMADOR)
VALUES (1, 1, 2017, 'EKT TULTEPEC', '10.42.214.100', 0, 0);
INSERT INTO UNIFORMES.TATIENDAS (FIPAIS, FICANAL, FISUCURSAL, FCNOMBRE, FCDIRIP, FIIDCDISTRIBUCION, FIIDFORMADOR)
VALUES (1, 1, 2020, 'EKT SN LUIS RIO COL HERRADURA', '172.26.121.100', 0, 0);
INSERT INTO UNIFORMES.TATIENDAS (FIPAIS, FICANAL, FISUCURSAL, FCNOMBRE, FCDIRIP, FIIDCDISTRIBUCION, FIIDFORMADOR)
VALUES (1, 1, 2021, 'EKT TULTITLAN ADOLFO LOPEZ MATEOS', '172.26.141.100', 0, 0);
INSERT INTO UNIFORMES.TATIENDAS (FIPAIS, FICANAL, FISUCURSAL, FCNOMBRE, FCDIRIP, FIIDCDISTRIBUCION, FIIDFORMADOR)
VALUES (1, 1, 2023, 'EKT VILLA NICOLAS ROMERO BARRON', '172.26.170.100', 0, 0);
INSERT INTO UNIFORMES.TATIENDAS (FIPAIS, FICANAL, FISUCURSAL, FCNOMBRE, FCDIRIP, FIIDCDISTRIBUCION, FIIDFORMADOR)
VALUES (1, 1, 2024, 'MEGA SAN ANGEL', '172.20.202.100', 0, 0);
INSERT INTO UNIFORMES.TATIENDAS (FIPAIS, FICANAL, FISUCURSAL, FCNOMBRE, FCDIRIP, FIIDCDISTRIBUCION, FIIDFORMADOR)
VALUES (1, 125, 2025, 'ELEKTRA REMATE TOLUCA HERIBERTO ENRIQUEZ', '172.26.110.100', 0, 0);
INSERT INTO UNIFORMES.TATIENDAS (FIPAIS, FICANAL, FISUCURSAL, FCNOMBRE, FCDIRIP, FIIDCDISTRIBUCION, FIIDFORMADOR)
VALUES (1, 1, 2026, 'EKT CASAS ALEMAN BARRA DE NAUTLA', '172.26.109.100', 0, 0);
INSERT INTO UNIFORMES.TATIENDAS (FIPAIS, FICANAL, FISUCURSAL, FCNOMBRE, FCDIRIP, FIIDCDISTRIBUCION, FIIDFORMADOR)
VALUES (1, 1, 2205, 'EKT TIERRA COLORADA', '172.21.94.100', 0, 0);
INSERT INTO UNIFORMES.TATIENDAS (FIPAIS, FICANAL, FISUCURSAL, FCNOMBRE, FCDIRIP, FIIDCDISTRIBUCION, FIIDFORMADOR)
VALUES (1, 1, 2206, 'EKT VILLAHERMOSA PLAZA CRYSTAL', '172.26.118.100', 0, 0);
INSERT INTO UNIFORMES.TATIENDAS (FIPAIS, FICANAL, FISUCURSAL, FCNOMBRE, FCDIRIP, FIIDCDISTRIBUCION, FIIDFORMADOR)
VALUES (1, 1, 2207, 'EKT OAXACA HUATULCO TANGOLUNDA', '172.26.248.100', 0, 0);
INSERT INTO UNIFORMES.TATIENDAS (FIPAIS, FICANAL, FISUCURSAL, FCNOMBRE, FCDIRIP, FIIDCDISTRIBUCION, FIIDFORMADOR)
VALUES (1, 1, 2209, 'EKT ESCARCEGA', '172.26.108.100', 0, 0);
INSERT INTO UNIFORMES.TATIENDAS (FIPAIS, FICANAL, FISUCURSAL, FCNOMBRE, FCDIRIP, FIIDCDISTRIBUCION, FIIDFORMADOR)
VALUES (1, 1, 2212, 'EKT AGS  RINCON DE ROMOS', '172.26.123.100', 0, 0);
INSERT INTO UNIFORMES.TATIENDAS (FIPAIS, FICANAL, FISUCURSAL, FCNOMBRE, FCDIRIP, FIIDCDISTRIBUCION, FIIDFORMADOR)
VALUES (1, 1, 2213, 'EKT TABASCO BALANCAN', '172.26.228.100', 0, 0);
INSERT INTO UNIFORMES.TATIENDAS (FIPAIS, FICANAL, FISUCURSAL, FCNOMBRE, FCDIRIP, FIIDCDISTRIBUCION, FIIDFORMADOR)
VALUES (1, 1, 2214, 'EKT TABASCO PARRILLA', '172.26.229.100', 0, 0);
INSERT INTO UNIFORMES.TATIENDAS (FIPAIS, FICANAL, FISUCURSAL, FCNOMBRE, FCDIRIP, FIIDCDISTRIBUCION, FIIDFORMADOR)
VALUES (1, 1, 2215, 'EKT LAGUNILLA', '172.22.197.100', 0, 0);
INSERT INTO UNIFORMES.TATIENDAS (FIPAIS, FICANAL, FISUCURSAL, FCNOMBRE, FCDIRIP, FIIDCDISTRIBUCION, FIIDFORMADOR)
VALUES (1, 1, 2216, 'EKT YUCATAN TIZIMIN', '172.26.252.100', 0, 0);
INSERT INTO UNIFORMES.TATIENDAS (FIPAIS, FICANAL, FISUCURSAL, FCNOMBRE, FCDIRIP, FIIDCDISTRIBUCION, FIIDFORMADOR)
VALUES (1, 1, 2217, 'EKT URUAPAN LOS ANGELES', '172.26.246.100', 0, 0);
INSERT INTO UNIFORMES.TATIENDAS (FIPAIS, FICANAL, FISUCURSAL, FCNOMBRE, FCDIRIP, FIIDCDISTRIBUCION, FIIDFORMADOR)
VALUES (1, 1, 2218, 'EKT LEON PLAZA OBELISCO', '172.26.139.100', 0, 0);
INSERT INTO UNIFORMES.TATIENDAS (FIPAIS, FICANAL, FISUCURSAL, FCNOMBRE, FCDIRIP, FIIDCDISTRIBUCION, FIIDFORMADOR)
VALUES (1, 1, 2222, 'EKT ACAPULCO BLVAR DE LAS NACIONES', '172.26.99.100', 0, 0);
INSERT INTO UNIFORMES.TATIENDAS (FIPAIS, FICANAL, FISUCURSAL, FCNOMBRE, FCDIRIP, FIIDCDISTRIBUCION, FIIDFORMADOR)
VALUES (1, 1, 2223, 'EKT CIHUATLAN', '172.26.162.100', 0, 0);
INSERT INTO UNIFORMES.TATIENDAS (FIPAIS, FICANAL, FISUCURSAL, FCNOMBRE, FCDIRIP, FIIDCDISTRIBUCION, FIIDFORMADOR)
VALUES (1, 1, 2224, 'EKT ALAMO INDUSTRIAL', '172.26.143.100', 0, 0);
INSERT INTO UNIFORMES.TATIENDAS (FIPAIS, FICANAL, FISUCURSAL, FCNOMBRE, FCDIRIP, FIIDCDISTRIBUCION, FIIDFORMADOR)
VALUES (1, 1, 2225, 'EKT JALISCO ATOTONILCO', '172.26.168.100', 0, 0);
INSERT INTO UNIFORMES.TATIENDAS (FIPAIS, FICANAL, FISUCURSAL, FCNOMBRE, FCDIRIP, FIIDCDISTRIBUCION, FIIDFORMADOR)
VALUES (1, 1, 2228, 'MEGA CANCUN LOPEZ PORTILLO', '172.21.246.100', 0, 0);
INSERT INTO UNIFORMES.TATIENDAS (FIPAIS, FICANAL, FISUCURSAL, FCNOMBRE, FCDIRIP, FIIDCDISTRIBUCION, FIIDFORMADOR)
VALUES (1, 1, 2230, 'EKT MEXICALI LAGUNA', '172.26.153.100', 0, 0);
INSERT INTO UNIFORMES.TATIENDAS (FIPAIS, FICANAL, FISUCURSAL, FCNOMBRE, FCDIRIP, FIIDCDISTRIBUCION, FIIDFORMADOR)
VALUES (1, 1, 2244, 'MEGA AV AZTECAS DF', '10.51.116.174', 0, 0);
INSERT INTO UNIFORMES.TATIENDAS (FIPAIS, FICANAL, FISUCURSAL, FCNOMBRE, FCDIRIP, FIIDCDISTRIBUCION, FIIDFORMADOR)
VALUES (1, 1, 2273, 'EKT TECOMAN', '172.23.169.100', 0, 0);
INSERT INTO UNIFORMES.TATIENDAS (FIPAIS, FICANAL, FISUCURSAL, FCNOMBRE, FCDIRIP, FIIDCDISTRIBUCION, FIIDFORMADOR)
VALUES (1, 1, 2286, 'EKT TLAHUAC', '172.22.231.100', 0, 0);
INSERT INTO UNIFORMES.TATIENDAS (FIPAIS, FICANAL, FISUCURSAL, FCNOMBRE, FCDIRIP, FIIDCDISTRIBUCION, FIIDFORMADOR)
VALUES (1, 1, 2299, 'EKT QUERETARO 3 ZARAGOZA', '172.20.222.100', 0, 0);
INSERT INTO UNIFORMES.TATIENDAS (FIPAIS, FICANAL, FISUCURSAL, FCNOMBRE, FCDIRIP, FIIDCDISTRIBUCION, FIIDFORMADOR)
VALUES (1, 1, 2300, 'EKT GUANAJUATO CD MANUEL DOBLADO', '10.47.54.100', 0, 0);
INSERT INTO UNIFORMES.TATIENDAS (FIPAIS, FICANAL, FISUCURSAL, FCNOMBRE, FCDIRIP, FIIDCDISTRIBUCION, FIIDFORMADOR)
VALUES (1, 1, 2312, 'MEGA PACHUCA ALAMEDA', '172.24.191.100', 0, 0);
INSERT INTO UNIFORMES.TATIENDAS (FIPAIS, FICANAL, FISUCURSAL, FCNOMBRE, FCDIRIP, FIIDCDISTRIBUCION, FIIDFORMADOR)
VALUES (1, 1, 2325, 'EKT AJUSCO', '172.23.211.100', 0, 0);
INSERT INTO UNIFORMES.TATIENDAS (FIPAIS, FICANAL, FISUCURSAL, FCNOMBRE, FCDIRIP, FIIDCDISTRIBUCION, FIIDFORMADOR)
VALUES (1, 1, 2338, 'EKT PUEBLA 4 BOULEVARD NORTE', '172.21.100.100', 0, 0);
INSERT INTO UNIFORMES.TATIENDAS (FIPAIS, FICANAL, FISUCURSAL, FCNOMBRE, FCDIRIP, FIIDCDISTRIBUCION, FIIDFORMADOR)
VALUES (1, 1, 2367, 'EKT TECATE', '172.23.232.100', 0, 0);
INSERT INTO UNIFORMES.TATIENDAS (FIPAIS, FICANAL, FISUCURSAL, FCNOMBRE, FCDIRIP, FIIDCDISTRIBUCION, FIIDFORMADOR)
VALUES (1, 1, 2370, 'EKT COSAMALOAPAN', '172.22.208.100', 0, 0);
INSERT INTO UNIFORMES.TATIENDAS (FIPAIS, FICANAL, FISUCURSAL, FCNOMBRE, FCDIRIP, FIIDCDISTRIBUCION, FIIDFORMADOR)
VALUES (1, 1, 2383, 'EKT MEXICALI', '172.23.208.100', 0, 0);
INSERT INTO UNIFORMES.TATIENDAS (FIPAIS, FICANAL, FISUCURSAL, FCNOMBRE, FCDIRIP, FIIDCDISTRIBUCION, FIIDFORMADOR)
VALUES (1, 1, 2389, 'EKT ALLENDE CARR NAL', '10.42.221.100', 0, 0);
INSERT INTO UNIFORMES.TATIENDAS (FIPAIS, FICANAL, FISUCURSAL, FCNOMBRE, FCDIRIP, FIIDCDISTRIBUCION, FIIDFORMADOR)
VALUES (1, 1, 2390, 'EKT TLALTENANGO ORTIZ DE D', '10.42.244.100', 0, 0);
INSERT INTO UNIFORMES.TATIENDAS (FIPAIS, FICANAL, FISUCURSAL, FCNOMBRE, FCDIRIP, FIIDCDISTRIBUCION, FIIDFORMADOR)
VALUES (1, 1, 2392, 'EKT CIUDAD SAHAGUN', '10.42.243.100', 0, 0);
INSERT INTO UNIFORMES.TATIENDAS (FIPAIS, FICANAL, FISUCURSAL, FCNOMBRE, FCDIRIP, FIIDCDISTRIBUCION, FIIDFORMADOR)
VALUES (1, 1, 2393, 'EKT SAN LUIS LOS OLIVOS', '10.42.245.100', 0, 0);
INSERT INTO UNIFORMES.TATIENDAS (FIPAIS, FICANAL, FISUCURSAL, FCNOMBRE, FCDIRIP, FIIDCDISTRIBUCION, FIIDFORMADOR)
VALUES (1, 1, 2394, 'EKT MATAMOROS LA LAGUNA', '10.42.246.100', 0, 0);
INSERT INTO UNIFORMES.TATIENDAS (FIPAIS, FICANAL, FISUCURSAL, FCNOMBRE, FCDIRIP, FIIDCDISTRIBUCION, FIIDFORMADOR)
VALUES (1, 1, 2395, 'EKT SALTILLO AMP MORELOS', '10.42.247.100', 0, 0);
INSERT INTO UNIFORMES.TATIENDAS (FIPAIS, FICANAL, FISUCURSAL, FCNOMBRE, FCDIRIP, FIIDCDISTRIBUCION, FIIDFORMADOR)
VALUES (1, 1, 2396, 'MEGA IZTAPALAPA SAN PABLO', '172.21.196.100', 0, 0);
INSERT INTO UNIFORMES.TATIENDAS (FIPAIS, FICANAL, FISUCURSAL, FCNOMBRE, FCDIRIP, FIIDCDISTRIBUCION, FIIDFORMADOR)
VALUES (1, 1, 2397, 'EKT LOMA BONITA', '10.30.60.100', 0, 0);
INSERT INTO UNIFORMES.TATIENDAS (FIPAIS, FICANAL, FISUCURSAL, FCNOMBRE, FCDIRIP, FIIDCDISTRIBUCION, FIIDFORMADOR)
VALUES (1, 1, 2406, 'EKT QUERETARO 1 JUAREZ', '172.22.244.100', 0, 0);
INSERT INTO UNIFORMES.TATIENDAS (FIPAIS, FICANAL, FISUCURSAL, FCNOMBRE, FCDIRIP, FIIDCDISTRIBUCION, FIIDFORMADOR)
VALUES (1, 1, 2435, 'EKT TACUBAYA 2 MART DE LA C', '172.23.242.100', 0, 0);
INSERT INTO UNIFORMES.TATIENDAS (FIPAIS, FICANAL, FISUCURSAL, FCNOMBRE, FCDIRIP, FIIDCDISTRIBUCION, FIIDFORMADOR)
VALUES (1, 1, 2451, 'EKT APATZINGAN', '172.21.236.100', 0, 0);
INSERT INTO UNIFORMES.TATIENDAS (FIPAIS, FICANAL, FISUCURSAL, FCNOMBRE, FCDIRIP, FIIDCDISTRIBUCION, FIIDFORMADOR)
VALUES (1, 1, 2464, 'EKT MAZATLAN 2 13 DE ABDRIL', '172.20.236.100', 0, 0);
INSERT INTO UNIFORMES.TATIENDAS (FIPAIS, FICANAL, FISUCURSAL, FCNOMBRE, FCDIRIP, FIIDCDISTRIBUCION, FIIDFORMADOR)
VALUES (1, 1, 2470, 'EKT DURANGO GOMEZ PALACIO', '10.42.216.100', 0, 0);
INSERT INTO UNIFORMES.TATIENDAS (FIPAIS, FICANAL, FISUCURSAL, FCNOMBRE, FCDIRIP, FIIDCDISTRIBUCION, FIIDFORMADOR)
VALUES (1, 1, 2471, 'EKT ZAMORA 5 DE MAYO', '10.42.217.100', 0, 0);
INSERT INTO UNIFORMES.TATIENDAS (FIPAIS, FICANAL, FISUCURSAL, FCNOMBRE, FCDIRIP, FIIDCDISTRIBUCION, FIIDFORMADOR)
VALUES (1, 1, 2472, 'EKT SAN CAYETANO', '10.42.220.100', 0, 0);
INSERT INTO UNIFORMES.TATIENDAS (FIPAIS, FICANAL, FISUCURSAL, FCNOMBRE, FCDIRIP, FIIDCDISTRIBUCION, FIIDFORMADOR)
VALUES (1, 1, 2503, 'MEGA DEL MORAL', '172.21.147.100', 0, 0);
INSERT INTO UNIFORMES.TATIENDAS (FIPAIS, FICANAL, FISUCURSAL, FCNOMBRE, FCDIRIP, FIIDCDISTRIBUCION, FIIDFORMADOR)
VALUES (1, 1, 2516, 'MEGA CAMPECHE BLVD49', '172.22.115.100', 0, 0);
INSERT INTO UNIFORMES.TATIENDAS (FIPAIS, FICANAL, FISUCURSAL, FCNOMBRE, FCDIRIP, FIIDCDISTRIBUCION, FIIDFORMADOR)
VALUES (1, 1, 2532, 'MEGA NAUCALPAN 3', '172.21.193.100', 0, 0);
INSERT INTO UNIFORMES.TATIENDAS (FIPAIS, FICANAL, FISUCURSAL, FCNOMBRE, FCDIRIP, FIIDCDISTRIBUCION, FIIDFORMADOR)
VALUES (1, 1, 2545, 'MEGA METRO LA PURISIMA', '172.22.146.100', 0, 0);
INSERT INTO UNIFORMES.TATIENDAS (FIPAIS, FICANAL, FISUCURSAL, FCNOMBRE, FCDIRIP, FIIDCDISTRIBUCION, FIIDFORMADOR)
VALUES (1, 1, 2558, 'EKT VILLAHERMOSA 4 JUAREZ', '172.21.166.100', 0, 0);
INSERT INTO UNIFORMES.TATIENDAS (FIPAIS, FICANAL, FISUCURSAL, FCNOMBRE, FCDIRIP, FIIDCDISTRIBUCION, FIIDFORMADOR)
VALUES (1, 1, 2561, 'EKT CUERNAVACA 4 P DE AYALA', '172.20.176.100', 0, 0);
INSERT INTO UNIFORMES.TATIENDAS (FIPAIS, FICANAL, FISUCURSAL, FCNOMBRE, FCDIRIP, FIIDCDISTRIBUCION, FIIDFORMADOR)
VALUES (1, 1, 2574, 'EKT LAS ARMAS', '172.21.167.100', 0, 0);
INSERT INTO UNIFORMES.TATIENDAS (FIPAIS, FICANAL, FISUCURSAL, FCNOMBRE, FCDIRIP, FIIDCDISTRIBUCION, FIIDFORMADOR)
VALUES (1, 1, 2587, 'MEGA SLP 5 REFORMA', '172.23.126.100', 0, 0);
INSERT INTO UNIFORMES.TATIENDAS (FIPAIS, FICANAL, FISUCURSAL, FCNOMBRE, FCDIRIP, FIIDCDISTRIBUCION, FIIDFORMADOR)
VALUES (1, 1, 2590, 'MEGA CARDENAS', '172.22.178.100', 0, 0);
INSERT INTO UNIFORMES.TATIENDAS (FIPAIS, FICANAL, FISUCURSAL, FCNOMBRE, FCDIRIP, FIIDCDISTRIBUCION, FIIDFORMADOR)
VALUES (1, 1, 2600, 'MEGA VERACRUZ', '172.23.245.100', 0, 0);
INSERT INTO UNIFORMES.TATIENDAS (FIPAIS, FICANAL, FISUCURSAL, FCNOMBRE, FCDIRIP, FIIDCDISTRIBUCION, FIIDFORMADOR)
VALUES (1, 1, 2613, 'EKT ZACATECAS 2 INDEPENDENCIA', '172.22.143.100', 0, 0);
INSERT INTO UNIFORMES.TATIENDAS (FIPAIS, FICANAL, FISUCURSAL, FCNOMBRE, FCDIRIP, FIIDCDISTRIBUCION, FIIDFORMADOR)
VALUES (1, 1, 2626, 'EKT  LAGOS DE MORENO', '172.23.226.100', 0, 0);
INSERT INTO UNIFORMES.TATIENDAS (FIPAIS, FICANAL, FISUCURSAL, FCNOMBRE, FCDIRIP, FIIDCDISTRIBUCION, FIIDFORMADOR)
VALUES (1, 1, 2634, 'EKT CUERNAVACA AV MORELOS', '10.47.50.100', 0, 0);
INSERT INTO UNIFORMES.TATIENDAS (FIPAIS, FICANAL, FISUCURSAL, FCNOMBRE, FCDIRIP, FIIDCDISTRIBUCION, FIIDFORMADOR)
VALUES (1, 1, 2646, 'EKT GRO TIERRA COLORADA', '10.47.229.100', 0, 0);
INSERT INTO UNIFORMES.TATIENDAS (FIPAIS, FICANAL, FISUCURSAL, FCNOMBRE, FCDIRIP, FIIDCDISTRIBUCION, FIIDFORMADOR)
VALUES (1, 1, 2649, 'EKT EBANO SAN LUIS POTOSI', '10.47.228.100', 0, 0);
INSERT INTO UNIFORMES.TATIENDAS (FIPAIS, FICANAL, FISUCURSAL, FCNOMBRE, FCDIRIP, FIIDCDISTRIBUCION, FIIDFORMADOR)
VALUES (1, 1, 2650, 'EKT ZACUALTIPAN HIDALGO', '10.47.232.100', 0, 0);
INSERT INTO UNIFORMES.TATIENDAS (FIPAIS, FICANAL, FISUCURSAL, FCNOMBRE, FCDIRIP, FIIDCDISTRIBUCION, FIIDFORMADOR)
VALUES (1, 1, 2651, 'EKT HUATUSCO VERACRUZ', '10.47.230.100', 0, 0);
INSERT INTO UNIFORMES.TATIENDAS (FIPAIS, FICANAL, FISUCURSAL, FCNOMBRE, FCDIRIP, FIIDCDISTRIBUCION, FIIDFORMADOR)
VALUES (1, 1, 2668, 'EKT GUASAVE 1 GUERRERO', '172.23.218.100', 0, 0);
INSERT INTO UNIFORMES.TATIENDAS (FIPAIS, FICANAL, FISUCURSAL, FCNOMBRE, FCDIRIP, FIIDCDISTRIBUCION, FIIDFORMADOR)
VALUES (1, 1, 2671, 'EKT TAXCO 2 MONTES DE OCA', '172.21.192.100', 0, 0);
INSERT INTO UNIFORMES.TATIENDAS (FIPAIS, FICANAL, FISUCURSAL, FCNOMBRE, FCDIRIP, FIIDCDISTRIBUCION, FIIDFORMADOR)
VALUES (1, 1, 2684, 'EKT TAPACHULA 3 TERCERA PTE', '172.20.199.100', 0, 0);
INSERT INTO UNIFORMES.TATIENDAS (FIPAIS, FICANAL, FISUCURSAL, FCNOMBRE, FCDIRIP, FIIDCDISTRIBUCION, FIIDFORMADOR)
VALUES (1, 90, 2690, 'DAZ PP 16 DE SEPTIEMBRE VILLA ISLA  VER', '10.47.94.10', 0, 0);
INSERT INTO UNIFORMES.TATIENDAS (FIPAIS, FICANAL, FISUCURSAL, FCNOMBRE, FCDIRIP, FIIDCDISTRIBUCION, FIIDFORMADOR)
VALUES (1, 1, 2697, 'MEGA EL MOLINITO', '172.23.178.100', 0, 0);
INSERT INTO UNIFORMES.TATIENDAS (FIPAIS, FICANAL, FISUCURSAL, FCNOMBRE, FCDIRIP, FIIDCDISTRIBUCION, FIIDFORMADOR)
VALUES (1, 1, 2707, 'EKT MINATITLAN', '172.20.185.100', 0, 0);
INSERT INTO UNIFORMES.TATIENDAS (FIPAIS, FICANAL, FISUCURSAL, FCNOMBRE, FCDIRIP, FIIDCDISTRIBUCION, FIIDFORMADOR)
VALUES (1, 90, 2710, 'DAZ PP PLAZA TULTITLAN', '10.47.8.70', 0, 0);
INSERT INTO UNIFORMES.TATIENDAS (FIPAIS, FICANAL, FISUCURSAL, FCNOMBRE, FCDIRIP, FIIDCDISTRIBUCION, FIIDFORMADOR)
VALUES (1, 1, 2723, 'EKT ATLIXCO', '172.22.202.100', 0, 0);
INSERT INTO UNIFORMES.TATIENDAS (FIPAIS, FICANAL, FISUCURSAL, FCNOMBRE, FCDIRIP, FIIDCDISTRIBUCION, FIIDFORMADOR)
VALUES (1, 1, 8624, 'EKT CD VICTORIA HIDALGO', '172.27.126.100', 0, 0);
INSERT INTO UNIFORMES.TATIENDAS (FIPAIS, FICANAL, FISUCURSAL, FCNOMBRE, FCDIRIP, FIIDCDISTRIBUCION, FIIDFORMADOR)
VALUES (1, 1, 6813, 'MEGA MERIDA', '172.23.148.100', 0, 0);
INSERT INTO UNIFORMES.TATIENDAS (FIPAIS, FICANAL, FISUCURSAL, FCNOMBRE, FCDIRIP, FIIDCDISTRIBUCION, FIIDFORMADOR)
VALUES (1, 1, 6826, 'MEGA CD JIMENEZ', '172.22.229.100', 0, 0);
INSERT INTO UNIFORMES.TATIENDAS (FIPAIS, FICANAL, FISUCURSAL, FCNOMBRE, FCDIRIP, FIIDCDISTRIBUCION, FIIDFORMADOR)
VALUES (1, 1, 6870, 'EKT PLAZA GALERIAS MEXICALI', '10.40.87.100', 0, 0);
INSERT INTO UNIFORMES.TATIENDAS (FIPAIS, FICANAL, FISUCURSAL, FCNOMBRE, FCDIRIP, FIIDCDISTRIBUCION, FIIDFORMADOR)
VALUES (1, 1, 6871, 'MEGA CORDOBA CALLE 7', '172.23.175.100', 0, 0);
INSERT INTO UNIFORMES.TATIENDAS (FIPAIS, FICANAL, FISUCURSAL, FCNOMBRE, FCDIRIP, FIIDCDISTRIBUCION, FIIDFORMADOR)
VALUES (1, 1, 6897, 'MEGA VALLADOLID', '172.21.238.100', 0, 0);
INSERT INTO UNIFORMES.TATIENDAS (FIPAIS, FICANAL, FISUCURSAL, FCNOMBRE, FCDIRIP, FIIDCDISTRIBUCION, FIIDFORMADOR)
VALUES (1, 1, 6907, 'MEGA IZUCAR DE MATAMOROS', '172.20.143.100', 0, 0);
INSERT INTO UNIFORMES.TATIENDAS (FIPAIS, FICANAL, FISUCURSAL, FCNOMBRE, FCDIRIP, FIIDCDISTRIBUCION, FIIDFORMADOR)
VALUES (1, 1, 6910, 'MEGA SOMBRERETE', '172.22.240.100', 0, 0);
INSERT INTO UNIFORMES.TATIENDAS (FIPAIS, FICANAL, FISUCURSAL, FCNOMBRE, FCDIRIP, FIIDCDISTRIBUCION, FIIDFORMADOR)
VALUES (1, 1, 6923, 'MEGA IXTLAUACA', '172.22.215.100', 0, 0);
INSERT INTO UNIFORMES.TATIENDAS (FIPAIS, FICANAL, FISUCURSAL, FCNOMBRE, FCDIRIP, FIIDCDISTRIBUCION, FIIDFORMADOR)
VALUES (1, 1, 6936, 'MEGA TAXQUEÑA', '172.22.220.100', 0, 0);
INSERT INTO UNIFORMES.TATIENDAS (FIPAIS, FICANAL, FISUCURSAL, FCNOMBRE, FCDIRIP, FIIDCDISTRIBUCION, FIIDFORMADOR)
VALUES (1, 1, 6949, 'MEGA MERIDA CANTAREL', '172.23.191.100', 0, 0);
INSERT INTO UNIFORMES.TATIENDAS (FIPAIS, FICANAL, FISUCURSAL, FCNOMBRE, FCDIRIP, FIIDCDISTRIBUCION, FIIDFORMADOR)
VALUES (1, 1, 6952, 'MEGA SAN AGUSTIN', '172.21.155.100', 0, 0);
INSERT INTO UNIFORMES.TATIENDAS (FIPAIS, FICANAL, FISUCURSAL, FCNOMBRE, FCDIRIP, FIIDCDISTRIBUCION, FIIDFORMADOR)
VALUES (1, 1, 6978, 'MEGA SALVATIERRA', '172.21.125.100', 0, 0);
INSERT INTO UNIFORMES.TATIENDAS (FIPAIS, FICANAL, FISUCURSAL, FCNOMBRE, FCDIRIP, FIIDCDISTRIBUCION, FIIDFORMADOR)
VALUES (1, 1, 6994, 'MEGA COYUCA DE BENITEZ', '172.22.212.100', 0, 0);
INSERT INTO UNIFORMES.TATIENDAS (FIPAIS, FICANAL, FISUCURSAL, FCNOMBRE, FCDIRIP, FIIDCDISTRIBUCION, FIIDFORMADOR)
VALUES (1, 1, 7016, 'MEGA HUETAMO', '172.23.200.100', 0, 0);
INSERT INTO UNIFORMES.TATIENDAS (FIPAIS, FICANAL, FISUCURSAL, FCNOMBRE, FCDIRIP, FIIDCDISTRIBUCION, FIIDFORMADOR)
VALUES (1, 1, 7034, 'EKT RIO NILO', '172.22.247.100', 0, 0);
INSERT INTO UNIFORMES.TATIENDAS (FIPAIS, FICANAL, FISUCURSAL, FCNOMBRE, FCDIRIP, FIIDCDISTRIBUCION, FIIDFORMADOR)
VALUES (1, 1, 7035, 'EKT GUADALAJARA RIO HONDO', '172.21.119.100', 0, 0);
INSERT INTO UNIFORMES.TATIENDAS (FIPAIS, FICANAL, FISUCURSAL, FCNOMBRE, FCDIRIP, FIIDCDISTRIBUCION, FIIDFORMADOR)
VALUES (1, 1, 7036, 'EKT GUADALAJARA PLAZA EL SAUZ', '172.27.179.100', 0, 0);
INSERT INTO UNIFORMES.TATIENDAS (FIPAIS, FICANAL, FISUCURSAL, FCNOMBRE, FCDIRIP, FIIDCDISTRIBUCION, FIIDFORMADOR)
VALUES (1, 1, 7037, 'EKT ACATLAN CENTRO', '172.27.143.100', 0, 0);
INSERT INTO UNIFORMES.TATIENDAS (FIPAIS, FICANAL, FISUCURSAL, FCNOMBRE, FCDIRIP, FIIDCDISTRIBUCION, FIIDFORMADOR)
VALUES (1, 1, 7038, 'EKT APIZACO', '172.27.177.100', 0, 0);
INSERT INTO UNIFORMES.TATIENDAS (FIPAIS, FICANAL, FISUCURSAL, FCNOMBRE, FCDIRIP, FIIDCDISTRIBUCION, FIIDFORMADOR)
VALUES (1, 1, 7039, 'EKT OMETEPEC CENTRO', '172.20.213.100', 0, 0);
INSERT INTO UNIFORMES.TATIENDAS (FIPAIS, FICANAL, FISUCURSAL, FCNOMBRE, FCDIRIP, FIIDCDISTRIBUCION, FIIDFORMADOR)
VALUES (1, 1, 7040, 'EKT IXTAPALUCA MERCADO CENTRO', '172.27.182.100', 0, 0);
INSERT INTO UNIFORMES.TATIENDAS (FIPAIS, FICANAL, FISUCURSAL, FCNOMBRE, FCDIRIP, FIIDCDISTRIBUCION, FIIDFORMADOR)
VALUES (1, 1, 7041, 'EKT CHIMALHUACAN BORDO', '172.27.135.100', 0, 0);
INSERT INTO UNIFORMES.TATIENDAS (FIPAIS, FICANAL, FISUCURSAL, FCNOMBRE, FCDIRIP, FIIDCDISTRIBUCION, FIIDFORMADOR)
VALUES (1, 1, 7061, 'EKT TORRES LANDA', '10.40.102.100', 0, 0);
INSERT INTO UNIFORMES.TATIENDAS (FIPAIS, FICANAL, FISUCURSAL, FCNOMBRE, FCDIRIP, FIIDCDISTRIBUCION, FIIDFORMADOR)
VALUES (1, 1, 7074, 'MEGA MARAVATIO', '172.22.151.100', 0, 0);
INSERT INTO UNIFORMES.TATIENDAS (FIPAIS, FICANAL, FISUCURSAL, FCNOMBRE, FCDIRIP, FIIDCDISTRIBUCION, FIIDFORMADOR)
VALUES (1, 1, 7087, 'MEGA RIO BRAVO', '172.21.205.100', 0, 0);
INSERT INTO UNIFORMES.TATIENDAS (FIPAIS, FICANAL, FISUCURSAL, FCNOMBRE, FCDIRIP, FIIDCDISTRIBUCION, FIIDFORMADOR)
VALUES (1, 1, 7090, 'MEGA TAMPICO', '10.47.158.100', 0, 0);
INSERT INTO UNIFORMES.TATIENDAS (FIPAIS, FICANAL, FISUCURSAL, FCNOMBRE, FCDIRIP, FIIDCDISTRIBUCION, FIIDFORMADOR)
VALUES (1, 1, 7099, 'EKT TLAYACAPAN MORELOS', '10.40.109.100', 0, 0);
INSERT INTO UNIFORMES.TATIENDAS (FIPAIS, FICANAL, FISUCURSAL, FCNOMBRE, FCDIRIP, FIIDCDISTRIBUCION, FIIDFORMADOR)
VALUES (1, 1, 7100, 'EKT ORIZABA', '172.22.167.100', 0, 0);
INSERT INTO UNIFORMES.TATIENDAS (FIPAIS, FICANAL, FISUCURSAL, FCNOMBRE, FCDIRIP, FIIDCDISTRIBUCION, FIIDFORMADOR)
VALUES (1, 1, 7113, 'MEGA ATEMAJAC', '172.20.135.100', 0, 0);
INSERT INTO UNIFORMES.TATIENDAS (FIPAIS, FICANAL, FISUCURSAL, FCNOMBRE, FCDIRIP, FIIDCDISTRIBUCION, FIIDFORMADOR)
VALUES (1, 1, 7126, 'MEGA MATAMOROS BLVD CABAZOS', '172.26.169.100', 0, 0);
INSERT INTO UNIFORMES.TATIENDAS (FIPAIS, FICANAL, FISUCURSAL, FCNOMBRE, FCDIRIP, FIIDCDISTRIBUCION, FIIDFORMADOR)
VALUES (1, 1, 7142, 'MEGA CD GUZMAN', '172.21.108.100', 0, 0);
INSERT INTO UNIFORMES.TATIENDAS (FIPAIS, FICANAL, FISUCURSAL, FCNOMBRE, FCDIRIP, FIIDCDISTRIBUCION, FIIDFORMADOR)
VALUES (1, 1, 7167, 'EKT SALAMANCA SANCHEZ TORADO', '10.40.103.100', 0, 0);
INSERT INTO UNIFORMES.TATIENDAS (FIPAIS, FICANAL, FISUCURSAL, FCNOMBRE, FCDIRIP, FIIDCDISTRIBUCION, FIIDFORMADOR)
VALUES (1, 1, 7168, 'MEGA OAXACA MITLA', '172.20.104.100', 0, 0);
INSERT INTO UNIFORMES.TATIENDAS (FIPAIS, FICANAL, FISUCURSAL, FCNOMBRE, FCDIRIP, FIIDCDISTRIBUCION, FIIDFORMADOR)
VALUES (1, 1, 7169, 'EKT YAJALON CHIAPAS', '10.40.113.100', 0, 0);
INSERT INTO UNIFORMES.TATIENDAS (FIPAIS, FICANAL, FISUCURSAL, FCNOMBRE, FCDIRIP, FIIDCDISTRIBUCION, FIIDFORMADOR)
VALUES (1, 1, 7171, 'MEGA IXTLAN DEL RIO', '172.20.103.100', 0, 0);
INSERT INTO UNIFORMES.TATIENDAS (FIPAIS, FICANAL, FISUCURSAL, FCNOMBRE, FCDIRIP, FIIDCDISTRIBUCION, FIIDFORMADOR)
VALUES (1, 1, 7184, 'MEGA TELOLOAPAN', '172.22.152.100', 0, 0);
INSERT INTO UNIFORMES.TATIENDAS (FIPAIS, FICANAL, FISUCURSAL, FCNOMBRE, FCDIRIP, FIIDCDISTRIBUCION, FIIDFORMADOR)
VALUES (1, 1, 7197, 'MEGA CHILAPA DE ALVAREZ', '172.21.136.100', 0, 0);
INSERT INTO UNIFORMES.TATIENDAS (FIPAIS, FICANAL, FISUCURSAL, FCNOMBRE, FCDIRIP, FIIDCDISTRIBUCION, FIIDFORMADOR)
VALUES (1, 1, 7207, 'EKT TULA', '172.21.206.100', 0, 0);
INSERT INTO UNIFORMES.TATIENDAS (FIPAIS, FICANAL, FISUCURSAL, FCNOMBRE, FCDIRIP, FIIDCDISTRIBUCION, FIIDFORMADOR)
VALUES (1, 1, 7223, 'MEGA APASEO EL ALTO', '172.23.152.100', 0, 0);
INSERT INTO UNIFORMES.TATIENDAS (FIPAIS, FICANAL, FISUCURSAL, FCNOMBRE, FCDIRIP, FIIDCDISTRIBUCION, FIIDFORMADOR)
VALUES (1, 1, 7236, 'MEGA TECPAN DE GALEANA', '172.21.102.100', 0, 0);
INSERT INTO UNIFORMES.TATIENDAS (FIPAIS, FICANAL, FISUCURSAL, FCNOMBRE, FCDIRIP, FIIDCDISTRIBUCION, FIIDFORMADOR)
VALUES (1, 1, 7249, 'MEGA PETATLAN', '172.23.107.100', 0, 0);
INSERT INTO UNIFORMES.TATIENDAS (FIPAIS, FICANAL, FISUCURSAL, FCNOMBRE, FCDIRIP, FIIDCDISTRIBUCION, FIIDFORMADOR)
VALUES (1, 1, 7252, 'MEGA ACAPONETA', '172.23.130.100', 0, 0);
INSERT INTO UNIFORMES.TATIENDAS (FIPAIS, FICANAL, FISUCURSAL, FCNOMBRE, FCDIRIP, FIIDCDISTRIBUCION, FIIDFORMADOR)
VALUES (1, 1, 7265, 'MEGA TAMPICO FCO I MADERO', '172.20.177.100', 0, 0);
INSERT INTO UNIFORMES.TATIENDAS (FIPAIS, FICANAL, FISUCURSAL, FCNOMBRE, FCDIRIP, FIIDCDISTRIBUCION, FIIDFORMADOR)
VALUES (1, 1, 7278, 'MEGA VALLE DE GUADALUPE', '172.21.151.100', 0, 0);
INSERT INTO UNIFORMES.TATIENDAS (FIPAIS, FICANAL, FISUCURSAL, FCNOMBRE, FCDIRIP, FIIDCDISTRIBUCION, FIIDFORMADOR)
VALUES (1, 1, 7281, 'MEGA SAN MARCOS GRO', '172.20.211.100', 0, 0);
INSERT INTO UNIFORMES.TATIENDAS (FIPAIS, FICANAL, FISUCURSAL, FCNOMBRE, FCDIRIP, FIIDCDISTRIBUCION, FIIDFORMADOR)
VALUES (1, 1, 7284, 'EKT ARENA CIUDAD DE MEXICO', '10.40.105.100', 0, 0);
INSERT INTO UNIFORMES.TATIENDAS (FIPAIS, FICANAL, FISUCURSAL, FCNOMBRE, FCDIRIP, FIIDCDISTRIBUCION, FIIDFORMADOR)
VALUES (1, 1, 7294, 'MEGA ARCELIA', '172.22.195.100', 0, 0);
INSERT INTO UNIFORMES.TATIENDAS (FIPAIS, FICANAL, FISUCURSAL, FCNOMBRE, FCDIRIP, FIIDCDISTRIBUCION, FIIDFORMADOR)
VALUES (1, 1, 7304, 'EKT ALVARADO', '172.23.182.100', 0, 0);
INSERT INTO UNIFORMES.TATIENDAS (FIPAIS, FICANAL, FISUCURSAL, FCNOMBRE, FCDIRIP, FIIDCDISTRIBUCION, FIIDFORMADOR)
VALUES (1, 1, 7317, 'MEGA SAN ANTONIO TECOMIL', '172.22.153.100', 0, 0);
INSERT INTO UNIFORMES.TATIENDAS (FIPAIS, FICANAL, FISUCURSAL, FCNOMBRE, FCDIRIP, FIIDCDISTRIBUCION, FIIDFORMADOR)
VALUES (1, 1, 7320, 'MEGA MORELIA CUAUTLA', '172.21.133.100', 0, 0);
INSERT INTO UNIFORMES.TATIENDAS (FIPAIS, FICANAL, FISUCURSAL, FCNOMBRE, FCDIRIP, FIIDCDISTRIBUCION, FIIDFORMADOR)
VALUES (1, 1, 7333, 'MEGA CHIHUAHUA VARIEDADES', '172.20.194.100', 0, 0);
INSERT INTO UNIFORMES.TATIENDAS (FIPAIS, FICANAL, FISUCURSAL, FCNOMBRE, FCDIRIP, FIIDCDISTRIBUCION, FIIDFORMADOR)
VALUES (1, 1, 7348, 'EKT CHICONTEPEC VERACRUZ', '10.40.107.100', 0, 0);
INSERT INTO UNIFORMES.TATIENDAS (FIPAIS, FICANAL, FISUCURSAL, FCNOMBRE, FCDIRIP, FIIDCDISTRIBUCION, FIIDFORMADOR)
VALUES (1, 1, 7359, 'MEGA MATAMOROS CANALES', '172.20.138.100', 0, 0);
INSERT INTO UNIFORMES.TATIENDAS (FIPAIS, FICANAL, FISUCURSAL, FCNOMBRE, FCDIRIP, FIIDCDISTRIBUCION, FIIDFORMADOR)
VALUES (1, 1, 7362, 'MEGA TENOSIQUE', '172.23.199.100', 0, 0);
INSERT INTO UNIFORMES.TATIENDAS (FIPAIS, FICANAL, FISUCURSAL, FCNOMBRE, FCDIRIP, FIIDCDISTRIBUCION, FIIDFORMADOR)
VALUES (1, 1, 7375, 'MEGA TEHUACAN CALLE 3', '172.23.142.100', 0, 0);
INSERT INTO UNIFORMES.TATIENDAS (FIPAIS, FICANAL, FISUCURSAL, FCNOMBRE, FCDIRIP, FIIDCDISTRIBUCION, FIIDFORMADOR)
VALUES (1, 1, 7388, 'MEGA SANTA ANA CHIAUTEMPAN', '172.20.154.100', 0, 0);
INSERT INTO UNIFORMES.TATIENDAS (FIPAIS, FICANAL, FISUCURSAL, FCNOMBRE, FCDIRIP, FIIDCDISTRIBUCION, FIIDFORMADOR)
VALUES (1, 1, 7391, 'MEGA TIJUANA DIAZ ORDAZ', '172.22.198.100', 0, 0);
INSERT INTO UNIFORMES.TATIENDAS (FIPAIS, FICANAL, FISUCURSAL, FCNOMBRE, FCDIRIP, FIIDCDISTRIBUCION, FIIDFORMADOR)
VALUES (1, 1, 7397, 'EKT SN JUAN DE LOS LAGOS', '172.21.198.100', 0, 0);
INSERT INTO UNIFORMES.TATIENDAS (FIPAIS, FICANAL, FISUCURSAL, FCNOMBRE, FCDIRIP, FIIDCDISTRIBUCION, FIIDFORMADOR)
VALUES (1, 1, 7406, 'EKT TACUBA 2', '10.40.104.100', 0, 0);
INSERT INTO UNIFORMES.TATIENDAS (FIPAIS, FICANAL, FISUCURSAL, FCNOMBRE, FCDIRIP, FIIDCDISTRIBUCION, FIIDFORMADOR)
VALUES (1, 1, 7414, 'MEGA MACUSPANA', '172.22.158.100', 0, 0);
INSERT INTO UNIFORMES.TATIENDAS (FIPAIS, FICANAL, FISUCURSAL, FCNOMBRE, FCDIRIP, FIIDCDISTRIBUCION, FIIDFORMADOR)
VALUES (1, 1, 7427, 'MEGA NVO LAREDO ACERA ORIENTE', '172.21.158.100', 0, 0);
INSERT INTO UNIFORMES.TATIENDAS (FIPAIS, FICANAL, FISUCURSAL, FCNOMBRE, FCDIRIP, FIIDCDISTRIBUCION, FIIDFORMADOR)
VALUES (1, 1, 7430, 'MEGA PAPANTLA', '172.23.204.100', 0, 0);
INSERT INTO UNIFORMES.TATIENDAS (FIPAIS, FICANAL, FISUCURSAL, FCNOMBRE, FCDIRIP, FIIDCDISTRIBUCION, FIIDFORMADOR)
VALUES (1, 1, 7434, 'EKT CD CAMARGO', '172.20.109.100', 0, 0);
INSERT INTO UNIFORMES.TATIENDAS (FIPAIS, FICANAL, FISUCURSAL, FCNOMBRE, FCDIRIP, FIIDCDISTRIBUCION, FIIDFORMADOR)
VALUES (1, 1, 7443, 'MEGA SAHUAYO', '172.26.164.100', 0, 0);
INSERT INTO UNIFORMES.TATIENDAS (FIPAIS, FICANAL, FISUCURSAL, FCNOMBRE, FCDIRIP, FIIDCDISTRIBUCION, FIIDFORMADOR)
VALUES (1, 125, 7456, 'ELEKTRA REMATE GUADALAJARA PERIF SUR', '172.23.202.100', 0, 0);
INSERT INTO UNIFORMES.TATIENDAS (FIPAIS, FICANAL, FISUCURSAL, FCNOMBRE, FCDIRIP, FIIDCDISTRIBUCION, FIIDFORMADOR)
VALUES (1, 1, 7509, 'EKT ALAMOS SONORA', '10.40.116.100', 0, 0);
INSERT INTO UNIFORMES.TATIENDAS (FIPAIS, FICANAL, FISUCURSAL, FCNOMBRE, FCDIRIP, FIIDCDISTRIBUCION, FIIDFORMADOR)
VALUES (1, 1, 7537, 'MEGA PLAYA DEL CARMEN', '172.21.200.100', 0, 0);
INSERT INTO UNIFORMES.TATIENDAS (FIPAIS, FICANAL, FISUCURSAL, FCNOMBRE, FCDIRIP, FIIDCDISTRIBUCION, FIIDFORMADOR)
VALUES (1, 1, 7540, 'MEGA HUIMANGUILLO', '172.21.212.100', 0, 0);
INSERT INTO UNIFORMES.TATIENDAS (FIPAIS, FICANAL, FISUCURSAL, FCNOMBRE, FCDIRIP, FIIDCDISTRIBUCION, FIIDFORMADOR)
VALUES (1, 1, 7541, 'EKT XILITLA SLP', '10.40.161.100', 0, 0);
INSERT INTO UNIFORMES.TATIENDAS (FIPAIS, FICANAL, FISUCURSAL, FCNOMBRE, FCDIRIP, FIIDCDISTRIBUCION, FIIDFORMADOR)
VALUES (1, 1, 7566, 'MEGA NEZAHUALCOYOTL AV CENTRAL', '172.22.135.100', 0, 0);
INSERT INTO UNIFORMES.TATIENDAS (FIPAIS, FICANAL, FISUCURSAL, FCNOMBRE, FCDIRIP, FIIDCDISTRIBUCION, FIIDFORMADOR)
VALUES (1, 1, 7579, 'MEGA PALENQUE', '172.22.137.100', 0, 0);
INSERT INTO UNIFORMES.TATIENDAS (FIPAIS, FICANAL, FISUCURSAL, FCNOMBRE, FCDIRIP, FIIDCDISTRIBUCION, FIIDFORMADOR)
VALUES (1, 1, 7582, 'EKT ESTACIONAMIENTO CABO SAN LUCAS', '172.21.171.100', 0, 0);
INSERT INTO UNIFORMES.TATIENDAS (FIPAIS, FICANAL, FISUCURSAL, FCNOMBRE, FCDIRIP, FIIDCDISTRIBUCION, FIIDFORMADOR)
VALUES (1, 71, 7645, 'EKT DAZ NEZAHUALCOYOTL CARMELO PEREZ', '10.38.49.70', 0, 0);
INSERT INTO UNIFORMES.TATIENDAS (FIPAIS, FICANAL, FISUCURSAL, FCNOMBRE, FCDIRIP, FIIDCDISTRIBUCION, FIIDFORMADOR)
VALUES (1, 1, 7650, 'MEGA TULTITLAN', '172.22.201.100', 0, 0);
INSERT INTO UNIFORMES.TATIENDAS (FIPAIS, FICANAL, FISUCURSAL, FCNOMBRE, FCDIRIP, FIIDCDISTRIBUCION, FIIDFORMADOR)
VALUES (1, 1, 7663, 'MEGA ECATEPEC VIA MORELOS', '172.20.198.100', 0, 0);
INSERT INTO UNIFORMES.TATIENDAS (FIPAIS, FICANAL, FISUCURSAL, FCNOMBRE, FCDIRIP, FIIDCDISTRIBUCION, FIIDFORMADOR)
VALUES (1, 1, 7676, 'MEGA SAN PEDRO MARTIR', '172.23.137.100', 0, 0);
INSERT INTO UNIFORMES.TATIENDAS (FIPAIS, FICANAL, FISUCURSAL, FCNOMBRE, FCDIRIP, FIIDCDISTRIBUCION, FIIDFORMADOR)
VALUES (1, 1, 7689, 'MEGA COLIMA', '172.20.157.100', 0, 0);
INSERT INTO UNIFORMES.TATIENDAS (FIPAIS, FICANAL, FISUCURSAL, FCNOMBRE, FCDIRIP, FIIDCDISTRIBUCION, FIIDFORMADOR)
VALUES (1, 1, 7692, 'MEGA ATIZAPAN DE ZARAGOZA', '172.21.135.100', 0, 0);
INSERT INTO UNIFORMES.TATIENDAS (FIPAIS, FICANAL, FISUCURSAL, FCNOMBRE, FCDIRIP, FIIDCDISTRIBUCION, FIIDFORMADOR)
VALUES (1, 1, 7728, 'MEGA HUEJUTLA', '172.21.152.100', 0, 0);
INSERT INTO UNIFORMES.TATIENDAS (FIPAIS, FICANAL, FISUCURSAL, FCNOMBRE, FCDIRIP, FIIDCDISTRIBUCION, FIIDFORMADOR)
VALUES (1, 71, 7792, 'EKT DAZ TEMASCALAPA', '10.38.195.70', 0, 0);
INSERT INTO UNIFORMES.TATIENDAS (FIPAIS, FICANAL, FISUCURSAL, FCNOMBRE, FCDIRIP, FIIDCDISTRIBUCION, FIIDFORMADOR)
VALUES (1, 1, 7801, 'EKT NAUCALPAN LAS HUERTAS', '10.40.98.100', 0, 0);
INSERT INTO UNIFORMES.TATIENDAS (FIPAIS, FICANAL, FISUCURSAL, FCNOMBRE, FCDIRIP, FIIDCDISTRIBUCION, FIIDFORMADOR)
VALUES (1, 3, 9247, 'SYR  TEHUACAN', '10.47.160.100', 0, 0);
INSERT INTO UNIFORMES.TATIENDAS (FIPAIS, FICANAL, FISUCURSAL, FCNOMBRE, FCDIRIP, FIIDCDISTRIBUCION, FIIDFORMADOR)
VALUES (1, 2, 9269, 'BDR STA ANA CHIAUTEMPAN', '172.27.153.100', 0, 0);
INSERT INTO UNIFORMES.TATIENDAS (FIPAIS, FICANAL, FISUCURSAL, FCNOMBRE, FCDIRIP, FIIDCDISTRIBUCION, FIIDFORMADOR)
VALUES (1, 3, 9276, 'SYR ORIZABA', '10.47.142.100', 0, 0);
INSERT INTO UNIFORMES.TATIENDAS (FIPAIS, FICANAL, FISUCURSAL, FCNOMBRE, FCDIRIP, FIIDCDISTRIBUCION, FIIDFORMADOR)
VALUES (1, 3, 9328, 'SYR CIUDAD DEL CARMEN', '10.47.113.100', 0, 0);
INSERT INTO UNIFORMES.TATIENDAS (FIPAIS, FICANAL, FISUCURSAL, FCNOMBRE, FCDIRIP, FIIDCDISTRIBUCION, FIIDFORMADOR)
VALUES (1, 1, 9380, 'EKT AGUASCALIENTES SIGLO XXI', '172.21.176.100', 0, 0);
INSERT INTO UNIFORMES.TATIENDAS (FIPAIS, FICANAL, FISUCURSAL, FCNOMBRE, FCDIRIP, FIIDCDISTRIBUCION, FIIDFORMADOR)
VALUES (1, 1, 9425, 'EKT JILOTEPEC', '172.23.101.100', 0, 0);
INSERT INTO UNIFORMES.TATIENDAS (FIPAIS, FICANAL, FISUCURSAL, FCNOMBRE, FCDIRIP, FIIDCDISTRIBUCION, FIIDFORMADOR)
VALUES (1, 1, 9427, 'EKT CHIHUAHUA FUENTES MARES', '172.23.111.100', 0, 0);
INSERT INTO UNIFORMES.TATIENDAS (FIPAIS, FICANAL, FISUCURSAL, FCNOMBRE, FCDIRIP, FIIDCDISTRIBUCION, FIIDFORMADOR)
VALUES (1, 1, 9464, 'MEGA V CARRANZA CHIS', '10.40.167.100', 0, 0);
INSERT INTO UNIFORMES.TATIENDAS (FIPAIS, FICANAL, FISUCURSAL, FCNOMBRE, FCDIRIP, FIIDCDISTRIBUCION, FIIDFORMADOR)
VALUES (1, 1, 9466, 'MEGA SANTA CRUZ XOXOCOTLAN', '10.40.165.100', 0, 0);
INSERT INTO UNIFORMES.TATIENDAS (FIPAIS, FICANAL, FISUCURSAL, FCNOMBRE, FCDIRIP, FIIDCDISTRIBUCION, FIIDFORMADOR)
VALUES (1, 1, 9471, 'MEGA HUICHAPAN', '10.40.33.100', 0, 0);
INSERT INTO UNIFORMES.TATIENDAS (FIPAIS, FICANAL, FISUCURSAL, FCNOMBRE, FCDIRIP, FIIDCDISTRIBUCION, FIIDFORMADOR)
VALUES (1, 1, 9472, 'MEGA CUAUTLANCINGO', '10.40.169.100', 0, 0);
INSERT INTO UNIFORMES.TATIENDAS (FIPAIS, FICANAL, FISUCURSAL, FCNOMBRE, FCDIRIP, FIIDCDISTRIBUCION, FIIDFORMADOR)
VALUES (1, 1, 9476, 'MEGA ATITALAQUIA', '10.40.172.100', 0, 0);
INSERT INTO UNIFORMES.TATIENDAS (FIPAIS, FICANAL, FISUCURSAL, FCNOMBRE, FCDIRIP, FIIDCDISTRIBUCION, FIIDFORMADOR)
VALUES (1, 1, 9482, 'MEGA VILLA VICTORIA', '10.40.166.100', 0, 0);
INSERT INTO UNIFORMES.TATIENDAS (FIPAIS, FICANAL, FISUCURSAL, FCNOMBRE, FCDIRIP, FIIDCDISTRIBUCION, FIIDFORMADOR)
VALUES (1, 1, 9486, 'EKT TUTLTITLAN MAGNOLIAS', '172.21.142.100', 0, 0);
INSERT INTO UNIFORMES.TATIENDAS (FIPAIS, FICANAL, FISUCURSAL, FCNOMBRE, FCDIRIP, FIIDCDISTRIBUCION, FIIDFORMADOR)
VALUES (1, 71, 9487, 'EKT DAZ ATIZAPAN DE ZARAGOZA', '10.38.13.10', 0, 0);
INSERT INTO UNIFORMES.TATIENDAS (FIPAIS, FICANAL, FISUCURSAL, FCNOMBRE, FCDIRIP, FIIDCDISTRIBUCION, FIIDFORMADOR)
VALUES (1, 1, 9503, 'MEGA KANACIN', '10.40.171.100', 0, 0);
INSERT INTO UNIFORMES.TATIENDAS (FIPAIS, FICANAL, FISUCURSAL, FCNOMBRE, FCDIRIP, FIIDCDISTRIBUCION, FIIDFORMADOR)
VALUES (1, 1, 9506, 'EKT SAN FRANCISCO DEL RINCON', '172.23.186.100', 0, 0);
INSERT INTO UNIFORMES.TATIENDAS (FIPAIS, FICANAL, FISUCURSAL, FCNOMBRE, FCDIRIP, FIIDCDISTRIBUCION, FIIDFORMADOR)
VALUES (1, 1, 9507, 'MEGA LA PLAZA CUAUTITLAN', '10.40.170.100', 0, 0);
INSERT INTO UNIFORMES.TATIENDAS (FIPAIS, FICANAL, FISUCURSAL, FCNOMBRE, FCDIRIP, FIIDCDISTRIBUCION, FIIDFORMADOR)
VALUES (1, 1, 9515, 'MEGA EMILIANO ZAPATA VALLE', '10.40.175.100', 0, 0);
INSERT INTO UNIFORMES.TATIENDAS (FIPAIS, FICANAL, FISUCURSAL, FCNOMBRE, FCDIRIP, FIIDCDISTRIBUCION, FIIDFORMADOR)
VALUES (1, 1, 9525, 'MEGA ARCO NORTE', '10.40.14.100', 0, 0);
INSERT INTO UNIFORMES.TATIENDAS (FIPAIS, FICANAL, FISUCURSAL, FCNOMBRE, FCDIRIP, FIIDCDISTRIBUCION, FIIDFORMADOR)
VALUES (1, 1, 9531, 'MEGA LAGO DE GUADALUPE', '10.40.178.100', 0, 0);
INSERT INTO UNIFORMES.TATIENDAS (FIPAIS, FICANAL, FISUCURSAL, FCNOMBRE, FCDIRIP, FIIDCDISTRIBUCION, FIIDFORMADOR)
VALUES (1, 1, 9542, 'EKT VILLAHERMOSA TAMULTE PERIFERICO', '172.23.163.100', 0, 0);
INSERT INTO UNIFORMES.TATIENDAS (FIPAIS, FICANAL, FISUCURSAL, FCNOMBRE, FCDIRIP, FIIDCDISTRIBUCION, FIIDFORMADOR)
VALUES (1, 3, 9543, 'SYR TUXPAN MORELOS', '10.47.169.100', 0, 0);
INSERT INTO UNIFORMES.TATIENDAS (FIPAIS, FICANAL, FISUCURSAL, FCNOMBRE, FCDIRIP, FIIDCDISTRIBUCION, FIIDFORMADOR)
VALUES (1, 3, 9588, 'SYR CHALCO CENTRO', '10.47.112.100', 0, 0);
INSERT INTO UNIFORMES.TATIENDAS (FIPAIS, FICANAL, FISUCURSAL, FCNOMBRE, FCDIRIP, FIIDCDISTRIBUCION, FIIDFORMADOR)
VALUES (1, 1, 9596, 'MEGA CENTRO GUADALAJARA', '10.40.182.100', 0, 0);
INSERT INTO UNIFORMES.TATIENDAS (FIPAIS, FICANAL, FISUCURSAL, FCNOMBRE, FCDIRIP, FIIDCDISTRIBUCION, FIIDFORMADOR)
VALUES (1, 1, 9603, 'MEGA RIO VERDE', '172.21.195.100', 0, 0);
INSERT INTO UNIFORMES.TATIENDAS (FIPAIS, FICANAL, FISUCURSAL, FCNOMBRE, FCDIRIP, FIIDCDISTRIBUCION, FIIDFORMADOR)
VALUES (1, 1, 9612, 'EKT TEQUISQUIAPAN QUERETARO', '172.20.91.100', 0, 0);
INSERT INTO UNIFORMES.TATIENDAS (FIPAIS, FICANAL, FISUCURSAL, FCNOMBRE, FCDIRIP, FIIDCDISTRIBUCION, FIIDFORMADOR)
VALUES (1, 1, 9624, 'EKT LAGOS DE MORENO', '172.28.159.100', 0, 0);
INSERT INTO UNIFORMES.TATIENDAS (FIPAIS, FICANAL, FISUCURSAL, FCNOMBRE, FCDIRIP, FIIDCDISTRIBUCION, FIIDFORMADOR)
VALUES (1, 1, 9637, 'EKT SAN JOSE DEL CABO', '172.28.101.100', 0, 0);
INSERT INTO UNIFORMES.TATIENDAS (FIPAIS, FICANAL, FISUCURSAL, FCNOMBRE, FCDIRIP, FIIDCDISTRIBUCION, FIIDFORMADOR)
VALUES (1, 1, 9650, 'EKT TEPIC HIDALGO', '172.27.129.100', 0, 0);
INSERT INTO UNIFORMES.TATIENDAS (FIPAIS, FICANAL, FISUCURSAL, FCNOMBRE, FCDIRIP, FIIDCDISTRIBUCION, FIIDFORMADOR)
VALUES (1, 1, 9661, 'EKT TUXTLA GUTIERREZ 4 CENT', '172.21.107.100', 0, 0);
INSERT INTO UNIFORMES.TATIENDAS (FIPAIS, FICANAL, FISUCURSAL, FCNOMBRE, FCDIRIP, FIIDCDISTRIBUCION, FIIDFORMADOR)
VALUES (1, 1, 9696, 'EKT TAPACHULA 1 NORTE', '172.28.132.100', 0, 0);
INSERT INTO UNIFORMES.TATIENDAS (FIPAIS, FICANAL, FISUCURSAL, FCNOMBRE, FCDIRIP, FIIDCDISTRIBUCION, FIIDFORMADOR)
VALUES (1, 1, 9700, 'EKT FRESNILLO', '172.22.160.100', 0, 0);
INSERT INTO UNIFORMES.TATIENDAS (FIPAIS, FICANAL, FISUCURSAL, FCNOMBRE, FCDIRIP, FIIDCDISTRIBUCION, FIIDFORMADOR)
VALUES (1, 1, 9807, 'EKT CD HIDALGO', '172.21.233.100', 0, 0);
INSERT INTO UNIFORMES.TATIENDAS (FIPAIS, FICANAL, FISUCURSAL, FCNOMBRE, FCDIRIP, FIIDCDISTRIBUCION, FIIDFORMADOR)
VALUES (1, 1, 9814, 'EKT HERMOSILLO', '172.27.176.100', 0, 0);
INSERT INTO UNIFORMES.TATIENDAS (FIPAIS, FICANAL, FISUCURSAL, FCNOMBRE, FCDIRIP, FIIDCDISTRIBUCION, FIIDFORMADOR)
VALUES (1, 1, 9843, 'EKT CABO SAN LUCAS', '172.28.100.100', 0, 0);
INSERT INTO UNIFORMES.TATIENDAS (FIPAIS, FICANAL, FISUCURSAL, FCNOMBRE, FCDIRIP, FIIDCDISTRIBUCION, FIIDFORMADOR)
VALUES (1, 1, 9879, 'EKT SALTILLO LOURDES', '172.27.140.100', 0, 0);
INSERT INTO UNIFORMES.TATIENDAS (FIPAIS, FICANAL, FISUCURSAL, FCNOMBRE, FCDIRIP, FIIDCDISTRIBUCION, FIIDFORMADOR)
VALUES (1, 1, 9889, 'EKT MERIDA PLAZA DORADA', '10.40.183.100', 0, 0);
INSERT INTO UNIFORMES.TATIENDAS (FIPAIS, FICANAL, FISUCURSAL, FCNOMBRE, FCDIRIP, FIIDCDISTRIBUCION, FIIDFORMADOR)
VALUES (1, 1, 9904, 'EKT TULANCINGO', '172.21.225.100', 0, 0);
INSERT INTO UNIFORMES.TATIENDAS (FIPAIS, FICANAL, FISUCURSAL, FCNOMBRE, FCDIRIP, FIIDCDISTRIBUCION, FIIDFORMADOR)
VALUES (1, 3, 8633, 'SYR PACHUCA', '10.47.143.100', 0, 0);
INSERT INTO UNIFORMES.TATIENDAS (FIPAIS, FICANAL, FISUCURSAL, FCNOMBRE, FCDIRIP, FIIDCDISTRIBUCION, FIIDFORMADOR)
VALUES (1, 1, 8638, 'EKT CD ALTAMIRANO', '172.27.115.100', 0, 0);
INSERT INTO UNIFORMES.TATIENDAS (FIPAIS, FICANAL, FISUCURSAL, FCNOMBRE, FCDIRIP, FIIDCDISTRIBUCION, FIIDFORMADOR)
VALUES (1, 3, 8646, 'SYR ERMITA', '10.47.121.100', 0, 0);
INSERT INTO UNIFORMES.TATIENDAS (FIPAIS, FICANAL, FISUCURSAL, FCNOMBRE, FCDIRIP, FIIDCDISTRIBUCION, FIIDFORMADOR)
VALUES (1, 71, 8647, 'EKT DAZ SAN JOSE DEL VALLE', '10.38.25.140', 0, 0);
INSERT INTO UNIFORMES.TATIENDAS (FIPAIS, FICANAL, FISUCURSAL, FCNOMBRE, FCDIRIP, FIIDCDISTRIBUCION, FIIDFORMADOR)
VALUES (1, 1, 8649, 'EKT MERIDA 2', '172.27.112.100', 0, 0);
INSERT INTO UNIFORMES.TATIENDAS (FIPAIS, FICANAL, FISUCURSAL, FCNOMBRE, FCDIRIP, FIIDCDISTRIBUCION, FIIDFORMADOR)
VALUES (1, 1, 8651, 'EKT ARRIAGA', '10.40.125.100', 0, 0);
INSERT INTO UNIFORMES.TATIENDAS (FIPAIS, FICANAL, FISUCURSAL, FCNOMBRE, FCDIRIP, FIIDCDISTRIBUCION, FIIDFORMADOR)
VALUES (1, 71, 8653, 'EKT DAZ KM 30 ACAPULCO', '10.38.26.140', 0, 0);
INSERT INTO UNIFORMES.TATIENDAS (FIPAIS, FICANAL, FISUCURSAL, FCNOMBRE, FCDIRIP, FIIDCDISTRIBUCION, FIIDFORMADOR)
VALUES (1, 3, 8659, 'SYR TAPACHULA', '10.47.159.100', 0, 0);
INSERT INTO UNIFORMES.TATIENDAS (FIPAIS, FICANAL, FISUCURSAL, FCNOMBRE, FCDIRIP, FIIDCDISTRIBUCION, FIIDFORMADOR)
VALUES (1, 1, 8670, 'EKT  ALVARO OBREGON', '172.27.175.100', 0, 0);
INSERT INTO UNIFORMES.TATIENDAS (FIPAIS, FICANAL, FISUCURSAL, FCNOMBRE, FCDIRIP, FIIDCDISTRIBUCION, FIIDFORMADOR)
VALUES (1, 71, 8674, 'EKT DAZ EL CARRIZO', '10.38.41.140', 0, 0);
INSERT INTO UNIFORMES.TATIENDAS (FIPAIS, FICANAL, FISUCURSAL, FCNOMBRE, FCDIRIP, FIIDCDISTRIBUCION, FIIDFORMADOR)
VALUES (1, 71, 8677, 'EKT DAZ HUASCA DE OCAMPO', '10.38.33.70', 0, 0);
INSERT INTO UNIFORMES.TATIENDAS (FIPAIS, FICANAL, FISUCURSAL, FCNOMBRE, FCDIRIP, FIIDCDISTRIBUCION, FIIDFORMADOR)
VALUES (1, 1, 8679, 'EKT SAN LUIS POTOSI ALHONDIGA', '172.28.151.100', 0, 0);
INSERT INTO UNIFORMES.TATIENDAS (FIPAIS, FICANAL, FISUCURSAL, FCNOMBRE, FCDIRIP, FIIDCDISTRIBUCION, FIIDFORMADOR)
VALUES (1, 1, 8684, 'EKT POZA RICA COLEGIO MILITAR', '172.27.117.100', 0, 0);
INSERT INTO UNIFORMES.TATIENDAS (FIPAIS, FICANAL, FISUCURSAL, FCNOMBRE, FCDIRIP, FIIDCDISTRIBUCION, FIIDFORMADOR)
VALUES (1, 71, 8695, 'EKT DAZ TEPETLAOXTOC', '10.38.31.200', 0, 0);
INSERT INTO UNIFORMES.TATIENDAS (FIPAIS, FICANAL, FISUCURSAL, FCNOMBRE, FCDIRIP, FIIDCDISTRIBUCION, FIIDFORMADOR)
VALUES (1, 1, 8701, 'MEGA CUAJIMALPA', '172.21.197.100', 0, 0);
INSERT INTO UNIFORMES.TATIENDAS (FIPAIS, FICANAL, FISUCURSAL, FCNOMBRE, FCDIRIP, FIIDCDISTRIBUCION, FIIDFORMADOR)
VALUES (1, 1, 8708, 'EKT CUATLA VALERIO TRUJANO', '172.27.118.100', 0, 0);
INSERT INTO UNIFORMES.TATIENDAS (FIPAIS, FICANAL, FISUCURSAL, FCNOMBRE, FCDIRIP, FIIDCDISTRIBUCION, FIIDFORMADOR)
VALUES (1, 3, 8714, 'SYR SANTA MARTHA', '10.47.157.100', 0, 0);
INSERT INTO UNIFORMES.TATIENDAS (FIPAIS, FICANAL, FISUCURSAL, FCNOMBRE, FCDIRIP, FIIDCDISTRIBUCION, FIIDFORMADOR)
VALUES (1, 3, 8727, 'SYR PLAZA ARAGON', '10.47.146.100', 0, 0);
INSERT INTO UNIFORMES.TATIENDAS (FIPAIS, FICANAL, FISUCURSAL, FCNOMBRE, FCDIRIP, FIIDCDISTRIBUCION, FIIDFORMADOR)
VALUES (1, 3, 8743, 'SYR TLALNEPANTLA', '10.47.164.100', 0, 0);
INSERT INTO UNIFORMES.TATIENDAS (FIPAIS, FICANAL, FISUCURSAL, FCNOMBRE, FCDIRIP, FIIDCDISTRIBUCION, FIIDFORMADOR)
VALUES (1, 1, 8751, 'EKT PUERTO VALLARTA AV MEXICO', '172.27.107.100', 0, 0);
INSERT INTO UNIFORMES.TATIENDAS (FIPAIS, FICANAL, FISUCURSAL, FCNOMBRE, FCDIRIP, FIIDCDISTRIBUCION, FIIDFORMADOR)
VALUES (1, 1, 8765, 'EKT MATAMOROS 2 ABASOLO', '172.28.136.100', 0, 0);
INSERT INTO UNIFORMES.TATIENDAS (FIPAIS, FICANAL, FISUCURSAL, FCNOMBRE, FCDIRIP, FIIDCDISTRIBUCION, FIIDFORMADOR)
VALUES (1, 3, 8769, 'SYR PUEBLA 2', '10.47.150.100', 0, 0);
INSERT INTO UNIFORMES.TATIENDAS (FIPAIS, FICANAL, FISUCURSAL, FCNOMBRE, FCDIRIP, FIIDCDISTRIBUCION, FIIDFORMADOR)
VALUES (1, 3, 8772, 'SYR TUXTLA 1', '10.47.171.100', 0, 0);
INSERT INTO UNIFORMES.TATIENDAS (FIPAIS, FICANAL, FISUCURSAL, FCNOMBRE, FCDIRIP, FIIDCDISTRIBUCION, FIIDFORMADOR)
VALUES (1, 1, 8780, 'EKT TOLUCA 2 TOLLOCAN', '172.27.148.100', 0, 0);
INSERT INTO UNIFORMES.TATIENDAS (FIPAIS, FICANAL, FISUCURSAL, FCNOMBRE, FCDIRIP, FIIDCDISTRIBUCION, FIIDFORMADOR)
VALUES (1, 71, 8789, 'EKT DAZ AHUALULCO DEL MERCADO', '10.38.33.200', 0, 0);
INSERT INTO UNIFORMES.TATIENDAS (FIPAIS, FICANAL, FISUCURSAL, FCNOMBRE, FCDIRIP, FIIDCDISTRIBUCION, FIIDFORMADOR)
VALUES (1, 3, 8798, 'SYR OBREGON', '10.47.141.100', 0, 0);
INSERT INTO UNIFORMES.TATIENDAS (FIPAIS, FICANAL, FISUCURSAL, FCNOMBRE, FCDIRIP, FIIDCDISTRIBUCION, FIIDFORMADOR)
VALUES (1, 71, 8825, 'EKT DAZ MUNA YUCATAN', '10.38.51.10', 0, 0);
INSERT INTO UNIFORMES.TATIENDAS (FIPAIS, FICANAL, FISUCURSAL, FCNOMBRE, FCDIRIP, FIIDCDISTRIBUCION, FIIDFORMADOR)
VALUES (1, 71, 8830, 'EKT DAZ JUAREZ SOLIDARIDAD PLAYA DEL C', '10.38.79.140', 0, 0);
INSERT INTO UNIFORMES.TATIENDAS (FIPAIS, FICANAL, FISUCURSAL, FCNOMBRE, FCDIRIP, FIIDCDISTRIBUCION, FIIDFORMADOR)
VALUES (1, 3, 8840, 'SYR MONCLOVA', '10.47.134.100', 0, 0);
INSERT INTO UNIFORMES.TATIENDAS (FIPAIS, FICANAL, FISUCURSAL, FCNOMBRE, FCDIRIP, FIIDCDISTRIBUCION, FIIDFORMADOR)
VALUES (1, 3, 8853, 'SYR CD ACUÑA', '10.47.109.100', 0, 0);
INSERT INTO UNIFORMES.TATIENDAS (FIPAIS, FICANAL, FISUCURSAL, FCNOMBRE, FCDIRIP, FIIDCDISTRIBUCION, FIIDFORMADOR)
VALUES (1, 3, 8866, 'SYR PIEDRAS NEGRAS', '10.47.145.100', 0, 0);
INSERT INTO UNIFORMES.TATIENDAS (FIPAIS, FICANAL, FISUCURSAL, FCNOMBRE, FCDIRIP, FIIDCDISTRIBUCION, FIIDFORMADOR)
VALUES (1, 71, 8868, 'EKT DAZ COENEO MICHOACAN', '10.38.91.10', 0, 0);
INSERT INTO UNIFORMES.TATIENDAS (FIPAIS, FICANAL, FISUCURSAL, FCNOMBRE, FCDIRIP, FIIDCDISTRIBUCION, FIIDFORMADOR)
VALUES (1, 3, 8879, 'SYR NUEVO LAREDO', '10.47.139.100', 0, 0);
INSERT INTO UNIFORMES.TATIENDAS (FIPAIS, FICANAL, FISUCURSAL, FCNOMBRE, FCDIRIP, FIIDCDISTRIBUCION, FIIDFORMADOR)
VALUES (1, 3, 8918, 'SYR REYNOSA', '10.47.154.100', 0, 0);
INSERT INTO UNIFORMES.TATIENDAS (FIPAIS, FICANAL, FISUCURSAL, FCNOMBRE, FCDIRIP, FIIDCDISTRIBUCION, FIIDFORMADOR)
VALUES (1, 71, 8946, 'EKT DAZ LOS REYES MICHOACAN', '10.38.56.70', 0, 0);
INSERT INTO UNIFORMES.TATIENDAS (FIPAIS, FICANAL, FISUCURSAL, FCNOMBRE, FCDIRIP, FIIDCDISTRIBUCION, FIIDFORMADOR)
VALUES (1, 3, 8947, 'SYR CUAUTLA', '10.47.118.100', 0, 0);
INSERT INTO UNIFORMES.TATIENDAS (FIPAIS, FICANAL, FISUCURSAL, FCNOMBRE, FCDIRIP, FIIDCDISTRIBUCION, FIIDFORMADOR)
VALUES (1, 3, 8950, 'SYR CUERNAVACA', '10.47.119.100', 0, 0);
INSERT INTO UNIFORMES.TATIENDAS (FIPAIS, FICANAL, FISUCURSAL, FCNOMBRE, FCDIRIP, FIIDCDISTRIBUCION, FIIDFORMADOR)
VALUES (1, 3, 8963, 'SYR JOJUTLA', '10.47.128.100', 0, 0);
INSERT INTO UNIFORMES.TATIENDAS (FIPAIS, FICANAL, FISUCURSAL, FCNOMBRE, FCDIRIP, FIIDCDISTRIBUCION, FIIDFORMADOR)
VALUES (1, 71, 8966, 'EKT DAZ JALACINGO', '10.38.60.140', 0, 0);
INSERT INTO UNIFORMES.TATIENDAS (FIPAIS, FICANAL, FISUCURSAL, FCNOMBRE, FCDIRIP, FIIDCDISTRIBUCION, FIIDFORMADOR)
VALUES (1, 3, 8976, 'SYR IGUALA', '10.47.126.100', 0, 0);
INSERT INTO UNIFORMES.TATIENDAS (FIPAIS, FICANAL, FISUCURSAL, FCNOMBRE, FCDIRIP, FIIDCDISTRIBUCION, FIIDFORMADOR)
VALUES (1, 71, 8980, 'EKT DAZ CONKAL', '10.38.55.10', 0, 0);
INSERT INTO UNIFORMES.TATIENDAS (FIPAIS, FICANAL, FISUCURSAL, FCNOMBRE, FCDIRIP, FIIDCDISTRIBUCION, FIIDFORMADOR)
VALUES (1, 71, 8986, 'EKT DAZ DEGOLLADO', '10.38.58.10', 0, 0);
INSERT INTO UNIFORMES.TATIENDAS (FIPAIS, FICANAL, FISUCURSAL, FCNOMBRE, FCDIRIP, FIIDCDISTRIBUCION, FIIDFORMADOR)
VALUES (1, 3, 9030, 'SYR RENACIMIENTO', '10.47.103.100', 0, 0);
INSERT INTO UNIFORMES.TATIENDAS (FIPAIS, FICANAL, FISUCURSAL, FCNOMBRE, FCDIRIP, FIIDCDISTRIBUCION, FIIDFORMADOR)
VALUES (1, 3, 9043, 'SYR ZIHUATANEJO', '10.47.176.100', 0, 0);
INSERT INTO UNIFORMES.TATIENDAS (FIPAIS, FICANAL, FISUCURSAL, FCNOMBRE, FCDIRIP, FIIDCDISTRIBUCION, FIIDFORMADOR)
VALUES (1, 3, 9056, 'SYR OAXACA', '10.47.140.100', 0, 0);
INSERT INTO UNIFORMES.TATIENDAS (FIPAIS, FICANAL, FISUCURSAL, FCNOMBRE, FCDIRIP, FIIDCDISTRIBUCION, FIIDFORMADOR)
VALUES (1, 3, 9069, 'SYR TUXTEPEC', '10.47.170.100', 0, 0);
INSERT INTO UNIFORMES.TATIENDAS (FIPAIS, FICANAL, FISUCURSAL, FCNOMBRE, FCDIRIP, FIIDCDISTRIBUCION, FIIDFORMADOR)
VALUES (1, 3, 9085, 'SYR TIJUANA', '10.47.162.100', 0, 0);
INSERT INTO UNIFORMES.TATIENDAS (FIPAIS, FICANAL, FISUCURSAL, FCNOMBRE, FCDIRIP, FIIDCDISTRIBUCION, FIIDFORMADOR)
VALUES (1, 2, 9093, 'BDR SAN CRISTOBAL ECATEPEC', '172.27.130.100', 0, 0);
INSERT INTO UNIFORMES.TATIENDAS (FIPAIS, FICANAL, FISUCURSAL, FCNOMBRE, FCDIRIP, FIIDCDISTRIBUCION, FIIDFORMADOR)
VALUES (1, 3, 9098, 'SYR SAN LUIS', '10.47.155.100', 0, 0);
INSERT INTO UNIFORMES.TATIENDAS (FIPAIS, FICANAL, FISUCURSAL, FCNOMBRE, FCDIRIP, FIIDCDISTRIBUCION, FIIDFORMADOR)
VALUES (1, 1, 9108, 'EKT LA PIEDAD', '172.22.232.100', 0, 0);
INSERT INTO UNIFORMES.TATIENDAS (FIPAIS, FICANAL, FISUCURSAL, FCNOMBRE, FCDIRIP, FIIDCDISTRIBUCION, FIIDFORMADOR)
VALUES (1, 1, 9115, 'EKT PEROTE', '172.20.226.100', 0, 0);
INSERT INTO UNIFORMES.TATIENDAS (FIPAIS, FICANAL, FISUCURSAL, FCNOMBRE, FCDIRIP, FIIDCDISTRIBUCION, FIIDFORMADOR)
VALUES (1, 3, 9195, 'SYR MEXICALI', '10.47.132.100', 0, 0);
INSERT INTO UNIFORMES.TATIENDAS (FIPAIS, FICANAL, FISUCURSAL, FCNOMBRE, FCDIRIP, FIIDCDISTRIBUCION, FIIDFORMADOR)
VALUES (1, 1, 9205, 'EKT AGUADULCE', '172.21.168.100', 0, 0);
INSERT INTO UNIFORMES.TATIENDAS (FIPAIS, FICANAL, FISUCURSAL, FCNOMBRE, FCDIRIP, FIIDCDISTRIBUCION, FIIDFORMADOR)
VALUES (1, 1, 4076, 'EKT MICHOACAN PARACHO', '10.40.26.100', 0, 0);
INSERT INTO UNIFORMES.TATIENDAS (FIPAIS, FICANAL, FISUCURSAL, FCNOMBRE, FCDIRIP, FIIDCDISTRIBUCION, FIIDFORMADOR)
VALUES (1, 1, 4078, 'EKT ZAC CALERA VICTOR ROSALES', '10.40.30.100', 0, 0);
INSERT INTO UNIFORMES.TATIENDAS (FIPAIS, FICANAL, FISUCURSAL, FCNOMBRE, FCDIRIP, FIIDCDISTRIBUCION, FIIDFORMADOR)
VALUES (1, 1, 4080, 'MEGA SALTILLO ALLENDE', '172.22.177.100', 0, 0);
INSERT INTO UNIFORMES.TATIENDAS (FIPAIS, FICANAL, FISUCURSAL, FCNOMBRE, FCDIRIP, FIIDCDISTRIBUCION, FIIDFORMADOR)
VALUES (1, 1, 4081, 'EKT AGS CALVILLO INDEPENDENCIA', '10.40.27.100', 0, 0);
INSERT INTO UNIFORMES.TATIENDAS (FIPAIS, FICANAL, FISUCURSAL, FCNOMBRE, FCDIRIP, FIIDCDISTRIBUCION, FIIDFORMADOR)
VALUES (1, 1, 4093, 'EKT SABINAS HIDALGO NL', '172.21.161.100', 0, 0);
INSERT INTO UNIFORMES.TATIENDAS (FIPAIS, FICANAL, FISUCURSAL, FCNOMBRE, FCDIRIP, FIIDCDISTRIBUCION, FIIDFORMADOR)
VALUES (1, 1, 5526, 'EKT SAN LUIS RIO COLORADO', '172.20.145.100', 0, 0);
INSERT INTO UNIFORMES.TATIENDAS (FIPAIS, FICANAL, FISUCURSAL, FCNOMBRE, FCDIRIP, FIIDCDISTRIBUCION, FIIDFORMADOR)
VALUES (1, 1, 5539, 'EKT SAN PEDRO LAS COLONIAS', '172.23.215.100', 0, 0);
INSERT INTO UNIFORMES.TATIENDAS (FIPAIS, FICANAL, FISUCURSAL, FCNOMBRE, FCDIRIP, FIIDCDISTRIBUCION, FIIDFORMADOR)
VALUES (1, 1, 5542, 'MEGA PLAZA LA MARGARITA', '10.40.233.100', 0, 0);
INSERT INTO UNIFORMES.TATIENDAS (FIPAIS, FICANAL, FISUCURSAL, FCNOMBRE, FCDIRIP, FIIDCDISTRIBUCION, FIIDFORMADOR)
VALUES (1, 1, 5568, 'MEGA TIJUANA EL FLORIDO', '172.21.157.100', 0, 0);
INSERT INTO UNIFORMES.TATIENDAS (FIPAIS, FICANAL, FISUCURSAL, FCNOMBRE, FCDIRIP, FIIDCDISTRIBUCION, FIIDFORMADOR)
VALUES (1, 1, 5569, 'EKT TEMASCALSINGO EDO', '10.30.38.10', 0, 0);
INSERT INTO UNIFORMES.TATIENDAS (FIPAIS, FICANAL, FISUCURSAL, FCNOMBRE, FCDIRIP, FIIDCDISTRIBUCION, FIIDFORMADOR)
VALUES (1, 1, 5571, 'MEGA MONTERREY JUAREZ COLON', '10.40.152.100', 0, 0);
INSERT INTO UNIFORMES.TATIENDAS (FIPAIS, FICANAL, FISUCURSAL, FCNOMBRE, FCDIRIP, FIIDCDISTRIBUCION, FIIDFORMADOR)
VALUES (1, 1, 5592, 'EKT VICENTE GUERRERO', '10.40.55.100', 0, 0);
INSERT INTO UNIFORMES.TATIENDAS (FIPAIS, FICANAL, FISUCURSAL, FCNOMBRE, FCDIRIP, FIIDCDISTRIBUCION, FIIDFORMADOR)
VALUES (1, 1, 5593, 'EKT OAXACA HUAJUAPAN DE LEON', '10.40.52.100', 0, 0);
INSERT INTO UNIFORMES.TATIENDAS (FIPAIS, FICANAL, FISUCURSAL, FCNOMBRE, FCDIRIP, FIIDCDISTRIBUCION, FIIDFORMADOR)
VALUES (1, 1, 5594, 'EKT TAMAULIPAS ALDAMA', '10.40.49.100', 0, 0);
INSERT INTO UNIFORMES.TATIENDAS (FIPAIS, FICANAL, FISUCURSAL, FCNOMBRE, FCDIRIP, FIIDCDISTRIBUCION, FIIDFORMADOR)
VALUES (1, 1, 5597, 'MEGA SAN JUAN DEL RIO', '172.20.125.100', 0, 0);
INSERT INTO UNIFORMES.TATIENDAS (FIPAIS, FICANAL, FISUCURSAL, FCNOMBRE, FCDIRIP, FIIDCDISTRIBUCION, FIIDFORMADOR)
VALUES (1, 1, 5607, 'EKT MORELIA 1 CORREGIDORA', '172.20.243.100', 0, 0);
INSERT INTO UNIFORMES.TATIENDAS (FIPAIS, FICANAL, FISUCURSAL, FCNOMBRE, FCDIRIP, FIIDCDISTRIBUCION, FIIDFORMADOR)
VALUES (1, 1, 5610, 'MEGA LEON LOPEZ MATEOS', '172.21.123.100', 0, 0);
INSERT INTO UNIFORMES.TATIENDAS (FIPAIS, FICANAL, FISUCURSAL, FCNOMBRE, FCDIRIP, FIIDCDISTRIBUCION, FIIDFORMADOR)
VALUES (1, 1, 5636, 'MEGA IXMIQUILPAN', '172.22.138.100', 0, 0);
INSERT INTO UNIFORMES.TATIENDAS (FIPAIS, FICANAL, FISUCURSAL, FCNOMBRE, FCDIRIP, FIIDCDISTRIBUCION, FIIDFORMADOR)
VALUES (1, 1, 5647, 'EKT TLACOLULA DE MATAMOROS', '10.40.51.100', 0, 0);
INSERT INTO UNIFORMES.TATIENDAS (FIPAIS, FICANAL, FISUCURSAL, FCNOMBRE, FCDIRIP, FIIDCDISTRIBUCION, FIIDFORMADOR)
VALUES (1, 1, 5648, 'EKT UMAN YUCATAN', '10.40.115.100', 0, 0);
INSERT INTO UNIFORMES.TATIENDAS (FIPAIS, FICANAL, FISUCURSAL, FCNOMBRE, FCDIRIP, FIIDCDISTRIBUCION, FIIDFORMADOR)
VALUES (1, 1, 5649, 'MEGA METEPEC', '172.22.237.100', 0, 0);
INSERT INTO UNIFORMES.TATIENDAS (FIPAIS, FICANAL, FISUCURSAL, FCNOMBRE, FCDIRIP, FIIDCDISTRIBUCION, FIIDFORMADOR)
VALUES (1, 1, 5650, 'EKT SAUCITO', '10.40.67.100', 0, 0);
INSERT INTO UNIFORMES.TATIENDAS (FIPAIS, FICANAL, FISUCURSAL, FCNOMBRE, FCDIRIP, FIIDCDISTRIBUCION, FIIDFORMADOR)
VALUES (1, 1, 5652, 'MEGA ACTOPAN HIDALGO', '172.23.156.100', 0, 0);
INSERT INTO UNIFORMES.TATIENDAS (FIPAIS, FICANAL, FISUCURSAL, FCNOMBRE, FCDIRIP, FIIDCDISTRIBUCION, FIIDFORMADOR)
VALUES (1, 71, 5662, 'EKT DAZ PONCITLAN', '10.38.164.200', 0, 0);
INSERT INTO UNIFORMES.TATIENDAS (FIPAIS, FICANAL, FISUCURSAL, FCNOMBRE, FCDIRIP, FIIDCDISTRIBUCION, FIIDFORMADOR)
VALUES (1, 1, 5665, 'MEGA DELICIAS', '172.22.203.100', 0, 0);
INSERT INTO UNIFORMES.TATIENDAS (FIPAIS, FICANAL, FISUCURSAL, FCNOMBRE, FCDIRIP, FIIDCDISTRIBUCION, FIIDFORMADOR)
VALUES (1, 1, 5667, 'EKT VERACRUZ LERDO DE TEJADA', '10.40.82.100', 0, 0);
INSERT INTO UNIFORMES.TATIENDAS (FIPAIS, FICANAL, FISUCURSAL, FCNOMBRE, FCDIRIP, FIIDCDISTRIBUCION, FIIDFORMADOR)
VALUES (1, 1, 5673, 'EKT SOLEDAD DE DOBLADO', '10.40.57.100', 0, 0);
INSERT INTO UNIFORMES.TATIENDAS (FIPAIS, FICANAL, FISUCURSAL, FCNOMBRE, FCDIRIP, FIIDCDISTRIBUCION, FIIDFORMADOR)
VALUES (1, 1, 5678, 'MEGA SAN ANDRES TUXTLA', '172.21.186.100', 0, 0);
INSERT INTO UNIFORMES.TATIENDAS (FIPAIS, FICANAL, FISUCURSAL, FCNOMBRE, FCDIRIP, FIIDCDISTRIBUCION, FIIDFORMADOR)
VALUES (1, 1, 5681, 'MEGA TUXPAN JARDINES', '172.24.168.100', 0, 0);
INSERT INTO UNIFORMES.TATIENDAS (FIPAIS, FICANAL, FISUCURSAL, FCNOMBRE, FCDIRIP, FIIDCDISTRIBUCION, FIIDFORMADOR)
VALUES (1, 1, 5694, 'MEGA NUEVO LAREDO', '172.20.130.100', 0, 0);
INSERT INTO UNIFORMES.TATIENDAS (FIPAIS, FICANAL, FISUCURSAL, FCNOMBRE, FCDIRIP, FIIDCDISTRIBUCION, FIIDFORMADOR)
VALUES (1, 1, 5704, 'EKT PUERTO VALLARTA', '172.21.154.100', 0, 0);
INSERT INTO UNIFORMES.TATIENDAS (FIPAIS, FICANAL, FISUCURSAL, FCNOMBRE, FCDIRIP, FIIDCDISTRIBUCION, FIIDFORMADOR)
VALUES (1, 1, 5717, 'MEGA XOCHIMILCO MORELOS', '10.40.71.100', 0, 0);
INSERT INTO UNIFORMES.TATIENDAS (FIPAIS, FICANAL, FISUCURSAL, FCNOMBRE, FCDIRIP, FIIDCDISTRIBUCION, FIIDFORMADOR)
VALUES (1, 1, 5720, 'MEGA TENANCINGO', '172.23.212.100', 0, 0);
INSERT INTO UNIFORMES.TATIENDAS (FIPAIS, FICANAL, FISUCURSAL, FCNOMBRE, FCDIRIP, FIIDCDISTRIBUCION, FIIDFORMADOR)
VALUES (1, 1, 5733, 'MEGA URUAPAN', '172.21.128.100', 0, 0);
INSERT INTO UNIFORMES.TATIENDAS (FIPAIS, FICANAL, FISUCURSAL, FCNOMBRE, FCDIRIP, FIIDCDISTRIBUCION, FIIDFORMADOR)
VALUES (1, 1, 5936, 'EKT CHAMPOTON', '10.40.68.100', 0, 0);
INSERT INTO UNIFORMES.TATIENDAS (FIPAIS, FICANAL, FISUCURSAL, FCNOMBRE, FCDIRIP, FIIDCDISTRIBUCION, FIIDFORMADOR)
VALUES (1, 1, 5937, 'MEGA PLAZA ORIENTE', '172.20.212.100', 0, 0);
INSERT INTO UNIFORMES.TATIENDAS (FIPAIS, FICANAL, FISUCURSAL, FCNOMBRE, FCDIRIP, FIIDCDISTRIBUCION, FIIDFORMADOR)
VALUES (1, 1, 5940, 'MEGA ENSENADA JUAREZ', '172.23.121.100', 0, 0);
INSERT INTO UNIFORMES.TATIENDAS (FIPAIS, FICANAL, FISUCURSAL, FCNOMBRE, FCDIRIP, FIIDCDISTRIBUCION, FIIDFORMADOR)
VALUES (1, 1, 5953, 'MEGA TULANCINGO CUAUHTEMOC', '172.20.152.100', 0, 0);
INSERT INTO UNIFORMES.TATIENDAS (FIPAIS, FICANAL, FISUCURSAL, FCNOMBRE, FCDIRIP, FIIDCDISTRIBUCION, FIIDFORMADOR)
VALUES (1, 1, 5979, 'MEGA VERACRUZ ARISTA', '172.21.249.100', 0, 0);
INSERT INTO UNIFORMES.TATIENDAS (FIPAIS, FICANAL, FISUCURSAL, FCNOMBRE, FCDIRIP, FIIDCDISTRIBUCION, FIIDFORMADOR)
VALUES (1, 1, 5982, 'MEGA ZACATLAN PUEBLA', '172.23.134.100', 0, 0);
INSERT INTO UNIFORMES.TATIENDAS (FIPAIS, FICANAL, FISUCURSAL, FCNOMBRE, FCDIRIP, FIIDCDISTRIBUCION, FIIDFORMADOR)
VALUES (1, 1, 6004, 'EKT SAN JUAN DEL RIO QUERETARO', '172.21.201.100', 0, 0);
INSERT INTO UNIFORMES.TATIENDAS (FIPAIS, FICANAL, FISUCURSAL, FCNOMBRE, FCDIRIP, FIIDCDISTRIBUCION, FIIDFORMADOR)
VALUES (1, 1, 6011, 'EKT TAPACHULA CHIAPAS', '10.47.239.100', 0, 0);
INSERT INTO UNIFORMES.TATIENDAS (FIPAIS, FICANAL, FISUCURSAL, FCNOMBRE, FCDIRIP, FIIDCDISTRIBUCION, FIIDFORMADOR)
VALUES (1, 1, 6012, 'EKT TIJUANA PLAZA GIRASOL', '10.47.252.100', 0, 0);
INSERT INTO UNIFORMES.TATIENDAS (FIPAIS, FICANAL, FISUCURSAL, FCNOMBRE, FCDIRIP, FIIDCDISTRIBUCION, FIIDFORMADOR)
VALUES (1, 1, 6013, 'EKT CHIHUAHUA INDUSTRIAS', '10.47.243.100', 0, 0);
INSERT INTO UNIFORMES.TATIENDAS (FIPAIS, FICANAL, FISUCURSAL, FCNOMBRE, FCDIRIP, FIIDCDISTRIBUCION, FIIDFORMADOR)
VALUES (1, 1, 6014, 'EKT LOS PINOS TIJUANA', '10.47.250.100', 0, 0);
INSERT INTO UNIFORMES.TATIENDAS (FIPAIS, FICANAL, FISUCURSAL, FCNOMBRE, FCDIRIP, FIIDCDISTRIBUCION, FIIDFORMADOR)
VALUES (1, 1, 6015, 'EKT AGUA DULCE 2', '10.47.246.100', 0, 0);
INSERT INTO UNIFORMES.TATIENDAS (FIPAIS, FICANAL, FISUCURSAL, FCNOMBRE, FCDIRIP, FIIDCDISTRIBUCION, FIIDFORMADOR)
VALUES (1, 1, 6016, 'EKT VILLA OCUITZAPOTLAN', '10.47.233.100', 0, 0);
INSERT INTO UNIFORMES.TATIENDAS (FIPAIS, FICANAL, FISUCURSAL, FCNOMBRE, FCDIRIP, FIIDCDISTRIBUCION, FIIDFORMADOR)
VALUES (1, 1, 6017, 'MEGA JARDINES DE MORELOS', '172.23.196.100', 0, 0);
INSERT INTO UNIFORMES.TATIENDAS (FIPAIS, FICANAL, FISUCURSAL, FCNOMBRE, FCDIRIP, FIIDCDISTRIBUCION, FIIDFORMADOR)
VALUES (1, 1, 6018, 'EKT LA VENTA TABASCO', '10.47.247.100', 0, 0);
INSERT INTO UNIFORMES.TATIENDAS (FIPAIS, FICANAL, FISUCURSAL, FCNOMBRE, FCDIRIP, FIIDCDISTRIBUCION, FIIDFORMADOR)
VALUES (1, 1, 6019, 'EKT PIJIJIAPAN', '10.47.223.100', 0, 0);
INSERT INTO UNIFORMES.TATIENDAS (FIPAIS, FICANAL, FISUCURSAL, FCNOMBRE, FCDIRIP, FIIDCDISTRIBUCION, FIIDFORMADOR)
VALUES (1, 1, 6020, 'MEGA MONTERREY ESCOBEDO', '172.22.133.100', 0, 0);
INSERT INTO UNIFORMES.TATIENDAS (FIPAIS, FICANAL, FISUCURSAL, FCNOMBRE, FCDIRIP, FIIDCDISTRIBUCION, FIIDFORMADOR)
VALUES (1, 1, 6021, 'EKT CRUZ DE ELOTA JUAREZ', '10.47.248.100', 0, 0);
INSERT INTO UNIFORMES.TATIENDAS (FIPAIS, FICANAL, FISUCURSAL, FCNOMBRE, FCDIRIP, FIIDCDISTRIBUCION, FIIDFORMADOR)
VALUES (1, 1, 6022, 'EKT AMECA', '10.47.253.100', 0, 0);
INSERT INTO UNIFORMES.TATIENDAS (FIPAIS, FICANAL, FISUCURSAL, FCNOMBRE, FCDIRIP, FIIDCDISTRIBUCION, FIIDFORMADOR)
VALUES (1, 1, 6023, 'EKT LEON SAN JUAN BOSCO', '10.47.254.100', 0, 0);
INSERT INTO UNIFORMES.TATIENDAS (FIPAIS, FICANAL, FISUCURSAL, FCNOMBRE, FCDIRIP, FIIDCDISTRIBUCION, FIIDFORMADOR)
VALUES (1, 1, 6024, 'EKT TEPEXPAN LOS ANGELES', '10.47.237.100', 0, 0);
INSERT INTO UNIFORMES.TATIENDAS (FIPAIS, FICANAL, FISUCURSAL, FCNOMBRE, FCDIRIP, FIIDCDISTRIBUCION, FIIDFORMADOR)
VALUES (1, 1, 6025, 'EKT FRONTERA TABASCO', '10.47.235.100', 0, 0);
INSERT INTO UNIFORMES.TATIENDAS (FIPAIS, FICANAL, FISUCURSAL, FCNOMBRE, FCDIRIP, FIIDCDISTRIBUCION, FIIDFORMADOR)
VALUES (1, 1, 6026, 'EKT CD HIDALGO LA MORITA', '10.47.249.100', 0, 0);
INSERT INTO UNIFORMES.TATIENDAS (FIPAIS, FICANAL, FISUCURSAL, FCNOMBRE, FCDIRIP, FIIDCDISTRIBUCION, FIIDFORMADOR)
VALUES (1, 1, 6027, 'EKT EDO DE MEX TECAMAC MEXIQUENSE', '10.47.211.100', 0, 0);
INSERT INTO UNIFORMES.TATIENDAS (FIPAIS, FICANAL, FISUCURSAL, FCNOMBRE, FCDIRIP, FIIDCDISTRIBUCION, FIIDFORMADOR)
VALUES (1, 71, 6029, 'EKT DAZ PUENTE DE IXTLA', '10.38.67.70', 0, 0);
INSERT INTO UNIFORMES.TATIENDAS (FIPAIS, FICANAL, FISUCURSAL, FCNOMBRE, FCDIRIP, FIIDCDISTRIBUCION, FIIDFORMADOR)
VALUES (1, 1, 6030, 'EKT QUERETARO CORREGIDORA P C', '10.47.203.100', 0, 0);
INSERT INTO UNIFORMES.TATIENDAS (FIPAIS, FICANAL, FISUCURSAL, FCNOMBRE, FCDIRIP, FIIDCDISTRIBUCION, FIIDFORMADOR)
VALUES (1, 1, 6033, 'MEGA CUAJIMALPA NAVIDAD', '172.20.123.100', 0, 0);
INSERT INTO UNIFORMES.TATIENDAS (FIPAIS, FICANAL, FISUCURSAL, FCNOMBRE, FCDIRIP, FIIDCDISTRIBUCION, FIIDFORMADOR)
VALUES (1, 71, 6035, 'EKT DAZ SAN JULIAN', '10.38.67.140', 0, 0);
INSERT INTO UNIFORMES.TATIENDAS (FIPAIS, FICANAL, FISUCURSAL, FCNOMBRE, FCDIRIP, FIIDCDISTRIBUCION, FIIDFORMADOR)
VALUES (1, 1, 6045, 'EKT MACRO PLAZA MERIDA', '10.47.244.100', 0, 0);
INSERT INTO UNIFORMES.TATIENDAS (FIPAIS, FICANAL, FISUCURSAL, FCNOMBRE, FCDIRIP, FIIDCDISTRIBUCION, FIIDFORMADOR)
VALUES (1, 1, 6046, 'MEGA ACAPULCO CAYACO', '172.20.116.100', 0, 0);
INSERT INTO UNIFORMES.TATIENDAS (FIPAIS, FICANAL, FISUCURSAL, FCNOMBRE, FCDIRIP, FIIDCDISTRIBUCION, FIIDFORMADOR)
VALUES (1, 1, 6048, 'EKT TAMZUNCHALE SLP', '10.47.240.100', 0, 0);
INSERT INTO UNIFORMES.TATIENDAS (FIPAIS, FICANAL, FISUCURSAL, FCNOMBRE, FCDIRIP, FIIDCDISTRIBUCION, FIIDFORMADOR)
VALUES (1, 1, 6049, 'EKT PUERTO PEÑASCO CENTRO', '10.47.242.100', 0, 0);
INSERT INTO UNIFORMES.TATIENDAS (FIPAIS, FICANAL, FISUCURSAL, FCNOMBRE, FCDIRIP, FIIDCDISTRIBUCION, FIIDFORMADOR)
VALUES (1, 1, 6051, 'EKT PLAZA TEXCOCO', '10.47.238.100', 0, 0);
INSERT INTO UNIFORMES.TATIENDAS (FIPAIS, FICANAL, FISUCURSAL, FCNOMBRE, FCDIRIP, FIIDCDISTRIBUCION, FIIDFORMADOR)
VALUES (1, 1, 6059, 'MEGA DURANGO ARRIETA', '172.20.203.100', 0, 0);
INSERT INTO UNIFORMES.TATIENDAS (FIPAIS, FICANAL, FISUCURSAL, FCNOMBRE, FCDIRIP, FIIDCDISTRIBUCION, FIIDFORMADOR)
VALUES (1, 1, 6064, 'EKT JALISCO TALA HERRERA Y CAIRO', '10.47.178.100', 0, 0);
INSERT INTO UNIFORMES.TATIENDAS (FIPAIS, FICANAL, FISUCURSAL, FCNOMBRE, FCDIRIP, FIIDCDISTRIBUCION, FIIDFORMADOR)
VALUES (1, 1, 6065, 'EKT MELCHOR OCAMPO', '10.47.204.100', 0, 0);
INSERT INTO UNIFORMES.TATIENDAS (FIPAIS, FICANAL, FISUCURSAL, FCNOMBRE, FCDIRIP, FIIDCDISTRIBUCION, FIIDFORMADOR)
VALUES (1, 1, 6066, 'EKT IZCALLI P HACIENDAS', '10.47.214.100', 0, 0);
INSERT INTO UNIFORMES.TATIENDAS (FIPAIS, FICANAL, FISUCURSAL, FCNOMBRE, FCDIRIP, FIIDCDISTRIBUCION, FIIDFORMADOR)
VALUES (1, 1, 6067, 'EKT TLAPA DE COMONFORT GUERRERO', '10.47.205.100', 0, 0);
INSERT INTO UNIFORMES.TATIENDAS (FIPAIS, FICANAL, FISUCURSAL, FCNOMBRE, FCDIRIP, FIIDCDISTRIBUCION, FIIDFORMADOR)
VALUES (1, 2, 6070, 'BDR ESCOBEDO', '10.47.86.100', 0, 0);
INSERT INTO UNIFORMES.TATIENDAS (FIPAIS, FICANAL, FISUCURSAL, FCNOMBRE, FCDIRIP, FIIDCDISTRIBUCION, FIIDFORMADOR)
VALUES (1, 1, 6073, 'EKT MOCTEZUMA 2A SECCION', '10.47.217.100', 0, 0);
INSERT INTO UNIFORMES.TATIENDAS (FIPAIS, FICANAL, FISUCURSAL, FCNOMBRE, FCDIRIP, FIIDCDISTRIBUCION, FIIDFORMADOR)
VALUES (1, 1, 6074, 'EKT SAN VICENTE CHICOLOAPAN', '10.47.208.100', 0, 0);
INSERT INTO UNIFORMES.TATIENDAS (FIPAIS, FICANAL, FISUCURSAL, FCNOMBRE, FCDIRIP, FIIDCDISTRIBUCION, FIIDFORMADOR)
VALUES (1, 1, 6075, 'MEGA CUAUTITLAN DE ROMERO', '172.23.149.100', 0, 0);
INSERT INTO UNIFORMES.TATIENDAS (FIPAIS, FICANAL, FISUCURSAL, FCNOMBRE, FCDIRIP, FIIDCDISTRIBUCION, FIIDFORMADOR)
VALUES (1, 1, 6078, 'EKT FRANCISCO I MADERO', '10.47.227.100', 0, 0);
INSERT INTO UNIFORMES.TATIENDAS (FIPAIS, FICANAL, FISUCURSAL, FCNOMBRE, FCDIRIP, FIIDCDISTRIBUCION, FIIDFORMADOR)
VALUES (1, 1, 6079, 'EKT JALISCO TEQUILA', '10.47.202.100', 0, 0);
INSERT INTO UNIFORMES.TATIENDAS (FIPAIS, FICANAL, FISUCURSAL, FCNOMBRE, FCDIRIP, FIIDCDISTRIBUCION, FIIDFORMADOR)
VALUES (1, 1, 6080, 'EKT OAXACA MIAHUATLAN', '10.47.218.100', 0, 0);
INSERT INTO UNIFORMES.TATIENDAS (FIPAIS, FICANAL, FISUCURSAL, FCNOMBRE, FCDIRIP, FIIDCDISTRIBUCION, FIIDFORMADOR)
VALUES (1, 1, 6081, 'EKT EDO MEX HUEHUETOCA', '10.40.94.100', 0, 0);
INSERT INTO UNIFORMES.TATIENDAS (FIPAIS, FICANAL, FISUCURSAL, FCNOMBRE, FCDIRIP, FIIDCDISTRIBUCION, FIIDFORMADOR)
VALUES (1, 1, 6082, 'EKT QUERETARO CADEREYTA', '10.47.224.100', 0, 0);
INSERT INTO UNIFORMES.TATIENDAS (FIPAIS, FICANAL, FISUCURSAL, FCNOMBRE, FCDIRIP, FIIDCDISTRIBUCION, FIIDFORMADOR)
VALUES (1, 1, 6084, 'EKT EDO DE MEX JUCHITEPEC', '10.47.251.100', 0, 0);
INSERT INTO UNIFORMES.TATIENDAS (FIPAIS, FICANAL, FISUCURSAL, FCNOMBRE, FCDIRIP, FIIDCDISTRIBUCION, FIIDFORMADOR)
VALUES (1, 1, 6085, 'EKT YUCATAN TEKAX', '10.47.219.100', 0, 0);
INSERT INTO UNIFORMES.TATIENDAS (FIPAIS, FICANAL, FISUCURSAL, FCNOMBRE, FCDIRIP, FIIDCDISTRIBUCION, FIIDFORMADOR)
VALUES (1, 1, 6086, 'EKT OAXACA NOCHIXTLA', '10.47.220.100', 0, 0);
INSERT INTO UNIFORMES.TATIENDAS (FIPAIS, FICANAL, FISUCURSAL, FCNOMBRE, FCDIRIP, FIIDCDISTRIBUCION, FIIDFORMADOR)
VALUES (1, 1, 6088, 'MEGA DOLORES HIDALGO', '172.22.170.100', 0, 0);
INSERT INTO UNIFORMES.TATIENDAS (FIPAIS, FICANAL, FISUCURSAL, FCNOMBRE, FCDIRIP, FIIDCDISTRIBUCION, FIIDFORMADOR)
VALUES (1, 1, 6090, 'EKT MEZCALES', '10.47.215.100', 0, 0);
INSERT INTO UNIFORMES.TATIENDAS (FIPAIS, FICANAL, FISUCURSAL, FCNOMBRE, FCDIRIP, FIIDCDISTRIBUCION, FIIDFORMADOR)
VALUES (1, 1, 6092, 'EKT GUANAJUATO ABASOLO', '10.47.210.100', 0, 0);
INSERT INTO UNIFORMES.TATIENDAS (FIPAIS, FICANAL, FISUCURSAL, FCNOMBRE, FCDIRIP, FIIDCDISTRIBUCION, FIIDFORMADOR)
VALUES (1, 1, 6093, 'EKT OTUMBA EDO DE MEX', '10.47.212.100', 0, 0);
INSERT INTO UNIFORMES.TATIENDAS (FIPAIS, FICANAL, FISUCURSAL, FCNOMBRE, FCDIRIP, FIIDCDISTRIBUCION, FIIDFORMADOR)
VALUES (1, 1, 6094, 'EKT LEON TORREMOLINOS GTO', '10.47.201.100', 0, 0);
INSERT INTO UNIFORMES.TATIENDAS (FIPAIS, FICANAL, FISUCURSAL, FCNOMBRE, FCDIRIP, FIIDCDISTRIBUCION, FIIDFORMADOR)
VALUES (1, 1, 6095, 'EKT YUCATAN HUNUCMA', '10.47.213.100', 0, 0);
INSERT INTO UNIFORMES.TATIENDAS (FIPAIS, FICANAL, FISUCURSAL, FCNOMBRE, FCDIRIP, FIIDCDISTRIBUCION, FIIDFORMADOR)
VALUES (1, 1, 6096, 'EKT JALISCO TAMAZULA DE G', '10.47.216.100', 0, 0);
INSERT INTO UNIFORMES.TATIENDAS (FIPAIS, FICANAL, FISUCURSAL, FCNOMBRE, FCDIRIP, FIIDCDISTRIBUCION, FIIDFORMADOR)
VALUES (1, 1, 6097, 'EKT CARDEL', '10.47.221.100', 0, 0);
INSERT INTO UNIFORMES.TATIENDAS (FIPAIS, FICANAL, FISUCURSAL, FCNOMBRE, FCDIRIP, FIIDCDISTRIBUCION, FIIDFORMADOR)
VALUES (1, 1, 6101, 'EKT TEPIC 1', '172.23.229.100', 0, 0);
INSERT INTO UNIFORMES.TATIENDAS (FIPAIS, FICANAL, FISUCURSAL, FCNOMBRE, FCDIRIP, FIIDCDISTRIBUCION, FIIDFORMADOR)
VALUES (1, 1, 6102, 'EKT YUCATAN PETO', '10.47.209.100', 0, 0);
INSERT INTO UNIFORMES.TATIENDAS (FIPAIS, FICANAL, FISUCURSAL, FCNOMBRE, FCDIRIP, FIIDCDISTRIBUCION, FIIDFORMADOR)
VALUES (1, 1, 6103, 'EKT CAMPECHE CALKINI', '10.47.198.100', 0, 0);
INSERT INTO UNIFORMES.TATIENDAS (FIPAIS, FICANAL, FISUCURSAL, FCNOMBRE, FCDIRIP, FIIDCDISTRIBUCION, FIIDFORMADOR)
VALUES (1, 1, 6104, 'EKT MORELOS AXOCHIAPAN', '10.47.199.100', 0, 0);
INSERT INTO UNIFORMES.TATIENDAS (FIPAIS, FICANAL, FISUCURSAL, FCNOMBRE, FCDIRIP, FIIDCDISTRIBUCION, FIIDFORMADOR)
VALUES (1, 1, 6105, 'EKT EDO MEX EL ORO INDEPENDENCIA', '10.47.183.100', 0, 0);
INSERT INTO UNIFORMES.TATIENDAS (FIPAIS, FICANAL, FISUCURSAL, FCNOMBRE, FCDIRIP, FIIDCDISTRIBUCION, FIIDFORMADOR)
VALUES (1, 1, 6107, 'EKT CHIAPAS REFORMA', '10.47.191.100', 0, 0);
INSERT INTO UNIFORMES.TATIENDAS (FIPAIS, FICANAL, FISUCURSAL, FCNOMBRE, FCDIRIP, FIIDCDISTRIBUCION, FIIDFORMADOR)
VALUES (1, 1, 6108, 'EKT EDO MEX CAPULTITLAN', '10.47.186.100', 0, 0);
INSERT INTO UNIFORMES.TATIENDAS (FIPAIS, FICANAL, FISUCURSAL, FCNOMBRE, FCDIRIP, FIIDCDISTRIBUCION, FIIDFORMADOR)
VALUES (1, 1, 6109, 'EKT EDO MEX ALMOLOYA', '10.47.196.100', 0, 0);
INSERT INTO UNIFORMES.TATIENDAS (FIPAIS, FICANAL, FISUCURSAL, FCNOMBRE, FCDIRIP, FIIDCDISTRIBUCION, FIIDFORMADOR)
VALUES (1, 1, 6110, 'EKT SINALOA EL FUERTE CENTRO', '10.47.181.100', 0, 0);
INSERT INTO UNIFORMES.TATIENDAS (FIPAIS, FICANAL, FISUCURSAL, FCNOMBRE, FCDIRIP, FIIDCDISTRIBUCION, FIIDFORMADOR)
VALUES (1, 1, 6111, 'EKT MICHOACAN JIQUILPAN', '10.47.192.100', 0, 0);
INSERT INTO UNIFORMES.TATIENDAS (FIPAIS, FICANAL, FISUCURSAL, FCNOMBRE, FCDIRIP, FIIDCDISTRIBUCION, FIIDFORMADOR)
VALUES (1, 1, 6112, 'EKT EDO DE MEX JOCOTITLAN', '10.47.195.100', 0, 0);
INSERT INTO UNIFORMES.TATIENDAS (FIPAIS, FICANAL, FISUCURSAL, FCNOMBRE, FCDIRIP, FIIDCDISTRIBUCION, FIIDFORMADOR)
VALUES (1, 1, 6113, 'EKT EDO MEX PLAZA LERMA', '10.47.194.100', 0, 0);
INSERT INTO UNIFORMES.TATIENDAS (FIPAIS, FICANAL, FISUCURSAL, FCNOMBRE, FCDIRIP, FIIDCDISTRIBUCION, FIIDFORMADOR)
VALUES (1, 1, 6114, 'MEGA POZA RICA TIHUATLAN', '172.22.174.100', 0, 0);
INSERT INTO UNIFORMES.TATIENDAS (FIPAIS, FICANAL, FISUCURSAL, FCNOMBRE, FCDIRIP, FIIDCDISTRIBUCION, FIIDFORMADOR)
VALUES (1, 1, 6115, 'EKT EDO MEX PLAZA COACALCO', '10.47.200.100', 0, 0);
INSERT INTO UNIFORMES.TATIENDAS (FIPAIS, FICANAL, FISUCURSAL, FCNOMBRE, FCDIRIP, FIIDCDISTRIBUCION, FIIDFORMADOR)
VALUES (1, 1, 6116, 'EKT SLP CD VALLES LOMAS YUEJAT', '10.47.197.100', 0, 0);
INSERT INTO UNIFORMES.TATIENDAS (FIPAIS, FICANAL, FISUCURSAL, FCNOMBRE, FCDIRIP, FIIDCDISTRIBUCION, FIIDFORMADOR)
VALUES (1, 1, 6117, 'EKT COLIMA VILLA DE ALVAREZ', '10.47.190.100', 0, 0);
INSERT INTO UNIFORMES.TATIENDAS (FIPAIS, FICANAL, FISUCURSAL, FCNOMBRE, FCDIRIP, FIIDCDISTRIBUCION, FIIDFORMADOR)
VALUES (1, 1, 6118, 'EKT PUEBLA TEPEACA', '10.47.188.100', 0, 0);
INSERT INTO UNIFORMES.TATIENDAS (FIPAIS, FICANAL, FISUCURSAL, FCNOMBRE, FCDIRIP, FIIDCDISTRIBUCION, FIIDFORMADOR)
VALUES (1, 1, 6120, 'EKT CARRILLO PUERTO BENITO JUAREZ', '10.47.187.100', 0, 0);
INSERT INTO UNIFORMES.TATIENDAS (FIPAIS, FICANAL, FISUCURSAL, FCNOMBRE, FCDIRIP, FIIDCDISTRIBUCION, FIIDFORMADOR)
VALUES (1, 1, 6121, 'EKT VILLA DEL CARBON CENTRO', '10.47.189.100', 0, 0);
INSERT INTO UNIFORMES.TATIENDAS (FIPAIS, FICANAL, FISUCURSAL, FCNOMBRE, FCDIRIP, FIIDCDISTRIBUCION, FIIDFORMADOR)
VALUES (1, 1, 6122, 'EKT MEXICALTZINGO', '10.47.182.100', 0, 0);
INSERT INTO UNIFORMES.TATIENDAS (FIPAIS, FICANAL, FISUCURSAL, FCNOMBRE, FCDIRIP, FIIDCDISTRIBUCION, FIIDFORMADOR)
VALUES (1, 1, 6124, 'EKT EDO DE MEX MALINALCO', '10.40.1.100', 0, 0);
INSERT INTO UNIFORMES.TATIENDAS (FIPAIS, FICANAL, FISUCURSAL, FCNOMBRE, FCDIRIP, FIIDCDISTRIBUCION, FIIDFORMADOR)
VALUES (1, 1, 6125, 'EKT QUERETARO CORREGIDORA PUEBLITO', '10.47.61.100', 0, 0);
INSERT INTO UNIFORMES.TATIENDAS (FIPAIS, FICANAL, FISUCURSAL, FCNOMBRE, FCDIRIP, FIIDCDISTRIBUCION, FIIDFORMADOR)
VALUES (1, 1, 6127, 'MEGA CHETUMAL', '172.20.239.100', 0, 0);
INSERT INTO UNIFORMES.TATIENDAS (FIPAIS, FICANAL, FISUCURSAL, FCNOMBRE, FCDIRIP, FIIDCDISTRIBUCION, FIIDFORMADOR)
VALUES (1, 1, 6129, 'EKT MICHOACAN TEPALCATEPEC', '10.47.180.100', 0, 0);
INSERT INTO UNIFORMES.TATIENDAS (FIPAIS, FICANAL, FISUCURSAL, FCNOMBRE, FCDIRIP, FIIDCDISTRIBUCION, FIIDFORMADOR)
VALUES (1, 1, 6130, 'MEGA CANCUN TULUM', '172.20.128.100', 0, 0);
INSERT INTO UNIFORMES.TATIENDAS (FIPAIS, FICANAL, FISUCURSAL, FCNOMBRE, FCDIRIP, FIIDCDISTRIBUCION, FIIDFORMADOR)
VALUES (1, 1, 6131, 'EKT EDO DE MEX TEOLOYUCAN', '10.47.65.100', 0, 0);
INSERT INTO UNIFORMES.TATIENDAS (FIPAIS, FICANAL, FISUCURSAL, FCNOMBRE, FCDIRIP, FIIDCDISTRIBUCION, FIIDFORMADOR)
VALUES (1, 1, 6132, 'EKT JALISCO JOCOTEPEC', '10.47.177.100', 0, 0);
INSERT INTO UNIFORMES.TATIENDAS (FIPAIS, FICANAL, FISUCURSAL, FCNOMBRE, FCDIRIP, FIIDCDISTRIBUCION, FIIDFORMADOR)
VALUES (1, 1, 6133, 'EKT EDO DE MEX TEPOJACO', '10.40.3.100', 0, 0);
INSERT INTO UNIFORMES.TATIENDAS (FIPAIS, FICANAL, FISUCURSAL, FCNOMBRE, FCDIRIP, FIIDCDISTRIBUCION, FIIDFORMADOR)
VALUES (1, 1, 6134, 'EKT CHIAPA DE CORZO CENTRO', '10.47.184.100', 0, 0);
INSERT INTO UNIFORMES.TATIENDAS (FIPAIS, FICANAL, FISUCURSAL, FCNOMBRE, FCDIRIP, FIIDCDISTRIBUCION, FIIDFORMADOR)
VALUES (1, 1, 6135, 'EKT NUEVO LEON GALEANA', '10.47.53.100', 0, 0);
INSERT INTO UNIFORMES.TATIENDAS (FIPAIS, FICANAL, FISUCURSAL, FCNOMBRE, FCDIRIP, FIIDCDISTRIBUCION, FIIDFORMADOR)
VALUES (1, 1, 6136, 'EKT MICHOACAN TACAMBARO', '10.47.63.100', 0, 0);
INSERT INTO UNIFORMES.TATIENDAS (FIPAIS, FICANAL, FISUCURSAL, FCNOMBRE, FCDIRIP, FIIDCDISTRIBUCION, FIIDFORMADOR)
VALUES (1, 1, 6137, 'EKT MICHOACAN PURUANDIRO', '10.47.52.100', 0, 0);
INSERT INTO UNIFORMES.TATIENDAS (FIPAIS, FICANAL, FISUCURSAL, FCNOMBRE, FCDIRIP, FIIDCDISTRIBUCION, FIIDFORMADOR)
VALUES (1, 1, 6138, 'EKT GUANAJUATO YURIRIA CENTRO', '10.47.51.100', 0, 0);
INSERT INTO UNIFORMES.TATIENDAS (FIPAIS, FICANAL, FISUCURSAL, FCNOMBRE, FCDIRIP, FIIDCDISTRIBUCION, FIIDFORMADOR)
VALUES (1, 1, 6140, 'EKT ZARAGOZA', '10.47.185.100', 0, 0);
INSERT INTO UNIFORMES.TATIENDAS (FIPAIS, FICANAL, FISUCURSAL, FCNOMBRE, FCDIRIP, FIIDCDISTRIBUCION, FIIDFORMADOR)
VALUES (1, 1, 6141, 'EKT CHICONCUAC TRADICIONAL', '10.47.72.100', 0, 0);
INSERT INTO UNIFORMES.TATIENDAS (FIPAIS, FICANAL, FISUCURSAL, FCNOMBRE, FCDIRIP, FIIDCDISTRIBUCION, FIIDFORMADOR)
VALUES (1, 1, 6142, 'EKT CANAL DE GARAY', '10.47.179.100', 0, 0);
INSERT INTO UNIFORMES.TATIENDAS (FIPAIS, FICANAL, FISUCURSAL, FCNOMBRE, FCDIRIP, FIIDCDISTRIBUCION, FIIDFORMADOR)
VALUES (1, 1, 6143, 'MEGA HUAMANTLA', '172.21.234.100', 0, 0);
INSERT INTO UNIFORMES.TATIENDAS (FIPAIS, FICANAL, FISUCURSAL, FCNOMBRE, FCDIRIP, FIIDCDISTRIBUCION, FIIDFORMADOR)
VALUES (1, 1, 6144, 'EKT IZTAPALAPA DEL ROSAL', '10.40.22.100', 0, 0);
INSERT INTO UNIFORMES.TATIENDAS (FIPAIS, FICANAL, FISUCURSAL, FCNOMBRE, FCDIRIP, FIIDCDISTRIBUCION, FIIDFORMADOR)
VALUES (1, 1, 6146, 'EKT PARRAS DE LA FUENTE COAHUILA', '10.40.38.100', 0, 0);
INSERT INTO UNIFORMES.TATIENDAS (FIPAIS, FICANAL, FISUCURSAL, FCNOMBRE, FCDIRIP, FIIDCDISTRIBUCION, FIIDFORMADOR)
VALUES (1, 1, 6148, 'EKT COMPOSTELA NAYARIT', '10.40.28.100', 0, 0);
INSERT INTO UNIFORMES.TATIENDAS (FIPAIS, FICANAL, FISUCURSAL, FCNOMBRE, FCDIRIP, FIIDCDISTRIBUCION, FIIDFORMADOR)
VALUES (1, 71, 6149, 'EKT DAZ LA HUERTA JALISCO', '10.38.68.140', 0, 0);
INSERT INTO UNIFORMES.TATIENDAS (FIPAIS, FICANAL, FISUCURSAL, FCNOMBRE, FCDIRIP, FIIDCDISTRIBUCION, FIIDFORMADOR)
VALUES (1, 1, 6150, 'EKT XOCHIMILCO MANANTIALES', '10.40.41.100', 0, 0);
INSERT INTO UNIFORMES.TATIENDAS (FIPAIS, FICANAL, FISUCURSAL, FCNOMBRE, FCDIRIP, FIIDCDISTRIBUCION, FIIDFORMADOR)
VALUES (1, 1, 6160, 'EKT CD OBREGON PZA VALLES', '10.40.39.100', 0, 0);
INSERT INTO UNIFORMES.TATIENDAS (FIPAIS, FICANAL, FISUCURSAL, FCNOMBRE, FCDIRIP, FIIDCDISTRIBUCION, FIIDFORMADOR)
VALUES (1, 1, 6161, 'EKT MORELIA TORREON NUEVO', '10.40.21.100', 0, 0);
INSERT INTO UNIFORMES.TATIENDAS (FIPAIS, FICANAL, FISUCURSAL, FCNOMBRE, FCDIRIP, FIIDCDISTRIBUCION, FIIDFORMADOR)
VALUES (1, 1, 6166, 'EKT XOCHITEPEC MORELOS', '10.40.88.100', 0, 0);
INSERT INTO UNIFORMES.TATIENDAS (FIPAIS, FICANAL, FISUCURSAL, FCNOMBRE, FCDIRIP, FIIDCDISTRIBUCION, FIIDFORMADOR)
VALUES (1, 1, 6167, 'EKT CHIAUTLA SAN JUAN', '10.40.42.100', 0, 0);
INSERT INTO UNIFORMES.TATIENDAS (FIPAIS, FICANAL, FISUCURSAL, FCNOMBRE, FCDIRIP, FIIDCDISTRIBUCION, FIIDFORMADOR)
VALUES (1, 1, 6169, 'MEGA ZUMPANGO', '172.22.147.100', 0, 0);
INSERT INTO UNIFORMES.TATIENDAS (FIPAIS, FICANAL, FISUCURSAL, FCNOMBRE, FCDIRIP, FIIDCDISTRIBUCION, FIIDFORMADOR)
VALUES (1, 1, 6172, 'MEGA CORDOBA AV2', '172.20.161.100', 0, 0);
INSERT INTO UNIFORMES.TATIENDAS (FIPAIS, FICANAL, FISUCURSAL, FCNOMBRE, FCDIRIP, FIIDCDISTRIBUCION, FIIDFORMADOR)
VALUES (1, 1, 6173, 'EKT VIADUCTO PIEDAD DF', '10.30.62.10', 0, 0);
INSERT INTO UNIFORMES.TATIENDAS (FIPAIS, FICANAL, FISUCURSAL, FCNOMBRE, FCDIRIP, FIIDCDISTRIBUCION, FIIDFORMADOR)
VALUES (1, 1, 6176, 'EKT ALVARO OBREGON CENTENARIO', '10.40.43.100', 0, 0);
INSERT INTO UNIFORMES.TATIENDAS (FIPAIS, FICANAL, FISUCURSAL, FCNOMBRE, FCDIRIP, FIIDCDISTRIBUCION, FIIDFORMADOR)
VALUES (1, 1, 6177, 'EKT IZTAPALAPA MANUEL CANAS', '10.40.24.100', 0, 0);
INSERT INTO UNIFORMES.TATIENDAS (FIPAIS, FICANAL, FISUCURSAL, FCNOMBRE, FCDIRIP, FIIDCDISTRIBUCION, FIIDFORMADOR)
VALUES (1, 1, 6179, 'EKT CD MADERO 1RO DE MAYO', '10.40.32.100', 0, 0);
INSERT INTO UNIFORMES.TATIENDAS (FIPAIS, FICANAL, FISUCURSAL, FCNOMBRE, FCDIRIP, FIIDCDISTRIBUCION, FIIDFORMADOR)
VALUES (1, 1, 6180, 'EKT GUADALUPE VICTORIA VALDES', '10.40.83.100', 0, 0);
INSERT INTO UNIFORMES.TATIENDAS (FIPAIS, FICANAL, FISUCURSAL, FCNOMBRE, FCDIRIP, FIIDCDISTRIBUCION, FIIDFORMADOR)
VALUES (1, 1, 6181, 'EKT GONZALEZ TAMAULIPAS', '10.40.70.100', 0, 0);
INSERT INTO UNIFORMES.TATIENDAS (FIPAIS, FICANAL, FISUCURSAL, FCNOMBRE, FCDIRIP, FIIDCDISTRIBUCION, FIIDFORMADOR)
VALUES (1, 1, 6182, 'EKT EZEQUIEL MONTES', '10.40.53.100', 0, 0);
INSERT INTO UNIFORMES.TATIENDAS (FIPAIS, FICANAL, FISUCURSAL, FCNOMBRE, FCDIRIP, FIIDCDISTRIBUCION, FIIDFORMADOR)
VALUES (1, 1, 6185, 'MEGA MONTERREY LA FE', '172.23.123.100', 0, 0);
INSERT INTO UNIFORMES.TATIENDAS (FIPAIS, FICANAL, FISUCURSAL, FCNOMBRE, FCDIRIP, FIIDCDISTRIBUCION, FIIDFORMADOR)
VALUES (1, 1, 6186, 'EKT IXTAPAN DE LA SAL', '10.40.129.100', 0, 0);
INSERT INTO UNIFORMES.TATIENDAS (FIPAIS, FICANAL, FISUCURSAL, FCNOMBRE, FCDIRIP, FIIDCDISTRIBUCION, FIIDFORMADOR)
VALUES (1, 1, 6187, 'EKT VILLA GARCIA LERDO DE TEJADA', '10.40.35.100', 0, 0);
INSERT INTO UNIFORMES.TATIENDAS (FIPAIS, FICANAL, FISUCURSAL, FCNOMBRE, FCDIRIP, FIIDCDISTRIBUCION, FIIDFORMADOR)
VALUES (1, 1, 6189, 'EKT MINIEKT APAXCO', '10.40.64.100', 0, 0);
INSERT INTO UNIFORMES.TATIENDAS (FIPAIS, FICANAL, FISUCURSAL, FCNOMBRE, FCDIRIP, FIIDCDISTRIBUCION, FIIDFORMADOR)
VALUES (1, 1, 6198, 'MEGA MATAMOROS TAMAULIPAS', '172.26.203.100', 0, 0);
INSERT INTO UNIFORMES.TATIENDAS (FIPAIS, FICANAL, FISUCURSAL, FCNOMBRE, FCDIRIP, FIIDCDISTRIBUCION, FIIDFORMADOR)
VALUES (1, 1, 6208, 'EKT VILLAHERMOSA 2 MADERO', '172.20.171.100', 0, 0);
INSERT INTO UNIFORMES.TATIENDAS (FIPAIS, FICANAL, FISUCURSAL, FCNOMBRE, FCDIRIP, FIIDCDISTRIBUCION, FIIDFORMADOR)
VALUES (1, 1, 6211, 'MEGA ZACAPU', '172.23.124.100', 0, 0);
INSERT INTO UNIFORMES.TATIENDAS (FIPAIS, FICANAL, FISUCURSAL, FCNOMBRE, FCDIRIP, FIIDCDISTRIBUCION, FIIDFORMADOR)
VALUES (1, 1, 6224, 'EKT LAS AGUILAS DF', '172.23.145.100', 0, 0);
INSERT INTO UNIFORMES.TATIENDAS (FIPAIS, FICANAL, FISUCURSAL, FCNOMBRE, FCDIRIP, FIIDCDISTRIBUCION, FIIDFORMADOR)
VALUES (1, 71, 6236, 'EKT DAZ YECAPIXTLA', '10.38.195.140', 0, 0);
INSERT INTO UNIFORMES.TATIENDAS (FIPAIS, FICANAL, FISUCURSAL, FCNOMBRE, FCDIRIP, FIIDCDISTRIBUCION, FIIDFORMADOR)
VALUES (1, 1, 6237, 'MEGA TECAMAC', '172.24.123.100', 0, 0);
INSERT INTO UNIFORMES.TATIENDAS (FIPAIS, FICANAL, FISUCURSAL, FCNOMBRE, FCDIRIP, FIIDCDISTRIBUCION, FIIDFORMADOR)
VALUES (1, 1, 6240, 'MEGA CINTALAPA', '172.22.122.100', 0, 0);
INSERT INTO UNIFORMES.TATIENDAS (FIPAIS, FICANAL, FISUCURSAL, FCNOMBRE, FCDIRIP, FIIDCDISTRIBUCION, FIIDFORMADOR)
VALUES (1, 71, 6244, 'EKT DAZ CABO SAN LUCAS', '10.38.71.10', 0, 0);
INSERT INTO UNIFORMES.TATIENDAS (FIPAIS, FICANAL, FISUCURSAL, FCNOMBRE, FCDIRIP, FIIDCDISTRIBUCION, FIIDFORMADOR)
VALUES (1, 71, 6248, 'EKT DAZ ENSENADA CHAPULTEPEC', '10.38.72.10', 0, 0);
INSERT INTO UNIFORMES.TATIENDAS (FIPAIS, FICANAL, FISUCURSAL, FCNOMBRE, FCDIRIP, FIIDCDISTRIBUCION, FIIDFORMADOR)
VALUES (1, 71, 6250, 'EKT DAZ CUENCAME', '10.38.72.140', 0, 0);
INSERT INTO UNIFORMES.TATIENDAS (FIPAIS, FICANAL, FISUCURSAL, FCNOMBRE, FCDIRIP, FIIDCDISTRIBUCION, FIIDFORMADOR)
VALUES (1, 1, 6253, 'MEGA POCHUTLA', '172.20.178.100', 0, 0);
INSERT INTO UNIFORMES.TATIENDAS (FIPAIS, FICANAL, FISUCURSAL, FCNOMBRE, FCDIRIP, FIIDCDISTRIBUCION, FIIDFORMADOR)
VALUES (1, 71, 6255, 'EKT DAZ MERCADO HIDALGO', '10.38.103.70', 0, 0);
INSERT INTO UNIFORMES.TATIENDAS (FIPAIS, FICANAL, FISUCURSAL, FCNOMBRE, FCDIRIP, FIIDCDISTRIBUCION, FIIDFORMADOR)
VALUES (1, 1, 6267, 'EKT GDE JARDINES DE MORELOS 2', '10.40.135.100', 0, 0);
INSERT INTO UNIFORMES.TATIENDAS (FIPAIS, FICANAL, FISUCURSAL, FCNOMBRE, FCDIRIP, FIIDCDISTRIBUCION, FIIDFORMADOR)
VALUES (1, 1, 6282, 'MEGA TAXIMETROS', '172.20.208.100', 0, 0);
INSERT INTO UNIFORMES.TATIENDAS (FIPAIS, FICANAL, FISUCURSAL, FCNOMBRE, FCDIRIP, FIIDCDISTRIBUCION, FIIDFORMADOR)
VALUES (1, 1, 6288, 'EKT PLAYA DEL CARMEN CTRO MAYA', '10.40.78.100', 0, 0);
INSERT INTO UNIFORMES.TATIENDAS (FIPAIS, FICANAL, FISUCURSAL, FCNOMBRE, FCDIRIP, FIIDCDISTRIBUCION, FIIDFORMADOR)
VALUES (1, 1, 6305, 'EKT JUCHITAN', '172.21.174.100', 0, 0);
INSERT INTO UNIFORMES.TATIENDAS (FIPAIS, FICANAL, FISUCURSAL, FCNOMBRE, FCDIRIP, FIIDCDISTRIBUCION, FIIDFORMADOR)
VALUES (1, 1, 6314, 'EKT COAHUILA ALLENDE', '10.40.79.100', 0, 0);
INSERT INTO UNIFORMES.TATIENDAS (FIPAIS, FICANAL, FISUCURSAL, FCNOMBRE, FCDIRIP, FIIDCDISTRIBUCION, FIIDFORMADOR)
VALUES (1, 1, 6318, 'MEGA SANTA FE DF', '10.41.43.100', 0, 0);
INSERT INTO UNIFORMES.TATIENDAS (FIPAIS, FICANAL, FISUCURSAL, FCNOMBRE, FCDIRIP, FIIDCDISTRIBUCION, FIIDFORMADOR)
VALUES (1, 1, 6334, 'MEGA PIEDRAS NEGRAS', '172.22.141.100', 0, 0);
INSERT INTO UNIFORMES.TATIENDAS (FIPAIS, FICANAL, FISUCURSAL, FCNOMBRE, FCDIRIP, FIIDCDISTRIBUCION, FIIDFORMADOR)
VALUES (1, 1, 6350, 'MEGA NOGALES SONORA', '172.22.111.100', 0, 0);
INSERT INTO UNIFORMES.TATIENDAS (FIPAIS, FICANAL, FISUCURSAL, FCNOMBRE, FCDIRIP, FIIDCDISTRIBUCION, FIIDFORMADOR)
VALUES (1, 1, 6381, 'EKT PARAISO TABASCO', '172.20.179.100', 0, 0);
INSERT INTO UNIFORMES.TATIENDAS (FIPAIS, FICANAL, FISUCURSAL, FCNOMBRE, FCDIRIP, FIIDCDISTRIBUCION, FIIDFORMADOR)
VALUES (1, 1, 6402, 'EKT POZA RICA 1 OBRERA', '172.21.169.100', 0, 0);
INSERT INTO UNIFORMES.TATIENDAS (FIPAIS, FICANAL, FISUCURSAL, FCNOMBRE, FCDIRIP, FIIDCDISTRIBUCION, FIIDFORMADOR)
VALUES (1, 1, 6431, 'MEGA PUERTO ESCONDIDO', '172.20.248.100', 0, 0);
INSERT INTO UNIFORMES.TATIENDAS (FIPAIS, FICANAL, FISUCURSAL, FCNOMBRE, FCDIRIP, FIIDCDISTRIBUCION, FIIDFORMADOR)
VALUES (1, 1, 6444, 'EKT OCOTLAN', '172.21.241.100', 0, 0);
INSERT INTO UNIFORMES.TATIENDAS (FIPAIS, FICANAL, FISUCURSAL, FCNOMBRE, FCDIRIP, FIIDCDISTRIBUCION, FIIDFORMADOR)
VALUES (1, 1, 6512, 'MEGA NAVOLATO', '172.21.137.100', 0, 0);
INSERT INTO UNIFORMES.TATIENDAS (FIPAIS, FICANAL, FISUCURSAL, FCNOMBRE, FCDIRIP, FIIDCDISTRIBUCION, FIIDFORMADOR)
VALUES (1, 71, 6523, 'EKT DAZ BALDERAS', '10.38.103.200', 0, 0);
INSERT INTO UNIFORMES.TATIENDAS (FIPAIS, FICANAL, FISUCURSAL, FCNOMBRE, FCDIRIP, FIIDCDISTRIBUCION, FIIDFORMADOR)
VALUES (1, 1, 6527, 'EKT ALBINO CORZO CHIAPAS', '10.40.65.100', 0, 0);
INSERT INTO UNIFORMES.TATIENDAS (FIPAIS, FICANAL, FISUCURSAL, FCNOMBRE, FCDIRIP, FIIDCDISTRIBUCION, FIIDFORMADOR)
VALUES (1, 1, 6542, 'EKT TEAPA', '172.21.153.100', 0, 0);
INSERT INTO UNIFORMES.TATIENDAS (FIPAIS, FICANAL, FISUCURSAL, FCNOMBRE, FCDIRIP, FIIDCDISTRIBUCION, FIIDFORMADOR)
VALUES (1, 1, 6543, 'EKT SAN FERNANDO', '172.28.115.100', 0, 0);
INSERT INTO UNIFORMES.TATIENDAS (FIPAIS, FICANAL, FISUCURSAL, FCNOMBRE, FCDIRIP, FIIDCDISTRIBUCION, FIIDFORMADOR)
VALUES (1, 1, 6544, 'EKT AGUASCALIENTES CONVENCION', '172.20.139.100', 0, 0);
INSERT INTO UNIFORMES.TATIENDAS (FIPAIS, FICANAL, FISUCURSAL, FCNOMBRE, FCDIRIP, FIIDCDISTRIBUCION, FIIDFORMADOR)
VALUES (1, 1, 6562, 'EKT SAN PEDRO TOTOLTEPEC', '10.40.44.100', 0, 0);
INSERT INTO UNIFORMES.TATIENDAS (FIPAIS, FICANAL, FISUCURSAL, FCNOMBRE, FCDIRIP, FIIDCDISTRIBUCION, FIIDFORMADOR)
VALUES (1, 1, 6569, 'EKT TEZOYUCA MORELOS', '10.40.80.100', 0, 0);
INSERT INTO UNIFORMES.TATIENDAS (FIPAIS, FICANAL, FISUCURSAL, FCNOMBRE, FCDIRIP, FIIDCDISTRIBUCION, FIIDFORMADOR)
VALUES (1, 1, 6570, 'MEGA SANTIAGO TIANGUISTENGO', '172.21.148.100', 0, 0);
INSERT INTO UNIFORMES.TATIENDAS (FIPAIS, FICANAL, FISUCURSAL, FCNOMBRE, FCDIRIP, FIIDCDISTRIBUCION, FIIDFORMADOR)
VALUES (1, 1, 6591, 'EKT BUENOS AIRES APATZINGAN MICH', '10.40.84.100', 0, 0);
INSERT INTO UNIFORMES.TATIENDAS (FIPAIS, FICANAL, FISUCURSAL, FCNOMBRE, FCDIRIP, FIIDCDISTRIBUCION, FIIDFORMADOR)
VALUES (1, 1, 6606, 'EKT NETZAHUALCOYOTL 1 G BAZ', '172.20.186.100', 0, 0);
INSERT INTO UNIFORMES.TATIENDAS (FIPAIS, FICANAL, FISUCURSAL, FCNOMBRE, FCDIRIP, FIIDCDISTRIBUCION, FIIDFORMADOR)
VALUES (1, 1, 6619, 'MEGA RIO GRANDE ZACATECAS', '172.20.134.100', 0, 0);
INSERT INTO UNIFORMES.TATIENDAS (FIPAIS, FICANAL, FISUCURSAL, FCNOMBRE, FCDIRIP, FIIDCDISTRIBUCION, FIIDFORMADOR)
VALUES (1, 1, 6622, 'MEGA SAN JOSE DEL CABO', '172.22.134.100', 0, 0);
INSERT INTO UNIFORMES.TATIENDAS (FIPAIS, FICANAL, FISUCURSAL, FCNOMBRE, FCDIRIP, FIIDCDISTRIBUCION, FIIDFORMADOR)
VALUES (1, 1, 6635, 'MEGA COZUMEL', '172.20.205.100', 0, 0);
INSERT INTO UNIFORMES.TATIENDAS (FIPAIS, FICANAL, FISUCURSAL, FCNOMBRE, FCDIRIP, FIIDCDISTRIBUCION, FIIDFORMADOR)
VALUES (1, 1, 6680, 'MEGA LAGO', '172.22.254.100', 0, 0);
INSERT INTO UNIFORMES.TATIENDAS (FIPAIS, FICANAL, FISUCURSAL, FCNOMBRE, FCDIRIP, FIIDCDISTRIBUCION, FIIDFORMADOR)
VALUES (1, 2, 6693, 'BDR TOLUCA 1', '172.23.248.100', 0, 0);
INSERT INTO UNIFORMES.TATIENDAS (FIPAIS, FICANAL, FISUCURSAL, FCNOMBRE, FCDIRIP, FIIDCDISTRIBUCION, FIIDFORMADOR)
VALUES (1, 1, 6703, 'MEGA COATZACOALCOS', '172.21.165.100', 0, 0);
INSERT INTO UNIFORMES.TATIENDAS (FIPAIS, FICANAL, FISUCURSAL, FCNOMBRE, FCDIRIP, FIIDCDISTRIBUCION, FIIDFORMADOR)
VALUES (1, 1, 6716, 'MEGA CHILPANCINGO', '172.20.191.100', 0, 0);
INSERT INTO UNIFORMES.TATIENDAS (FIPAIS, FICANAL, FISUCURSAL, FCNOMBRE, FCDIRIP, FIIDCDISTRIBUCION, FIIDFORMADOR)
VALUES (1, 1, 6729, 'MEGA SILAO', '172.21.240.100', 0, 0);
INSERT INTO UNIFORMES.TATIENDAS (FIPAIS, FICANAL, FISUCURSAL, FCNOMBRE, FCDIRIP, FIIDCDISTRIBUCION, FIIDFORMADOR)
VALUES (1, 1, 6732, 'MEGA JEREZ', '172.20.140.100', 0, 0);
INSERT INTO UNIFORMES.TATIENDAS (FIPAIS, FICANAL, FISUCURSAL, FCNOMBRE, FCDIRIP, FIIDCDISTRIBUCION, FIIDFORMADOR)
VALUES (1, 1, 6745, 'MEGA MANZANILLO', '172.23.132.100', 0, 0);
INSERT INTO UNIFORMES.TATIENDAS (FIPAIS, FICANAL, FISUCURSAL, FCNOMBRE, FCDIRIP, FIIDCDISTRIBUCION, FIIDFORMADOR)
VALUES (1, 1, 6758, 'MEGA PUENTE IXTLA', '172.22.154.100', 0, 0);
INSERT INTO UNIFORMES.TATIENDAS (FIPAIS, FICANAL, FISUCURSAL, FCNOMBRE, FCDIRIP, FIIDCDISTRIBUCION, FIIDFORMADOR)
VALUES (1, 1, 6761, 'MEGA CD DEL CARMEN', '172.21.116.100', 0, 0);
INSERT INTO UNIFORMES.TATIENDAS (FIPAIS, FICANAL, FISUCURSAL, FCNOMBRE, FCDIRIP, FIIDCDISTRIBUCION, FIIDFORMADOR)
VALUES (1, 1, 6774, 'MEGA ZACATEPEC', '172.20.153.100', 0, 0);
INSERT INTO UNIFORMES.TATIENDAS (FIPAIS, FICANAL, FISUCURSAL, FCNOMBRE, FCDIRIP, FIIDCDISTRIBUCION, FIIDFORMADOR)
VALUES (1, 1, 6787, 'MEGA JUVENTINO ROSAS', '172.20.129.100', 0, 0);
INSERT INTO UNIFORMES.TATIENDAS (FIPAIS, FICANAL, FISUCURSAL, FCNOMBRE, FCDIRIP, FIIDCDISTRIBUCION, FIIDFORMADOR)
VALUES (1, 1, 6790, 'MEGA PTO VALLARTA PITIYAL', '172.22.127.100', 0, 0);
INSERT INTO UNIFORMES.TATIENDAS (FIPAIS, FICANAL, FISUCURSAL, FCNOMBRE, FCDIRIP, FIIDCDISTRIBUCION, FIIDFORMADOR)
VALUES (1, 1, 6800, 'MEGA IRAPUATO GUERRERO', '172.21.235.100', 0, 0);
INSERT INTO UNIFORMES.TATIENDAS (FIPAIS, FICANAL, FISUCURSAL, FCNOMBRE, FCDIRIP, FIIDCDISTRIBUCION, FIIDFORMADOR)
VALUES (1, 71, 5736, 'EKT DAZ PUREPERO', '10.38.59.200', 0, 0);
INSERT INTO UNIFORMES.TATIENDAS (FIPAIS, FICANAL, FISUCURSAL, FCNOMBRE, FCDIRIP, FIIDCDISTRIBUCION, FIIDFORMADOR)
VALUES (1, 1, 5746, 'MEGA AZCAPOTZALCO', '172.22.196.100', 0, 0);
INSERT INTO UNIFORMES.TATIENDAS (FIPAIS, FICANAL, FISUCURSAL, FCNOMBRE, FCDIRIP, FIIDCDISTRIBUCION, FIIDFORMADOR)
VALUES (1, 1, 5762, 'MEGA SAN VICENTE CHICOLOAPAN', '172.20.215.100', 0, 0);
INSERT INTO UNIFORMES.TATIENDAS (FIPAIS, FICANAL, FISUCURSAL, FCNOMBRE, FCDIRIP, FIIDCDISTRIBUCION, FIIDFORMADOR)
VALUES (1, 90, 5771, 'DAZ PP NACAJUCA TABASCO', '10.47.18.200', 0, 0);
INSERT INTO UNIFORMES.TATIENDAS (FIPAIS, FICANAL, FISUCURSAL, FCNOMBRE, FCDIRIP, FIIDCDISTRIBUCION, FIIDFORMADOR)
VALUES (1, 1, 5784, 'EKT TLAHUAC DEL MAR', '10.40.63.100', 0, 0);
INSERT INTO UNIFORMES.TATIENDAS (FIPAIS, FICANAL, FISUCURSAL, FCNOMBRE, FCDIRIP, FIIDCDISTRIBUCION, FIIDFORMADOR)
VALUES (1, 1, 5791, 'MEGA G INDEPENDENCIA', '172.20.244.100', 0, 0);
INSERT INTO UNIFORMES.TATIENDAS (FIPAIS, FICANAL, FISUCURSAL, FCNOMBRE, FCDIRIP, FIIDCDISTRIBUCION, FIIDFORMADOR)
VALUES (1, 1, 5806, 'EKT SAN FELIPE GUANAJUATO', '10.40.75.100', 0, 0);
INSERT INTO UNIFORMES.TATIENDAS (FIPAIS, FICANAL, FISUCURSAL, FCNOMBRE, FCDIRIP, FIIDCDISTRIBUCION, FIIDFORMADOR)
VALUES (1, 1, 5808, 'EKT LORETO ZACATECAS', '10.40.85.100', 0, 0);
INSERT INTO UNIFORMES.TATIENDAS (FIPAIS, FICANAL, FISUCURSAL, FCNOMBRE, FCDIRIP, FIIDCDISTRIBUCION, FIIDFORMADOR)
VALUES (1, 1, 5814, 'MEGA SANTA CLARA', '172.23.240.100', 0, 0);
INSERT INTO UNIFORMES.TATIENDAS (FIPAIS, FICANAL, FISUCURSAL, FCNOMBRE, FCDIRIP, FIIDCDISTRIBUCION, FIIDFORMADOR)
VALUES (1, 71, 5825, 'EKT DAZ ACANCEH', '10.38.142.200', 0, 0);
INSERT INTO UNIFORMES.TATIENDAS (FIPAIS, FICANAL, FISUCURSAL, FCNOMBRE, FCDIRIP, FIIDCDISTRIBUCION, FIIDFORMADOR)
VALUES (1, 1, 5827, 'MEGA HERMOSILLO EL SAHUARO', '172.21.224.100', 0, 0);
INSERT INTO UNIFORMES.TATIENDAS (FIPAIS, FICANAL, FISUCURSAL, FCNOMBRE, FCDIRIP, FIIDCDISTRIBUCION, FIIDFORMADOR)
VALUES (1, 1, 5830, 'MEGA TIJUANA SOLER', '172.20.230.100', 0, 0);
INSERT INTO UNIFORMES.TATIENDAS (FIPAIS, FICANAL, FISUCURSAL, FCNOMBRE, FCDIRIP, FIIDCDISTRIBUCION, FIIDFORMADOR)
VALUES (1, 90, 5831, 'DAZ PP PALACIO NACIONAL NEZA', '10.47.37.140', 0, 0);
INSERT INTO UNIFORMES.TATIENDAS (FIPAIS, FICANAL, FISUCURSAL, FCNOMBRE, FCDIRIP, FIIDCDISTRIBUCION, FIIDFORMADOR)
VALUES (1, 1, 5839, 'EKT SAN FELIPE DEL PROGRESO', '10.40.66.100', 0, 0);
INSERT INTO UNIFORMES.TATIENDAS (FIPAIS, FICANAL, FISUCURSAL, FCNOMBRE, FCDIRIP, FIIDCDISTRIBUCION, FIIDFORMADOR)
VALUES (1, 1, 5843, 'EKT MEXICALI COLEGIO MILITAR', '172.20.124.100', 0, 0);
INSERT INTO UNIFORMES.TATIENDAS (FIPAIS, FICANAL, FISUCURSAL, FCNOMBRE, FCDIRIP, FIIDCDISTRIBUCION, FIIDFORMADOR)
VALUES (1, 1, 5856, 'MEGA GUANAJUATO SINDICATO', '172.22.124.100', 0, 0);
INSERT INTO UNIFORMES.TATIENDAS (FIPAIS, FICANAL, FISUCURSAL, FCNOMBRE, FCDIRIP, FIIDCDISTRIBUCION, FIIDFORMADOR)
VALUES (1, 1, 5869, 'MEGA POZA RICA RUIZ CORTINEZ', '172.22.199.100', 0, 0);
INSERT INTO UNIFORMES.TATIENDAS (FIPAIS, FICANAL, FISUCURSAL, FCNOMBRE, FCDIRIP, FIIDCDISTRIBUCION, FIIDFORMADOR)
VALUES (1, 1, 5878, 'EKT ALMOLOYA DE JUAREZ', '10.40.69.100', 0, 0);
INSERT INTO UNIFORMES.TATIENDAS (FIPAIS, FICANAL, FISUCURSAL, FCNOMBRE, FCDIRIP, FIIDCDISTRIBUCION, FIIDFORMADOR)
VALUES (1, 1, 5879, 'EKT ACAMBAY EDO DE MEX', '10.40.62.100', 0, 0);
INSERT INTO UNIFORMES.TATIENDAS (FIPAIS, FICANAL, FISUCURSAL, FCNOMBRE, FCDIRIP, FIIDCDISTRIBUCION, FIIDFORMADOR)
VALUES (1, 1, 5884, 'EKT PUEBLA VILLA LAZARO CARDENAS', '10.40.89.100', 0, 0);
INSERT INTO UNIFORMES.TATIENDAS (FIPAIS, FICANAL, FISUCURSAL, FCNOMBRE, FCDIRIP, FIIDCDISTRIBUCION, FIIDFORMADOR)
VALUES (1, 1, 5885, 'MEGA RAUL ROMERO', '172.20.224.100', 0, 0);
INSERT INTO UNIFORMES.TATIENDAS (FIPAIS, FICANAL, FISUCURSAL, FCNOMBRE, FCDIRIP, FIIDCDISTRIBUCION, FIIDFORMADOR)
VALUES (1, 1, 5886, 'EKT VERACRUZ GUTIERREZ ZAMORA', '10.40.76.100', 0, 0);
INSERT INTO UNIFORMES.TATIENDAS (FIPAIS, FICANAL, FISUCURSAL, FCNOMBRE, FCDIRIP, FIIDCDISTRIBUCION, FIIDFORMADOR)
VALUES (1, 1, 5887, 'EKT EDO MEX TULTEPEC', '10.40.77.100', 0, 0);
INSERT INTO UNIFORMES.TATIENDAS (FIPAIS, FICANAL, FISUCURSAL, FCNOMBRE, FCDIRIP, FIIDCDISTRIBUCION, FIIDFORMADOR)
VALUES (1, 90, 5892, 'DAZ PP SAN FCO DEL RINCON GTO', '10.47.40.140', 0, 0);
INSERT INTO UNIFORMES.TATIENDAS (FIPAIS, FICANAL, FISUCURSAL, FCNOMBRE, FCDIRIP, FIIDCDISTRIBUCION, FIIDFORMADOR)
VALUES (1, 1, 5898, 'MEGA QUERETARO EL TINTERO', '172.21.122.100', 0, 0);
INSERT INTO UNIFORMES.TATIENDAS (FIPAIS, FICANAL, FISUCURSAL, FCNOMBRE, FCDIRIP, FIIDCDISTRIBUCION, FIIDFORMADOR)
VALUES (1, 1, 5908, 'MEGA TAPACHULA', '172.21.211.100', 0, 0);
INSERT INTO UNIFORMES.TATIENDAS (FIPAIS, FICANAL, FISUCURSAL, FCNOMBRE, FCDIRIP, FIIDCDISTRIBUCION, FIIDFORMADOR)
VALUES (1, 90, 5920, 'DAZ PP ATOYAC DE ALVAREZ', '10.47.5.10', 0, 0);
INSERT INTO UNIFORMES.TATIENDAS (FIPAIS, FICANAL, FISUCURSAL, FCNOMBRE, FCDIRIP, FIIDCDISTRIBUCION, FIIDFORMADOR)
VALUES (1, 1, 5924, 'MEGA PLAZA EL SALADO', '172.21.150.100', 0, 0);
INSERT INTO UNIFORMES.TATIENDAS (FIPAIS, FICANAL, FISUCURSAL, FCNOMBRE, FCDIRIP, FIIDCDISTRIBUCION, FIIDFORMADOR)
VALUES (1, 90, 5929, 'DAZ PP SERDAN GUAYMAS', '10.47.8.140', 0, 0);
INSERT INTO UNIFORMES.TATIENDAS (FIPAIS, FICANAL, FISUCURSAL, FCNOMBRE, FCDIRIP, FIIDCDISTRIBUCION, FIIDFORMADOR)
VALUES (1, 1, 4857, 'MEGA APIZACO', '172.22.243.100', 0, 0);
INSERT INTO UNIFORMES.TATIENDAS (FIPAIS, FICANAL, FISUCURSAL, FCNOMBRE, FCDIRIP, FIIDCDISTRIBUCION, FIIDFORMADOR)
VALUES (1, 1, 4860, 'MEGA COMALCALCO', '172.20.142.100', 0, 0);
INSERT INTO UNIFORMES.TATIENDAS (FIPAIS, FICANAL, FISUCURSAL, FCNOMBRE, FCDIRIP, FIIDCDISTRIBUCION, FIIDFORMADOR)
VALUES (1, 1, 4873, 'EKT CD MANTE 2 PABLO SIDAR', '172.20.120.100', 0, 0);
INSERT INTO UNIFORMES.TATIENDAS (FIPAIS, FICANAL, FISUCURSAL, FCNOMBRE, FCDIRIP, FIIDCDISTRIBUCION, FIIDFORMADOR)
VALUES (1, 1, 4886, 'EKT MORELIA 5 L CARDENAS', '172.22.241.100', 0, 0);
INSERT INTO UNIFORMES.TATIENDAS (FIPAIS, FICANAL, FISUCURSAL, FCNOMBRE, FCDIRIP, FIIDCDISTRIBUCION, FIIDFORMADOR)
VALUES (1, 1, 4899, 'MEGA CHIMALHUACAN', '172.22.117.100', 0, 0);
INSERT INTO UNIFORMES.TATIENDAS (FIPAIS, FICANAL, FISUCURSAL, FCNOMBRE, FCDIRIP, FIIDCDISTRIBUCION, FIIDFORMADOR)
VALUES (1, 1, 4909, 'EKT JOJUTLA', '172.20.229.100', 0, 0);
INSERT INTO UNIFORMES.TATIENDAS (FIPAIS, FICANAL, FISUCURSAL, FCNOMBRE, FCDIRIP, FIIDCDISTRIBUCION, FIIDFORMADOR)
VALUES (1, 1, 4912, 'MEGA CD JUAREZ PLAZA ALTAVISTA', '172.22.181.100', 0, 0);
INSERT INTO UNIFORMES.TATIENDAS (FIPAIS, FICANAL, FISUCURSAL, FCNOMBRE, FCDIRIP, FIIDCDISTRIBUCION, FIIDFORMADOR)
VALUES (1, 1, 4925, 'MEGA CD JUAREZ PORVENIR', '172.22.226.100', 0, 0);
INSERT INTO UNIFORMES.TATIENDAS (FIPAIS, FICANAL, FISUCURSAL, FCNOMBRE, FCDIRIP, FIIDCDISTRIBUCION, FIIDFORMADOR)
VALUES (1, 1, 4938, 'EKT CHIHUAHUA NINOS HEROES', '172.20.174.100', 0, 0);
INSERT INTO UNIFORMES.TATIENDAS (FIPAIS, FICANAL, FISUCURSAL, FCNOMBRE, FCDIRIP, FIIDCDISTRIBUCION, FIIDFORMADOR)
VALUES (1, 1, 4941, 'MEGA TEOTIHUACAN', '172.20.193.100', 0, 0);
INSERT INTO UNIFORMES.TATIENDAS (FIPAIS, FICANAL, FISUCURSAL, FCNOMBRE, FCDIRIP, FIIDCDISTRIBUCION, FIIDFORMADOR)
VALUES (1, 1, 4944, 'EKT VENTA EMPLEADOS TORRE ESMERALDA', '10.50.62.34', 0, 0);
INSERT INTO UNIFORMES.TATIENDAS (FIPAIS, FICANAL, FISUCURSAL, FCNOMBRE, FCDIRIP, FIIDCDISTRIBUCION, FIIDFORMADOR)
VALUES (1, 1, 4954, 'EKT TEXCOCO 3 JUAREZ', '172.23.179.100', 0, 0);
INSERT INTO UNIFORMES.TATIENDAS (FIPAIS, FICANAL, FISUCURSAL, FCNOMBRE, FCDIRIP, FIIDCDISTRIBUCION, FIIDFORMADOR)
VALUES (1, 1, 4958, 'EKT KABAH', '10.42.249.100', 0, 0);
INSERT INTO UNIFORMES.TATIENDAS (FIPAIS, FICANAL, FISUCURSAL, FCNOMBRE, FCDIRIP, FIIDCDISTRIBUCION, FIIDFORMADOR)
VALUES (1, 1, 4967, 'MEGA PUEBLA 5', '10.40.247.100', 0, 0);
INSERT INTO UNIFORMES.TATIENDAS (FIPAIS, FICANAL, FISUCURSAL, FCNOMBRE, FCDIRIP, FIIDCDISTRIBUCION, FIIDFORMADOR)
VALUES (1, 1, 4983, 'MEGA CUAUTLA', '172.22.125.100', 0, 0);
INSERT INTO UNIFORMES.TATIENDAS (FIPAIS, FICANAL, FISUCURSAL, FCNOMBRE, FCDIRIP, FIIDCDISTRIBUCION, FIIDFORMADOR)
VALUES (1, 1, 4996, 'MEGA PLAZA SIERRA', '172.23.159.100', 0, 0);
INSERT INTO UNIFORMES.TATIENDAS (FIPAIS, FICANAL, FISUCURSAL, FCNOMBRE, FCDIRIP, FIIDCDISTRIBUCION, FIIDFORMADOR)
VALUES (1, 1, 5002, 'EKT MAZATLAN EL CONCHI', '172.27.104.100', 0, 0);
INSERT INTO UNIFORMES.TATIENDAS (FIPAIS, FICANAL, FISUCURSAL, FCNOMBRE, FCDIRIP, FIIDCDISTRIBUCION, FIIDFORMADOR)
VALUES (1, 1, 5021, 'MEGA CULIACAN 2 A FLORES', '172.20.240.100', 0, 0);
INSERT INTO UNIFORMES.TATIENDAS (FIPAIS, FICANAL, FISUCURSAL, FCNOMBRE, FCDIRIP, FIIDCDISTRIBUCION, FIIDFORMADOR)
VALUES (1, 1, 5034, 'EKT XICO', '172.21.209.100', 0, 0);
INSERT INTO UNIFORMES.TATIENDAS (FIPAIS, FICANAL, FISUCURSAL, FCNOMBRE, FCDIRIP, FIIDCDISTRIBUCION, FIIDFORMADOR)
VALUES (1, 90, 5061, 'DAZ PP FRONTERA MADERO', '10.47.101.10', 0, 0);
INSERT INTO UNIFORMES.TATIENDAS (FIPAIS, FICANAL, FISUCURSAL, FCNOMBRE, FCDIRIP, FIIDCDISTRIBUCION, FIIDFORMADOR)
VALUES (1, 1, 5063, 'MEGA CHALCO CUAHUTEMOC', '172.22.192.100', 0, 0);
INSERT INTO UNIFORMES.TATIENDAS (FIPAIS, FICANAL, FISUCURSAL, FCNOMBRE, FCDIRIP, FIIDCDISTRIBUCION, FIIDFORMADOR)
VALUES (1, 1, 5089, 'MEGA TLAXCALA', '172.20.220.100', 0, 0);
INSERT INTO UNIFORMES.TATIENDAS (FIPAIS, FICANAL, FISUCURSAL, FCNOMBRE, FCDIRIP, FIIDCDISTRIBUCION, FIIDFORMADOR)
VALUES (1, 1, 5102, 'EKT CD JUAREZ MONUMENTO', '172.22.238.100', 0, 0);
INSERT INTO UNIFORMES.TATIENDAS (FIPAIS, FICANAL, FISUCURSAL, FCNOMBRE, FCDIRIP, FIIDCDISTRIBUCION, FIIDFORMADOR)
VALUES (1, 1, 5116, 'EKT LA PAZ FORJADORES', '172.23.96.100', 0, 0);
INSERT INTO UNIFORMES.TATIENDAS (FIPAIS, FICANAL, FISUCURSAL, FCNOMBRE, FCDIRIP, FIIDCDISTRIBUCION, FIIDFORMADOR)
VALUES (1, 1, 5117, 'EKT MAZATLAN CENTRO', '172.22.96.100', 0, 0);
INSERT INTO UNIFORMES.TATIENDAS (FIPAIS, FICANAL, FISUCURSAL, FCNOMBRE, FCDIRIP, FIIDCDISTRIBUCION, FIIDFORMADOR)
VALUES (1, 1, 5128, 'MEGA NOGALES RUIZ CORTINES', '172.23.108.100', 0, 0);
INSERT INTO UNIFORMES.TATIENDAS (FIPAIS, FICANAL, FISUCURSAL, FCNOMBRE, FCDIRIP, FIIDCDISTRIBUCION, FIIDFORMADOR)
VALUES (1, 1, 5131, 'MEGA JALAPA REVOLUCION', '172.21.164.100', 0, 0);
INSERT INTO UNIFORMES.TATIENDAS (FIPAIS, FICANAL, FISUCURSAL, FCNOMBRE, FCDIRIP, FIIDCDISTRIBUCION, FIIDFORMADOR)
VALUES (1, 1, 5160, 'EKT SAN LORENZO TEZONCO', '172.23.235.100', 0, 0);
INSERT INTO UNIFORMES.TATIENDAS (FIPAIS, FICANAL, FISUCURSAL, FCNOMBRE, FCDIRIP, FIIDCDISTRIBUCION, FIIDFORMADOR)
VALUES (1, 1, 5173, 'EKT CUNDUACAN', '172.21.210.100', 0, 0);
INSERT INTO UNIFORMES.TATIENDAS (FIPAIS, FICANAL, FISUCURSAL, FCNOMBRE, FCDIRIP, FIIDCDISTRIBUCION, FIIDFORMADOR)
VALUES (1, 1, 5199, 'EKT NUEVA ROSITA', '172.22.219.100', 0, 0);
INSERT INTO UNIFORMES.TATIENDAS (FIPAIS, FICANAL, FISUCURSAL, FCNOMBRE, FCDIRIP, FIIDCDISTRIBUCION, FIIDFORMADOR)
VALUES (1, 1, 5209, 'MEGA TUXPAN', '172.26.117.100', 0, 0);
INSERT INTO UNIFORMES.TATIENDAS (FIPAIS, FICANAL, FISUCURSAL, FCNOMBRE, FCDIRIP, FIIDCDISTRIBUCION, FIIDFORMADOR)
VALUES (1, 1, 5212, 'MEGA MONCLOVA', '172.23.231.100', 0, 0);
INSERT INTO UNIFORMES.TATIENDAS (FIPAIS, FICANAL, FISUCURSAL, FCNOMBRE, FCDIRIP, FIIDCDISTRIBUCION, FIIDFORMADOR)
VALUES (1, 1, 5219, 'EKT TAMPICO MADERO', '10.40.140.100', 0, 0);
INSERT INTO UNIFORMES.TATIENDAS (FIPAIS, FICANAL, FISUCURSAL, FCNOMBRE, FCDIRIP, FIIDCDISTRIBUCION, FIIDFORMADOR)
VALUES (1, 1, 5241, 'MEGA SAN LUIS RIO COLORADO 2', '172.20.107.100', 0, 0);
INSERT INTO UNIFORMES.TATIENDAS (FIPAIS, FICANAL, FISUCURSAL, FCNOMBRE, FCDIRIP, FIIDCDISTRIBUCION, FIIDFORMADOR)
VALUES (1, 1, 5254, 'MEGA MONTERREY DIAZ ORDAZ', '172.20.182.100', 0, 0);
INSERT INTO UNIFORMES.TATIENDAS (FIPAIS, FICANAL, FISUCURSAL, FCNOMBRE, FCDIRIP, FIIDCDISTRIBUCION, FIIDFORMADOR)
VALUES (1, 1, 5267, 'MEGA TLAQUEPAQUE', '172.20.195.100', 0, 0);
INSERT INTO UNIFORMES.TATIENDAS (FIPAIS, FICANAL, FISUCURSAL, FCNOMBRE, FCDIRIP, FIIDCDISTRIBUCION, FIIDFORMADOR)
VALUES (1, 1, 5270, 'MEGA PEÑON', '172.22.120.100', 0, 0);
INSERT INTO UNIFORMES.TATIENDAS (FIPAIS, FICANAL, FISUCURSAL, FCNOMBRE, FCDIRIP, FIIDCDISTRIBUCION, FIIDFORMADOR)
VALUES (1, 1, 5283, 'MEGA REYNOSA', '172.26.131.100', 0, 0);
INSERT INTO UNIFORMES.TATIENDAS (FIPAIS, FICANAL, FISUCURSAL, FCNOMBRE, FCDIRIP, FIIDCDISTRIBUCION, FIIDFORMADOR)
VALUES (1, 1, 5306, 'EKT ATLACOMULCO', '172.23.167.100', 0, 0);
INSERT INTO UNIFORMES.TATIENDAS (FIPAIS, FICANAL, FISUCURSAL, FCNOMBRE, FCDIRIP, FIIDCDISTRIBUCION, FIIDFORMADOR)
VALUES (1, 1, 5325, 'EKT ACAPULCO PIE DE LA CUESTA', '172.20.155.100', 0, 0);
INSERT INTO UNIFORMES.TATIENDAS (FIPAIS, FICANAL, FISUCURSAL, FCNOMBRE, FCDIRIP, FIIDCDISTRIBUCION, FIIDFORMADOR)
VALUES (1, 1, 5351, 'EKT VALLE DORADO CHAMAPA', '172.21.190.100', 0, 0);
INSERT INTO UNIFORMES.TATIENDAS (FIPAIS, FICANAL, FISUCURSAL, FCNOMBRE, FCDIRIP, FIIDCDISTRIBUCION, FIIDFORMADOR)
VALUES (1, 1, 5364, 'EKT CALZADA DE GUADALUPE', '172.21.216.100', 0, 0);
INSERT INTO UNIFORMES.TATIENDAS (FIPAIS, FICANAL, FISUCURSAL, FCNOMBRE, FCDIRIP, FIIDCDISTRIBUCION, FIIDFORMADOR)
VALUES (1, 1, 5377, 'MEGA HUIXQUILUCAN', '172.22.166.100', 0, 0);
INSERT INTO UNIFORMES.TATIENDAS (FIPAIS, FICANAL, FISUCURSAL, FCNOMBRE, FCDIRIP, FIIDCDISTRIBUCION, FIIDFORMADOR)
VALUES (1, 90, 5391, 'DAZ PP JIUTEPEC BUGAMBILIAS', '10.47.19.70', 0, 0);
INSERT INTO UNIFORMES.TATIENDAS (FIPAIS, FICANAL, FISUCURSAL, FCNOMBRE, FCDIRIP, FIIDCDISTRIBUCION, FIIDFORMADOR)
VALUES (1, 1, 5393, 'MEGA SLP MUDOS', '172.21.120.100', 0, 0);
INSERT INTO UNIFORMES.TATIENDAS (FIPAIS, FICANAL, FISUCURSAL, FCNOMBRE, FCDIRIP, FIIDCDISTRIBUCION, FIIDFORMADOR)
VALUES (1, 1, 5396, 'EKT TULA CALZADA', '172.20.175.100', 0, 0);
INSERT INTO UNIFORMES.TATIENDAS (FIPAIS, FICANAL, FISUCURSAL, FCNOMBRE, FCDIRIP, FIIDCDISTRIBUCION, FIIDFORMADOR)
VALUES (1, 1, 5403, 'EKT TUXTLA GTZ 1 AVE CENTRAL', '172.21.245.100', 0, 0);
INSERT INTO UNIFORMES.TATIENDAS (FIPAIS, FICANAL, FISUCURSAL, FCNOMBRE, FCDIRIP, FIIDCDISTRIBUCION, FIIDFORMADOR)
VALUES (1, 1, 5405, 'EKT CERRO AZUL', '10.30.51.100', 0, 0);
INSERT INTO UNIFORMES.TATIENDAS (FIPAIS, FICANAL, FISUCURSAL, FCNOMBRE, FCDIRIP, FIIDCDISTRIBUCION, FIIDFORMADOR)
VALUES (1, 1, 5416, 'MEGA TACUBAYA REV', '172.21.222.100', 0, 0);
INSERT INTO UNIFORMES.TATIENDAS (FIPAIS, FICANAL, FISUCURSAL, FCNOMBRE, FCDIRIP, FIIDCDISTRIBUCION, FIIDFORMADOR)
VALUES (1, 1, 5423, 'EKT JALISCO TESISTAN', '10.40.56.100', 0, 0);
INSERT INTO UNIFORMES.TATIENDAS (FIPAIS, FICANAL, FISUCURSAL, FCNOMBRE, FCDIRIP, FIIDCDISTRIBUCION, FIIDFORMADOR)
VALUES (1, 1, 5424, 'EKT SLP SOLEDAD DE GRACIANO', '10.40.47.100', 0, 0);
INSERT INTO UNIFORMES.TATIENDAS (FIPAIS, FICANAL, FISUCURSAL, FCNOMBRE, FCDIRIP, FIIDCDISTRIBUCION, FIIDFORMADOR)
VALUES (1, 1, 5429, 'MEGA LA PAZ OCAMPO', '172.23.154.100', 0, 0);
INSERT INTO UNIFORMES.TATIENDAS (FIPAIS, FICANAL, FISUCURSAL, FCNOMBRE, FCDIRIP, FIIDCDISTRIBUCION, FIIDFORMADOR)
VALUES (1, 1, 5432, 'MEGA ATLIXCO 2', '172.23.158.100', 0, 0);
INSERT INTO UNIFORMES.TATIENDAS (FIPAIS, FICANAL, FISUCURSAL, FCNOMBRE, FCDIRIP, FIIDCDISTRIBUCION, FIIDFORMADOR)
VALUES (1, 1, 5445, 'MEGA ENSENADA', '172.22.213.100', 0, 0);
INSERT INTO UNIFORMES.TATIENDAS (FIPAIS, FICANAL, FISUCURSAL, FCNOMBRE, FCDIRIP, FIIDCDISTRIBUCION, FIIDFORMADOR)
VALUES (1, 1, 5458, 'MEGA CELAYA 3 ANTONIO PLAZA', '172.21.178.100', 0, 0);
INSERT INTO UNIFORMES.TATIENDAS (FIPAIS, FICANAL, FISUCURSAL, FCNOMBRE, FCDIRIP, FIIDCDISTRIBUCION, FIIDFORMADOR)
VALUES (1, 1, 5461, 'MEGA MONTERREY ARRAMBERI', '172.21.160.100', 0, 0);
INSERT INTO UNIFORMES.TATIENDAS (FIPAIS, FICANAL, FISUCURSAL, FCNOMBRE, FCDIRIP, FIIDCDISTRIBUCION, FIIDFORMADOR)
VALUES (1, 1, 5487, 'MEGA IXTAPALUCA', '172.20.200.100', 0, 0);
INSERT INTO UNIFORMES.TATIENDAS (FIPAIS, FICANAL, FISUCURSAL, FCNOMBRE, FCDIRIP, FIIDCDISTRIBUCION, FIIDFORMADOR)
VALUES (1, 1, 5494, 'EKT ENCARNACION DE DIAZ', '10.40.54.100', 0, 0);
INSERT INTO UNIFORMES.TATIENDAS (FIPAIS, FICANAL, FISUCURSAL, FCNOMBRE, FCDIRIP, FIIDCDISTRIBUCION, FIIDFORMADOR)
VALUES (1, 1, 5495, 'EKT MICHOACAN ZINAPECUARO', '10.40.48.100', 0, 0);
INSERT INTO UNIFORMES.TATIENDAS (FIPAIS, FICANAL, FISUCURSAL, FCNOMBRE, FCDIRIP, FIIDCDISTRIBUCION, FIIDFORMADOR)
VALUES (1, 1, 5496, 'EKT OZULUAMA', '10.40.73.100', 0, 0);
INSERT INTO UNIFORMES.TATIENDAS (FIPAIS, FICANAL, FISUCURSAL, FCNOMBRE, FCDIRIP, FIIDCDISTRIBUCION, FIIDFORMADOR)
VALUES (1, 1, 5500, 'EKT TAXCO 1 M HIDALGO', '172.20.245.100', 0, 0);
INSERT INTO UNIFORMES.TATIENDAS (FIPAIS, FICANAL, FISUCURSAL, FCNOMBRE, FCDIRIP, FIIDCDISTRIBUCION, FIIDFORMADOR)
VALUES (1, 1, 7809, 'EKT ACAYUCAN', '172.21.181.100', 0, 0);
INSERT INTO UNIFORMES.TATIENDAS (FIPAIS, FICANAL, FISUCURSAL, FCNOMBRE, FCDIRIP, FIIDCDISTRIBUCION, FIIDFORMADOR)
VALUES (1, 1, 7873, 'EKT NEZA AV CHIMALHUACAN', '10.40.99.100', 0, 0);
INSERT INTO UNIFORMES.TATIENDAS (FIPAIS, FICANAL, FISUCURSAL, FCNOMBRE, FCDIRIP, FIIDCDISTRIBUCION, FIIDFORMADOR)
VALUES (1, 1, 7874, 'EKT NEZA BENITO JUAREZ', '10.40.100.100', 0, 0);
INSERT INTO UNIFORMES.TATIENDAS (FIPAIS, FICANAL, FISUCURSAL, FCNOMBRE, FCDIRIP, FIIDCDISTRIBUCION, FIIDFORMADOR)
VALUES (1, 1, 7893, 'EKT QUERETARO ZARAGOZA', '10.40.132.100', 0, 0);
INSERT INTO UNIFORMES.TATIENDAS (FIPAIS, FICANAL, FISUCURSAL, FCNOMBRE, FCDIRIP, FIIDCDISTRIBUCION, FIIDFORMADOR)
VALUES (1, 1, 7906, 'EKT OAXACA 1 COLON', '172.20.206.100', 0, 0);
INSERT INTO UNIFORMES.TATIENDAS (FIPAIS, FICANAL, FISUCURSAL, FCNOMBRE, FCDIRIP, FIIDCDISTRIBUCION, FIIDFORMADOR)
VALUES (1, 71, 7934, 'EKT DAZ CANCUN KUKULKAN', '10.38.139.10', 0, 0);
INSERT INTO UNIFORMES.TATIENDAS (FIPAIS, FICANAL, FISUCURSAL, FCNOMBRE, FCDIRIP, FIIDCDISTRIBUCION, FIIDFORMADOR)
VALUES (1, 1, 7977, 'EKT FRONTERA COAHUILA', '172.21.114.100', 0, 0);
INSERT INTO UNIFORMES.TATIENDAS (FIPAIS, FICANAL, FISUCURSAL, FCNOMBRE, FCDIRIP, FIIDCDISTRIBUCION, FIIDFORMADOR)
VALUES (1, 1, 7993, 'EKT PROGRESO', '172.20.113.100', 0, 0);
INSERT INTO UNIFORMES.TATIENDAS (FIPAIS, FICANAL, FISUCURSAL, FCNOMBRE, FCDIRIP, FIIDCDISTRIBUCION, FIIDFORMADOR)
VALUES (1, 1, 8011, 'EKT PLAZA CELAYA', '10.40.111.100', 0, 0);
INSERT INTO UNIFORMES.TATIENDAS (FIPAIS, FICANAL, FISUCURSAL, FCNOMBRE, FCDIRIP, FIIDCDISTRIBUCION, FIIDFORMADOR)
VALUES (1, 1, 8015, 'EKT MIGUEL ALEMAN', '172.20.110.100', 0, 0);
INSERT INTO UNIFORMES.TATIENDAS (FIPAIS, FICANAL, FISUCURSAL, FCNOMBRE, FCDIRIP, FIIDCDISTRIBUCION, FIIDFORMADOR)
VALUES (1, 1, 8017, 'EKT MARTINEZ DE LA TORRE OCAMPO', '172.27.178.100', 0, 0);
INSERT INTO UNIFORMES.TATIENDAS (FIPAIS, FICANAL, FISUCURSAL, FCNOMBRE, FCDIRIP, FIIDCDISTRIBUCION, FIIDFORMADOR)
VALUES (1, 1, 8028, 'EKT PLAZA DEL SOL', '172.22.110.100', 0, 0);
INSERT INTO UNIFORMES.TATIENDAS (FIPAIS, FICANAL, FISUCURSAL, FCNOMBRE, FCDIRIP, FIIDCDISTRIBUCION, FIIDFORMADOR)
VALUES (1, 1, 8031, 'EKT CD JUAREZ JILOTEPEC', '172.23.110.100', 0, 0);
INSERT INTO UNIFORMES.TATIENDAS (FIPAIS, FICANAL, FISUCURSAL, FCNOMBRE, FCDIRIP, FIIDCDISTRIBUCION, FIIDFORMADOR)
VALUES (1, 1, 8089, 'EKT ACAPULCO EMILIANO ZAPATA', '172.21.141.100', 0, 0);
INSERT INTO UNIFORMES.TATIENDAS (FIPAIS, FICANAL, FISUCURSAL, FCNOMBRE, FCDIRIP, FIIDCDISTRIBUCION, FIIDFORMADOR)
VALUES (1, 1, 8138, 'EKT CHOLULA', '172.22.113.100', 0, 0);
INSERT INTO UNIFORMES.TATIENDAS (FIPAIS, FICANAL, FISUCURSAL, FCNOMBRE, FCDIRIP, FIIDCDISTRIBUCION, FIIDFORMADOR)
VALUES (1, 1, 8141, 'EKT CANCUN', '172.23.114.100', 0, 0);
INSERT INTO UNIFORMES.TATIENDAS (FIPAIS, FICANAL, FISUCURSAL, FCNOMBRE, FCDIRIP, FIIDCDISTRIBUCION, FIIDFORMADOR)
VALUES (1, 1, 8152, 'EKT SAN CRISTOBAL DE LAS CASAS', '172.27.139.100', 0, 0);
INSERT INTO UNIFORMES.TATIENDAS (FIPAIS, FICANAL, FISUCURSAL, FCNOMBRE, FCDIRIP, FIIDCDISTRIBUCION, FIIDFORMADOR)
VALUES (1, 1, 8154, 'EKT ZAPOTLANEJO', '172.21.113.100', 0, 0);
INSERT INTO UNIFORMES.TATIENDAS (FIPAIS, FICANAL, FISUCURSAL, FCNOMBRE, FCDIRIP, FIIDCDISTRIBUCION, FIIDFORMADOR)
VALUES (1, 71, 8177, 'EKT DAZ AXTLA DE JUAREZ SLP', '10.38.150.200', 0, 0);
INSERT INTO UNIFORMES.TATIENDAS (FIPAIS, FICANAL, FISUCURSAL, FCNOMBRE, FCDIRIP, FIIDCDISTRIBUCION, FIIDFORMADOR)
VALUES (1, 71, 8179, 'EKT DAZ ZAPOPAN MERCADO BOLA', '10.38.138.140', 0, 0);
INSERT INTO UNIFORMES.TATIENDAS (FIPAIS, FICANAL, FISUCURSAL, FCNOMBRE, FCDIRIP, FIIDCDISTRIBUCION, FIIDFORMADOR)
VALUES (1, 71, 8184, 'EKT DAZ MIGO LAS ROSAS CHIAPAS', '10.38.137.140', 0, 0);
INSERT INTO UNIFORMES.TATIENDAS (FIPAIS, FICANAL, FISUCURSAL, FCNOMBRE, FCDIRIP, FIIDCDISTRIBUCION, FIIDFORMADOR)
VALUES (1, 71, 8186, 'EKT DAZ NEZAHUALCOYOTL GUSTAVO BAZ', '10.38.187.140', 0, 0);
INSERT INTO UNIFORMES.TATIENDAS (FIPAIS, FICANAL, FISUCURSAL, FCNOMBRE, FCDIRIP, FIIDCDISTRIBUCION, FIIDFORMADOR)
VALUES (1, 1, 8187, 'EKT ACAPULCO CENTRO', '172.28.114.100', 0, 0);
INSERT INTO UNIFORMES.TATIENDAS (FIPAIS, FICANAL, FISUCURSAL, FCNOMBRE, FCDIRIP, FIIDCDISTRIBUCION, FIIDFORMADOR)
VALUES (1, 71, 8190, 'EKT DAZ LA PAZ', '10.38.195.200', 0, 0);
INSERT INTO UNIFORMES.TATIENDAS (FIPAIS, FICANAL, FISUCURSAL, FCNOMBRE, FCDIRIP, FIIDCDISTRIBUCION, FIIDFORMADOR)
VALUES (1, 1, 8192, 'EKT VALLE DE CHALCO PLAZA SENDERO', '10.40.114.100', 0, 0);
INSERT INTO UNIFORMES.TATIENDAS (FIPAIS, FICANAL, FISUCURSAL, FCNOMBRE, FCDIRIP, FIIDCDISTRIBUCION, FIIDFORMADOR)
VALUES (1, 1, 8201, 'EKT ZIHUATANEJO 2', '172.28.105.100', 0, 0);
INSERT INTO UNIFORMES.TATIENDAS (FIPAIS, FICANAL, FISUCURSAL, FCNOMBRE, FCDIRIP, FIIDCDISTRIBUCION, FIIDFORMADOR)
VALUES (1, 1, 8206, 'EKT TUXTLA GTZ 2 3A SUR OTE', '172.21.218.100', 0, 0);
INSERT INTO UNIFORMES.TATIENDAS (FIPAIS, FICANAL, FISUCURSAL, FCNOMBRE, FCDIRIP, FIIDCDISTRIBUCION, FIIDFORMADOR)
VALUES (1, 1, 8241, 'EKT VALLE HERMOSO TAMAULIPAS', '172.21.182.100', 0, 0);
INSERT INTO UNIFORMES.TATIENDAS (FIPAIS, FICANAL, FISUCURSAL, FCNOMBRE, FCDIRIP, FIIDCDISTRIBUCION, FIIDFORMADOR)
VALUES (1, 1, 8267, 'EKT MACUSPANA', '172.27.149.100', 0, 0);
INSERT INTO UNIFORMES.TATIENDAS (FIPAIS, FICANAL, FISUCURSAL, FCNOMBRE, FCDIRIP, FIIDCDISTRIBUCION, FIIDFORMADOR)
VALUES (1, 1, 8277, 'EKT VALLE DE BRAVO', '172.20.117.100', 0, 0);
INSERT INTO UNIFORMES.TATIENDAS (FIPAIS, FICANAL, FISUCURSAL, FCNOMBRE, FCDIRIP, FIIDCDISTRIBUCION, FIIDFORMADOR)
VALUES (1, 1, 8285, 'EKT CANDELARIA', '10.40.134.100', 0, 0);
INSERT INTO UNIFORMES.TATIENDAS (FIPAIS, FICANAL, FISUCURSAL, FCNOMBRE, FCDIRIP, FIIDCDISTRIBUCION, FIIDFORMADOR)
VALUES (1, 1, 8290, 'EKT PACHUCA TULIPANES', '172.20.150.100', 0, 0);
INSERT INTO UNIFORMES.TATIENDAS (FIPAIS, FICANAL, FISUCURSAL, FCNOMBRE, FCDIRIP, FIIDCDISTRIBUCION, FIIDFORMADOR)
VALUES (1, 1, 8303, 'EKT SAN MARTIN TEX 16 DE SEP', '172.22.211.100', 0, 0);
INSERT INTO UNIFORMES.TATIENDAS (FIPAIS, FICANAL, FISUCURSAL, FCNOMBRE, FCDIRIP, FIIDCDISTRIBUCION, FIIDFORMADOR)
VALUES (1, 71, 8308, 'EKT DAZ LOS REYES IZTACALA', '10.38.17.10', 0, 0);
INSERT INTO UNIFORMES.TATIENDAS (FIPAIS, FICANAL, FISUCURSAL, FCNOMBRE, FCDIRIP, FIIDCDISTRIBUCION, FIIDFORMADOR)
VALUES (1, 1, 8316, 'EKT PATZCUARO', '172.22.109.100', 0, 0);
INSERT INTO UNIFORMES.TATIENDAS (FIPAIS, FICANAL, FISUCURSAL, FCNOMBRE, FCDIRIP, FIIDCDISTRIBUCION, FIIDFORMADOR)
VALUES (1, 3, 8323, 'SYR COMALCALCO', '10.47.115.100', 0, 0);
INSERT INTO UNIFORMES.TATIENDAS (FIPAIS, FICANAL, FISUCURSAL, FCNOMBRE, FCDIRIP, FIIDCDISTRIBUCION, FIIDFORMADOR)
VALUES (1, 1, 8329, 'EKT PUEBLA MAYORAZGO', '172.22.108.100', 0, 0);
INSERT INTO UNIFORMES.TATIENDAS (FIPAIS, FICANAL, FISUCURSAL, FCNOMBRE, FCDIRIP, FIIDCDISTRIBUCION, FIIDFORMADOR)
VALUES (1, 1, 8332, 'EKT EL ROSARITO', '172.21.101.100', 0, 0);
INSERT INTO UNIFORMES.TATIENDAS (FIPAIS, FICANAL, FISUCURSAL, FCNOMBRE, FCDIRIP, FIIDCDISTRIBUCION, FIIDFORMADOR)
VALUES (1, 1, 8336, 'EKT CARDENAS', '172.28.150.100', 0, 0);
INSERT INTO UNIFORMES.TATIENDAS (FIPAIS, FICANAL, FISUCURSAL, FCNOMBRE, FCDIRIP, FIIDCDISTRIBUCION, FIIDFORMADOR)
VALUES (1, 1, 8358, 'MEGA ELEKTRA EMILIANO ZAPATA', '172.22.103.100', 0, 0);
INSERT INTO UNIFORMES.TATIENDAS (FIPAIS, FICANAL, FISUCURSAL, FCNOMBRE, FCDIRIP, FIIDCDISTRIBUCION, FIIDFORMADOR)
VALUES (1, 1, 8361, 'MEGA DURANGO 20 DE NOVIEMBRE', '172.22.102.100', 0, 0);
INSERT INTO UNIFORMES.TATIENDAS (FIPAIS, FICANAL, FISUCURSAL, FCNOMBRE, FCDIRIP, FIIDCDISTRIBUCION, FIIDFORMADOR)
VALUES (1, 1, 8372, 'EKT SAN ANDRES TUXTLA', '172.28.154.100', 0, 0);
INSERT INTO UNIFORMES.TATIENDAS (FIPAIS, FICANAL, FISUCURSAL, FCNOMBRE, FCDIRIP, FIIDCDISTRIBUCION, FIIDFORMADOR)
VALUES (1, 3, 8387, 'SYR SAN JUAN DEL RIO', '10.47.156.100', 0, 0);
INSERT INTO UNIFORMES.TATIENDAS (FIPAIS, FICANAL, FISUCURSAL, FCNOMBRE, FCDIRIP, FIIDCDISTRIBUCION, FIIDFORMADOR)
VALUES (1, 3, 8390, 'SYR QUERETARO CONSTITUYENTES', '10.47.151.100', 0, 0);
INSERT INTO UNIFORMES.TATIENDAS (FIPAIS, FICANAL, FISUCURSAL, FCNOMBRE, FCDIRIP, FIIDCDISTRIBUCION, FIIDFORMADOR)
VALUES (1, 71, 8395, 'EKT DAZ LOS ARCOS SAN CARLOS', '10.38.75.70', 0, 0);
INSERT INTO UNIFORMES.TATIENDAS (FIPAIS, FICANAL, FISUCURSAL, FCNOMBRE, FCDIRIP, FIIDCDISTRIBUCION, FIIDFORMADOR)
VALUES (1, 1, 8396, 'EKT JUCHITAN 2', '172.27.125.100', 0, 0);
INSERT INTO UNIFORMES.TATIENDAS (FIPAIS, FICANAL, FISUCURSAL, FCNOMBRE, FCDIRIP, FIIDCDISTRIBUCION, FIIDFORMADOR)
VALUES (1, 1, 8400, 'EKT CONTRERAS 1 POTRERILLO', '172.23.177.100', 0, 0);
INSERT INTO UNIFORMES.TATIENDAS (FIPAIS, FICANAL, FISUCURSAL, FCNOMBRE, FCDIRIP, FIIDCDISTRIBUCION, FIIDFORMADOR)
VALUES (1, 1, 8403, 'EKT SALINA CRUZ', '172.27.122.100', 0, 0);
INSERT INTO UNIFORMES.TATIENDAS (FIPAIS, FICANAL, FISUCURSAL, FCNOMBRE, FCDIRIP, FIIDCDISTRIBUCION, FIIDFORMADOR)
VALUES (1, 71, 8415, 'EKT DAZ LA JOYA JIUTEPEC', '10.38.76.10', 0, 0);
INSERT INTO UNIFORMES.TATIENDAS (FIPAIS, FICANAL, FISUCURSAL, FCNOMBRE, FCDIRIP, FIIDCDISTRIBUCION, FIIDFORMADOR)
VALUES (1, 71, 8417, 'EKT DAZ EMILIANO ZAPATA', '10.38.75.200', 0, 0);
INSERT INTO UNIFORMES.TATIENDAS (FIPAIS, FICANAL, FISUCURSAL, FCNOMBRE, FCDIRIP, FIIDCDISTRIBUCION, FIIDFORMADOR)
VALUES (1, 3, 8426, 'SYR CELAYA', '10.47.111.100', 0, 0);
INSERT INTO UNIFORMES.TATIENDAS (FIPAIS, FICANAL, FISUCURSAL, FCNOMBRE, FCDIRIP, FIIDCDISTRIBUCION, FIIDFORMADOR)
VALUES (1, 3, 8439, 'SYR IRAPUATO', '10.47.127.100', 0, 0);
INSERT INTO UNIFORMES.TATIENDAS (FIPAIS, FICANAL, FISUCURSAL, FCNOMBRE, FCDIRIP, FIIDCDISTRIBUCION, FIIDFORMADOR)
VALUES (1, 3, 8442, 'SYR MORELIA', '10.47.135.100', 0, 0);
INSERT INTO UNIFORMES.TATIENDAS (FIPAIS, FICANAL, FISUCURSAL, FCNOMBRE, FCDIRIP, FIIDCDISTRIBUCION, FIIDFORMADOR)
VALUES (1, 1, 8445, 'EKT TIERRA BLANCA JUAREZ', '172.27.113.100', 0, 0);
INSERT INTO UNIFORMES.TATIENDAS (FIPAIS, FICANAL, FISUCURSAL, FCNOMBRE, FCDIRIP, FIIDCDISTRIBUCION, FIIDFORMADOR)
VALUES (1, 71, 8462, 'EKT DAZ DALIAS', '10.38.36.200', 0, 0);
INSERT INTO UNIFORMES.TATIENDAS (FIPAIS, FICANAL, FISUCURSAL, FCNOMBRE, FCDIRIP, FIIDCDISTRIBUCION, FIIDFORMADOR)
VALUES (1, 3, 8497, 'SYR TEPIC', '10.47.161.100', 0, 0);
INSERT INTO UNIFORMES.TATIENDAS (FIPAIS, FICANAL, FISUCURSAL, FCNOMBRE, FCDIRIP, FIIDCDISTRIBUCION, FIIDFORMADOR)
VALUES (1, 1, 8501, 'EKT XONACATLAN', '10.40.130.100', 0, 0);
INSERT INTO UNIFORMES.TATIENDAS (FIPAIS, FICANAL, FISUCURSAL, FCNOMBRE, FCDIRIP, FIIDCDISTRIBUCION, FIIDFORMADOR)
VALUES (1, 1, 8502, 'EKT TEZONTEPEC BELISARIO D', '10.40.131.100', 0, 0);
INSERT INTO UNIFORMES.TATIENDAS (FIPAIS, FICANAL, FISUCURSAL, FCNOMBRE, FCDIRIP, FIIDCDISTRIBUCION, FIIDFORMADOR)
VALUES (1, 1, 8503, 'EKT COATEPEC DE HARINAS', '10.40.117.100', 0, 0);
INSERT INTO UNIFORMES.TATIENDAS (FIPAIS, FICANAL, FISUCURSAL, FCNOMBRE, FCDIRIP, FIIDCDISTRIBUCION, FIIDFORMADOR)
VALUES (1, 1, 8504, 'EKT JESUS MARIA AGS', '10.40.119.100', 0, 0);
INSERT INTO UNIFORMES.TATIENDAS (FIPAIS, FICANAL, FISUCURSAL, FCNOMBRE, FCDIRIP, FIIDCDISTRIBUCION, FIIDFORMADOR)
VALUES (1, 71, 8506, 'EKT DAZ TAPALPA', '10.38.137.200', 0, 0);
INSERT INTO UNIFORMES.TATIENDAS (FIPAIS, FICANAL, FISUCURSAL, FCNOMBRE, FCDIRIP, FIIDCDISTRIBUCION, FIIDFORMADOR)
VALUES (1, 1, 8507, 'MEGA EVOLUCION', '172.20.250.100', 0, 0);
INSERT INTO UNIFORMES.TATIENDAS (FIPAIS, FICANAL, FISUCURSAL, FCNOMBRE, FCDIRIP, FIIDCDISTRIBUCION, FIIDFORMADOR)
VALUES (1, 3, 8510, 'SYR CD MANTE', '10.47.110.100', 0, 0);
INSERT INTO UNIFORMES.TATIENDAS (FIPAIS, FICANAL, FISUCURSAL, FCNOMBRE, FCDIRIP, FIIDCDISTRIBUCION, FIIDFORMADOR)
VALUES (1, 71, 8513, 'EKT DAZ URES SONORA', '10.38.20.10', 0, 0);
INSERT INTO UNIFORMES.TATIENDAS (FIPAIS, FICANAL, FISUCURSAL, FCNOMBRE, FCDIRIP, FIIDCDISTRIBUCION, FIIDFORMADOR)
VALUES (1, 1, 8514, 'EKT TAMPICO', '172.28.107.100', 0, 0);
INSERT INTO UNIFORMES.TATIENDAS (FIPAIS, FICANAL, FISUCURSAL, FCNOMBRE, FCDIRIP, FIIDCDISTRIBUCION, FIIDFORMADOR)
VALUES (1, 71, 8534, 'EKT DAZ MEOQUI CHIHUAHUA', '10.38.23.140', 0, 0);
INSERT INTO UNIFORMES.TATIENDAS (FIPAIS, FICANAL, FISUCURSAL, FCNOMBRE, FCDIRIP, FIIDCDISTRIBUCION, FIIDFORMADOR)
VALUES (1, 3, 8536, 'SYR TUXPAN', '10.47.168.100', 0, 0);
INSERT INTO UNIFORMES.TATIENDAS (FIPAIS, FICANAL, FISUCURSAL, FCNOMBRE, FCDIRIP, FIIDCDISTRIBUCION, FIIDFORMADOR)
VALUES (1, 71, 8537, 'EKT DAZ ARMERIA', '10.38.28.70', 0, 0);
INSERT INTO UNIFORMES.TATIENDAS (FIPAIS, FICANAL, FISUCURSAL, FCNOMBRE, FCDIRIP, FIIDCDISTRIBUCION, FIIDFORMADOR)
VALUES (1, 71, 8538, 'EKT DAZ HUEYTAMALCO', '10.38.24.10', 0, 0);
INSERT INTO UNIFORMES.TATIENDAS (FIPAIS, FICANAL, FISUCURSAL, FCNOMBRE, FCDIRIP, FIIDCDISTRIBUCION, FIIDFORMADOR)
VALUES (1, 3, 8565, 'SYR MINATITLAN', '10.47.133.100', 0, 0);
INSERT INTO UNIFORMES.TATIENDAS (FIPAIS, FICANAL, FISUCURSAL, FCNOMBRE, FCDIRIP, FIIDCDISTRIBUCION, FIIDFORMADOR)
VALUES (1, 1, 8575, 'EKT SALAMANCA JUAREZ', '172.28.146.100', 0, 0);
INSERT INTO UNIFORMES.TATIENDAS (FIPAIS, FICANAL, FISUCURSAL, FCNOMBRE, FCDIRIP, FIIDCDISTRIBUCION, FIIDFORMADOR)
VALUES (1, 3, 8578, 'SYR COATZACOALCOS', '10.47.114.100', 0, 0);
INSERT INTO UNIFORMES.TATIENDAS (FIPAIS, FICANAL, FISUCURSAL, FCNOMBRE, FCDIRIP, FIIDCDISTRIBUCION, FIIDFORMADOR)
VALUES (1, 3, 8581, 'SYR CARDENAS', '10.47.107.100', 0, 0);
INSERT INTO UNIFORMES.TATIENDAS (FIPAIS, FICANAL, FISUCURSAL, FCNOMBRE, FCDIRIP, FIIDCDISTRIBUCION, FIIDFORMADOR)
VALUES (2, 1, 4160, 'EKT ANTIGUA GUATEMALA', '10.44.99.100', 0, 0);
INSERT INTO UNIFORMES.TATIENDAS (FIPAIS, FICANAL, FISUCURSAL, FCNOMBRE, FCDIRIP, FIIDCDISTRIBUCION, FIIDFORMADOR)
VALUES (2, 1, 4163, 'EKT TERMINAL', '10.44.68.100', 0, 0);
INSERT INTO UNIFORMES.TATIENDAS (FIPAIS, FICANAL, FISUCURSAL, FCNOMBRE, FCDIRIP, FIIDCDISTRIBUCION, FIIDFORMADOR)
VALUES (2, 1, 4169, 'EKT MALACATAN', '10.44.74.100', 0, 0);
INSERT INTO UNIFORMES.TATIENDAS (FIPAIS, FICANAL, FISUCURSAL, FCNOMBRE, FCDIRIP, FIIDCDISTRIBUCION, FIIDFORMADOR)
VALUES (2, 1, 4170, 'EKT EL PROGRESO GUASTATOYA', '10.44.71.100', 0, 0);
INSERT INTO UNIFORMES.TATIENDAS (FIPAIS, FICANAL, FISUCURSAL, FCNOMBRE, FCDIRIP, FIIDCDISTRIBUCION, FIIDFORMADOR)
VALUES (2, 1, 4172, 'EKT POPTUN GUATEMALA', '10.44.98.100', 0, 0);
INSERT INTO UNIFORMES.TATIENDAS (FIPAIS, FICANAL, FISUCURSAL, FCNOMBRE, FCDIRIP, FIIDCDISTRIBUCION, FIIDFORMADOR)
VALUES (2, 1, 4173, 'EKT ESQUIPULAS GUATEMALA', '10.44.70.100', 0, 0);
INSERT INTO UNIFORMES.TATIENDAS (FIPAIS, FICANAL, FISUCURSAL, FCNOMBRE, FCDIRIP, FIIDCDISTRIBUCION, FIIDFORMADOR)
VALUES (2, 1, 4184, 'EKT BOCA DEL MONTE', '10.44.69.100', 0, 0);
INSERT INTO UNIFORMES.TATIENDAS (FIPAIS, FICANAL, FISUCURSAL, FCNOMBRE, FCDIRIP, FIIDCDISTRIBUCION, FIIDFORMADOR)
VALUES (2, 1, 4214, 'EKT CAMOJA GUATEMALA', '10.44.73.100', 0, 0);
INSERT INTO UNIFORMES.TATIENDAS (FIPAIS, FICANAL, FISUCURSAL, FCNOMBRE, FCDIRIP, FIIDCDISTRIBUCION, FIIDFORMADOR)
VALUES (2, 1, 4401, 'EKT OBELISCO', '10.44.97.100', 0, 0);
INSERT INTO UNIFORMES.TATIENDAS (FIPAIS, FICANAL, FISUCURSAL, FCNOMBRE, FCDIRIP, FIIDCDISTRIBUCION, FIIDFORMADOR)
VALUES (2, 1, 4410, 'EKT ROOSEVELT', '10.44.79.100', 0, 0);
INSERT INTO UNIFORMES.TATIENDAS (FIPAIS, FICANAL, FISUCURSAL, FCNOMBRE, FCDIRIP, FIIDCDISTRIBUCION, FIIDFORMADOR)
VALUES (2, 1, 4067, 'MEGA SAN JOSE PINULA', '10.44.42.100', 0, 0);
INSERT INTO UNIFORMES.TATIENDAS (FIPAIS, FICANAL, FISUCURSAL, FCNOMBRE, FCDIRIP, FIIDCDISTRIBUCION, FIIDFORMADOR)
VALUES (2, 1, 4068, 'EKT AMERICAS XELA', '10.44.44.100', 0, 0);
INSERT INTO UNIFORMES.TATIENDAS (FIPAIS, FICANAL, FISUCURSAL, FCNOMBRE, FCDIRIP, FIIDCDISTRIBUCION, FIIDFORMADOR)
VALUES (2, 1, 4069, 'EKT CHICHICASTENENGO', '10.44.45.100', 0, 0);
INSERT INTO UNIFORMES.TATIENDAS (FIPAIS, FICANAL, FISUCURSAL, FCNOMBRE, FCDIRIP, FIIDCDISTRIBUCION, FIIDFORMADOR)
VALUES (2, 1, 4070, 'EKT TIQUISATE', '10.44.64.100', 0, 0);
INSERT INTO UNIFORMES.TATIENDAS (FIPAIS, FICANAL, FISUCURSAL, FCNOMBRE, FCDIRIP, FIIDCDISTRIBUCION, FIIDFORMADOR)
VALUES (2, 1, 4071, 'EKT GOMERA', '10.44.47.100', 0, 0);
INSERT INTO UNIFORMES.TATIENDAS (FIPAIS, FICANAL, FISUCURSAL, FCNOMBRE, FCDIRIP, FIIDCDISTRIBUCION, FIIDFORMADOR)
VALUES (2, 1, 4072, 'EKT ASUNCION MITA GUATEMALA', '10.44.65.100', 0, 0);
INSERT INTO UNIFORMES.TATIENDAS (FIPAIS, FICANAL, FISUCURSAL, FCNOMBRE, FCDIRIP, FIIDCDISTRIBUCION, FIIDFORMADOR)
VALUES (2, 1, 4073, 'EKT PUERTO DE SAN JOSE', '10.44.46.100', 0, 0);
INSERT INTO UNIFORMES.TATIENDAS (FIPAIS, FICANAL, FISUCURSAL, FCNOMBRE, FCDIRIP, FIIDCDISTRIBUCION, FIIDFORMADOR)
VALUES (2, 1, 194, 'EKT PALACE GUATEMALA', '10.44.6.100', 0, 0);
INSERT INTO UNIFORMES.TATIENDAS (FIPAIS, FICANAL, FISUCURSAL, FCNOMBRE, FCDIRIP, FIIDCDISTRIBUCION, FIIDFORMADOR)
VALUES (2, 1, 262, 'EKT ESCUINTLA GUATEMALA', '10.44.8.100', 0, 0);
INSERT INTO UNIFORMES.TATIENDAS (FIPAIS, FICANAL, FISUCURSAL, FCNOMBRE, FCDIRIP, FIIDCDISTRIBUCION, FIIDFORMADOR)
VALUES (2, 1, 275, 'EKT RETALHULEU GUATEMALA', '10.44.7.100', 0, 0);
INSERT INTO UNIFORMES.TATIENDAS (FIPAIS, FICANAL, FISUCURSAL, FCNOMBRE, FCDIRIP, FIIDCDISTRIBUCION, FIIDFORMADOR)
VALUES (2, 1, 288, 'EKT FLORIDA GUATEMALA', '10.44.9.100', 0, 0);
INSERT INTO UNIFORMES.TATIENDAS (FIPAIS, FICANAL, FISUCURSAL, FCNOMBRE, FCDIRIP, FIIDCDISTRIBUCION, FIIDFORMADOR)
VALUES (2, 1, 291, 'EKT HUEHUETENANGO GUATEMALA', '10.44.10.100', 0, 0);
INSERT INTO UNIFORMES.TATIENDAS (FIPAIS, FICANAL, FISUCURSAL, FCNOMBRE, FCDIRIP, FIIDCDISTRIBUCION, FIIDFORMADOR)
VALUES (2, 1, 314, 'EKT CHIMALTENANGO GUATEMALA', '10.44.11.100', 0, 0);
INSERT INTO UNIFORMES.TATIENDAS (FIPAIS, FICANAL, FISUCURSAL, FCNOMBRE, FCDIRIP, FIIDCDISTRIBUCION, FIIDFORMADOR)
VALUES (2, 1, 327, 'EKT METATERMINAL GUATEMALA', '10.44.14.100', 0, 0);
INSERT INTO UNIFORMES.TATIENDAS (FIPAIS, FICANAL, FISUCURSAL, FCNOMBRE, FCDIRIP, FIIDCDISTRIBUCION, FIIDFORMADOR)
VALUES (2, 1, 335, 'EKT SANTA ELENA PETEN GUATEMALA', '10.44.32.100', 0, 0);
INSERT INTO UNIFORMES.TATIENDAS (FIPAIS, FICANAL, FISUCURSAL, FCNOMBRE, FCDIRIP, FIIDCDISTRIBUCION, FIIDFORMADOR)
VALUES (2, 1, 336, 'EKT SAN MIGUEL PETAPA GUATEMALA', '10.44.33.100', 0, 0);
INSERT INTO UNIFORMES.TATIENDAS (FIPAIS, FICANAL, FISUCURSAL, FCNOMBRE, FCDIRIP, FIIDCDISTRIBUCION, FIIDFORMADOR)
VALUES (2, 1, 343, 'EKT MAZATENANGO GUATEMALA', '10.44.12.100', 0, 0);
INSERT INTO UNIFORMES.TATIENDAS (FIPAIS, FICANAL, FISUCURSAL, FCNOMBRE, FCDIRIP, FIIDCDISTRIBUCION, FIIDFORMADOR)
VALUES (2, 1, 355, 'EKT VILLAHERMOSA GUATEMALA', '10.44.34.100', 0, 0);
INSERT INTO UNIFORMES.TATIENDAS (FIPAIS, FICANAL, FISUCURSAL, FCNOMBRE, FCDIRIP, FIIDCDISTRIBUCION, FIIDFORMADOR)
VALUES (2, 1, 357, 'EKT TOTONICAPAN  GUATEMALA', '10.44.37.100', 0, 0);
INSERT INTO UNIFORMES.TATIENDAS (FIPAIS, FICANAL, FISUCURSAL, FCNOMBRE, FCDIRIP, FIIDCDISTRIBUCION, FIIDFORMADOR)
VALUES (2, 1, 358, 'EKT SALAMA GUATEMALA', '10.44.35.100', 0, 0);
INSERT INTO UNIFORMES.TATIENDAS (FIPAIS, FICANAL, FISUCURSAL, FCNOMBRE, FCDIRIP, FIIDCDISTRIBUCION, FIIDFORMADOR)
VALUES (2, 1, 359, 'EKT  COATEPEQUE GUATEMALA', '10.44.2.100', 0, 0);
INSERT INTO UNIFORMES.TATIENDAS (FIPAIS, FICANAL, FISUCURSAL, FCNOMBRE, FCDIRIP, FIIDCDISTRIBUCION, FIIDFORMADOR)
VALUES (2, 1, 360, 'EKT  AMATITLAN GUATEMALA', '10.44.36.100', 0, 0);
INSERT INTO UNIFORMES.TATIENDAS (FIPAIS, FICANAL, FISUCURSAL, FCNOMBRE, FCDIRIP, FIIDCDISTRIBUCION, FIIDFORMADOR)
VALUES (2, 1, 725, 'EKT XELA I CENTRO GUATEMALA', '10.44.19.100', 0, 0);
INSERT INTO UNIFORMES.TATIENDAS (FIPAIS, FICANAL, FISUCURSAL, FCNOMBRE, FCDIRIP, FIIDCDISTRIBUCION, FIIDFORMADOR)
VALUES (2, 1, 741, 'EKT BARBERENA GUATEMALA', '10.44.16.100', 0, 0);
INSERT INTO UNIFORMES.TATIENDAS (FIPAIS, FICANAL, FISUCURSAL, FCNOMBRE, FCDIRIP, FIIDCDISTRIBUCION, FIIDFORMADOR)
VALUES (2, 1, 754, 'EKT JUTIAPA GUATEMALA', '10.44.17.100', 0, 0);
INSERT INTO UNIFORMES.TATIENDAS (FIPAIS, FICANAL, FISUCURSAL, FCNOMBRE, FCDIRIP, FIIDCDISTRIBUCION, FIIDFORMADOR)
VALUES (2, 1, 756, 'EKT SAN FRANCISCO  GUATEMALA', '10.44.29.100', 0, 0);
INSERT INTO UNIFORMES.TATIENDAS (FIPAIS, FICANAL, FISUCURSAL, FCNOMBRE, FCDIRIP, FIIDCDISTRIBUCION, FIIDFORMADOR)
VALUES (2, 1, 771, 'EKT QUICHE GUATEMALA', '10.44.31.100', 0, 0);
INSERT INTO UNIFORMES.TATIENDAS (FIPAIS, FICANAL, FISUCURSAL, FCNOMBRE, FCDIRIP, FIIDCDISTRIBUCION, FIIDFORMADOR)
VALUES (2, 1, 788, 'EKT MIXCO GUATEMALA', '10.44.30.100', 0, 0);
INSERT INTO UNIFORMES.TATIENDAS (FIPAIS, FICANAL, FISUCURSAL, FCNOMBRE, FCDIRIP, FIIDCDISTRIBUCION, FIIDFORMADOR)
VALUES (2, 1, 2236, 'EKT CHIQUIMULILLA GUATEMALA', '10.44.38.100', 0, 0);
INSERT INTO UNIFORMES.TATIENDAS (FIPAIS, FICANAL, FISUCURSAL, FCNOMBRE, FCDIRIP, FIIDCDISTRIBUCION, FIIDFORMADOR)
VALUES (2, 1, 2237, 'EKT SOLOLA GUATEMALA', '10.44.39.100', 0, 0);
INSERT INTO UNIFORMES.TATIENDAS (FIPAIS, FICANAL, FISUCURSAL, FCNOMBRE, FCDIRIP, FIIDCDISTRIBUCION, FIIDFORMADOR)
VALUES (2, 1, 6842, 'EKT FOX GUATEMALA', '10.44.3.100', 0, 0);
INSERT INTO UNIFORMES.TATIENDAS (FIPAIS, FICANAL, FISUCURSAL, FCNOMBRE, FCDIRIP, FIIDCDISTRIBUCION, FIIDFORMADOR)
VALUES (2, 1, 6855, 'EKT TREBOL GUATEMALA', '10.44.5.100', 0, 0);
INSERT INTO UNIFORMES.TATIENDAS (FIPAIS, FICANAL, FISUCURSAL, FCNOMBRE, FCDIRIP, FIIDCDISTRIBUCION, FIIDFORMADOR)
VALUES (2, 1, 6868, 'EKT TROPICAL GUATEMALA', '10.44.4.100', 0, 0);
INSERT INTO UNIFORMES.TATIENDAS (FIPAIS, FICANAL, FISUCURSAL, FCNOMBRE, FCDIRIP, FIIDCDISTRIBUCION, FIIDFORMADOR)
VALUES (2, 1, 7174, 'EKT VILLANUEVA 2 GUATEMALA', '10.44.75.100', 0, 0);
INSERT INTO UNIFORMES.TATIENDAS (FIPAIS, FICANAL, FISUCURSAL, FCNOMBRE, FCDIRIP, FIIDCDISTRIBUCION, FIIDFORMADOR)
VALUES (2, 1, 7288, 'EKT MELCHOR DE MENCOS', '10.44.76.100', 0, 0);
INSERT INTO UNIFORMES.TATIENDAS (FIPAIS, FICANAL, FISUCURSAL, FCNOMBRE, FCDIRIP, FIIDCDISTRIBUCION, FIIDFORMADOR)
VALUES (2, 1, 7289, 'EKT CENTRA SUR', '10.44.77.100', 0, 0);
INSERT INTO UNIFORMES.TATIENDAS (FIPAIS, FICANAL, FISUCURSAL, FCNOMBRE, FCDIRIP, FIIDCDISTRIBUCION, FIIDFORMADOR)
VALUES (2, 1, 7595, 'EKT PARROQUIA GUATEMALA', '10.44.22.100', 0, 0);
INSERT INTO UNIFORMES.TATIENDAS (FIPAIS, FICANAL, FISUCURSAL, FCNOMBRE, FCDIRIP, FIIDCDISTRIBUCION, FIIDFORMADOR)
VALUES (2, 1, 7621, 'EKT JALAPA GUATEMALA', '10.44.26.100', 0, 0);
INSERT INTO UNIFORMES.TATIENDAS (FIPAIS, FICANAL, FISUCURSAL, FCNOMBRE, FCDIRIP, FIIDCDISTRIBUCION, FIIDFORMADOR)
VALUES (2, 1, 7647, 'EKT SANTA LUCIA GUATEMALA', '10.44.20.100', 0, 0);
INSERT INTO UNIFORMES.TATIENDAS (FIPAIS, FICANAL, FISUCURSAL, FCNOMBRE, FCDIRIP, FIIDCDISTRIBUCION, FIIDFORMADOR)
VALUES (2, 1, 9739, 'EKT SAN PEDRO SACATEPEQUEZ', '10.44.27.100', 0, 0);
INSERT INTO UNIFORMES.TATIENDAS (FIPAIS, FICANAL, FISUCURSAL, FCNOMBRE, FCDIRIP, FIIDCDISTRIBUCION, FIIDFORMADOR)
VALUES (2, 1, 4074, 'EKT SAN JUAN SACATEPEQUEZ', '10.44.43.100', 0, 0);
INSERT INTO UNIFORMES.TATIENDAS (FIPAIS, FICANAL, FISUCURSAL, FCNOMBRE, FCDIRIP, FIIDCDISTRIBUCION, FIIDFORMADOR)
VALUES (2, 1, 4075, 'EKT SAN CRISTOBAL GUATEMALA', '10.44.66.100', 0, 0);
INSERT INTO UNIFORMES.TATIENDAS (FIPAIS, FICANAL, FISUCURSAL, FCNOMBRE, FCDIRIP, FIIDCDISTRIBUCION, FIIDFORMADOR)
VALUES (2, 1, 5995, 'EKT COBAN GUATEMALA', '10.44.18.100', 0, 0);
INSERT INTO UNIFORMES.TATIENDAS (FIPAIS, FICANAL, FISUCURSAL, FCNOMBRE, FCDIRIP, FIIDCDISTRIBUCION, FIIDFORMADOR)
VALUES (2, 1, 6567, 'EKT CHIQUIMULA GUATEMALA', '10.44.23.100', 0, 0);
INSERT INTO UNIFORMES.TATIENDAS (FIPAIS, FICANAL, FISUCURSAL, FCNOMBRE, FCDIRIP, FIIDCDISTRIBUCION, FIIDFORMADOR)
VALUES (2, 1, 7964, 'EKT ZACAPA GUATEMALA', '10.44.24.100', 0, 0);
INSERT INTO UNIFORMES.TATIENDAS (FIPAIS, FICANAL, FISUCURSAL, FCNOMBRE, FCDIRIP, FIIDCDISTRIBUCION, FIIDFORMADOR)
VALUES (2, 1, 8060, 'EKT XELA II DELCO GUATEMALA', '10.44.21.100', 0, 0);
INSERT INTO UNIFORMES.TATIENDAS (FIPAIS, FICANAL, FISUCURSAL, FCNOMBRE, FCDIRIP, FIIDCDISTRIBUCION, FIIDFORMADOR)
VALUES (2, 1, 8219, 'EKT PTO BARRIOS  GUATEMALA', '10.44.25.100', 0, 0);
INSERT INTO UNIFORMES.TATIENDAS (FIPAIS, FICANAL, FISUCURSAL, FCNOMBRE, FCDIRIP, FIIDCDISTRIBUCION, FIIDFORMADOR)
VALUES (4, 1, 2744, 'ELEKTRA TOCOA HONDURAS', '10.48.135.100', 0, 0);
INSERT INTO UNIFORMES.TATIENDAS (FIPAIS, FICANAL, FISUCURSAL, FCNOMBRE, FCDIRIP, FIIDCDISTRIBUCION, FIIDFORMADOR)
VALUES (4, 1, 2745, 'ELEKTRA JUTICALPA HONDURAS', '10.48.138.100', 0, 0);
INSERT INTO UNIFORMES.TATIENDAS (FIPAIS, FICANAL, FISUCURSAL, FCNOMBRE, FCDIRIP, FIIDCDISTRIBUCION, FIIDFORMADOR)
VALUES (4, 1, 4141, 'ELEKTRA DANLI HONDURAS', '10.48.127.100', 0, 0);
INSERT INTO UNIFORMES.TATIENDAS (FIPAIS, FICANAL, FISUCURSAL, FCNOMBRE, FCDIRIP, FIIDCDISTRIBUCION, FIIDFORMADOR)
VALUES (4, 1, 4151, 'ELEKTRA PUERTO CORTES', '10.48.128.100', 0, 0);
INSERT INTO UNIFORMES.TATIENDAS (FIPAIS, FICANAL, FISUCURSAL, FCNOMBRE, FCDIRIP, FIIDCDISTRIBUCION, FIIDFORMADOR)
VALUES (4, 1, 339, 'ELEKTRA SIGUATEPEQUE HONDURAS', '10.48.107.100', 0, 0);
INSERT INTO UNIFORMES.TATIENDAS (FIPAIS, FICANAL, FISUCURSAL, FCNOMBRE, FCDIRIP, FIIDCDISTRIBUCION, FIIDFORMADOR)
VALUES (4, 1, 340, 'ELEKTRA VILLANUEVA HONDURAS', '10.48.108.100', 0, 0);
INSERT INTO UNIFORMES.TATIENDAS (FIPAIS, FICANAL, FISUCURSAL, FCNOMBRE, FCDIRIP, FIIDCDISTRIBUCION, FIIDFORMADOR)
VALUES (4, 1, 893, 'ELEKTRA HISPANO SPS HONDURAS', '10.48.115.100', 0, 0);
INSERT INTO UNIFORMES.TATIENDAS (FIPAIS, FICANAL, FISUCURSAL, FCNOMBRE, FCDIRIP, FIIDCDISTRIBUCION, FIIDFORMADOR)
VALUES (4, 1, 984, 'ELEKTRA OLANCHITO HONDURAS', '10.48.116.100', 0, 0);
INSERT INTO UNIFORMES.TATIENDAS (FIPAIS, FICANAL, FISUCURSAL, FCNOMBRE, FCDIRIP, FIIDCDISTRIBUCION, FIIDFORMADOR)
VALUES (4, 1, 350, 'ELEKTRA PEDREGAL TEG HONDURAS', '10.48.109.100', 0, 0);
INSERT INTO UNIFORMES.TATIENDAS (FIPAIS, FICANAL, FISUCURSAL, FCNOMBRE, FCDIRIP, FIIDCDISTRIBUCION, FIIDFORMADOR)
VALUES (4, 1, 351, 'ELEKTRA PREMIER SPS HONDURAS', '10.48.110.100', 0, 0);
INSERT INTO UNIFORMES.TATIENDAS (FIPAIS, FICANAL, FISUCURSAL, FCNOMBRE, FCDIRIP, FIIDCDISTRIBUCION, FIIDFORMADOR)
VALUES (4, 1, 352, 'ELEKTRA KENNEDY TEG HONDURAS', '10.48.111.100', 0, 0);
INSERT INTO UNIFORMES.TATIENDAS (FIPAIS, FICANAL, FISUCURSAL, FCNOMBRE, FCDIRIP, FIIDCDISTRIBUCION, FIIDFORMADOR)
VALUES (4, 1, 777, 'ELEKTRA CHOLOMA  HONDURAS', '10.48.112.100', 0, 0);
INSERT INTO UNIFORMES.TATIENDAS (FIPAIS, FICANAL, FISUCURSAL, FCNOMBRE, FCDIRIP, FIIDCDISTRIBUCION, FIIDFORMADOR)
VALUES (4, 1, 877, 'ELEKTRA PROGRESO HONDURAS', '10.48.113.100', 0, 0);
INSERT INTO UNIFORMES.TATIENDAS (FIPAIS, FICANAL, FISUCURSAL, FCNOMBRE, FCDIRIP, FIIDCDISTRIBUCION, FIIDFORMADOR)
VALUES (4, 1, 880, 'ELEKTRA SANTA FE TEG HONDURAS', '10.48.114.100', 0, 0);
INSERT INTO UNIFORMES.TATIENDAS (FIPAIS, FICANAL, FISUCURSAL, FCNOMBRE, FCDIRIP, FIIDCDISTRIBUCION, FIIDFORMADOR)
VALUES (4, 1, 2239, 'ELEKTRA SAN MIGUEL TEG HONDURAS', '10.48.117.100', 0, 0);
INSERT INTO UNIFORMES.TATIENDAS (FIPAIS, FICANAL, FISUCURSAL, FCNOMBRE, FCDIRIP, FIIDCDISTRIBUCION, FIIDFORMADOR)
VALUES (4, 1, 2743, 'ELEKTRA BOLA DE ORO TEG HONDURAS', '10.48.139.100', 0, 0);
INSERT INTO UNIFORMES.TATIENDAS (FIPAIS, FICANAL, FISUCURSAL, FCNOMBRE, FCDIRIP, FIIDCDISTRIBUCION, FIIDFORMADOR)
VALUES (4, 1, 7346, 'ELEKTRA COMAYAGUELA TEG HONDURAS', '10.48.123.100', 0, 0);
INSERT INTO UNIFORMES.TATIENDAS (FIPAIS, FICANAL, FISUCURSAL, FCNOMBRE, FCDIRIP, FIIDCDISTRIBUCION, FIIDFORMADOR)
VALUES (4, 1, 7744, 'ELEKTRA CHOLUTECA HONDURAS', '10.48.122.100', 0, 0);
INSERT INTO UNIFORMES.TATIENDAS (FIPAIS, FICANAL, FISUCURSAL, FCNOMBRE, FCDIRIP, FIIDCDISTRIBUCION, FIIDFORMADOR)
VALUES (4, 1, 7757, 'ELEKTRA LA CEIBA HONDURAS', '10.48.124.100', 0, 0);
INSERT INTO UNIFORMES.TATIENDAS (FIPAIS, FICANAL, FISUCURSAL, FCNOMBRE, FCDIRIP, FIIDCDISTRIBUCION, FIIDFORMADOR)
VALUES (4, 1, 7786, 'ELEKTRA COMAYAGUA HONDURAS', '10.48.125.100', 0, 0);
INSERT INTO UNIFORMES.TATIENDAS (FIPAIS, FICANAL, FISUCURSAL, FCNOMBRE, FCDIRIP, FIIDCDISTRIBUCION, FIIDFORMADOR)
VALUES (4, 1, 9523, 'ELEKTRA SANTA ROSA DE COPAN HONDURAS', '10.48.126.100', 0, 0);
INSERT INTO UNIFORMES.TATIENDAS (FIPAIS, FICANAL, FISUCURSAL, FCNOMBRE, FCDIRIP, FIIDCDISTRIBUCION, FIIDFORMADOR)
VALUES (4, 1, 6266, 'ELEKTRA MEDINA SPS HONDURAS', '10.48.119.100', 0, 0);
INSERT INTO UNIFORMES.TATIENDAS (FIPAIS, FICANAL, FISUCURSAL, FCNOMBRE, FCDIRIP, FIIDCDISTRIBUCION, FIIDFORMADOR)
VALUES (4, 1, 6347, 'ELEKTRA PALACE TEG HONDURAS', '10.48.118.100', 0, 0);
INSERT INTO UNIFORMES.TATIENDAS (FIPAIS, FICANAL, FISUCURSAL, FCNOMBRE, FCDIRIP, FIIDCDISTRIBUCION, FIIDFORMADOR)
VALUES (4, 1, 6486, 'ELEKTRA LUX TEG HONDURAS', '10.48.121.100', 0, 0);
INSERT INTO UNIFORMES.TATIENDAS (FIPAIS, FICANAL, FISUCURSAL, FCNOMBRE, FCDIRIP, FIIDCDISTRIBUCION, FIIDFORMADOR)
VALUES (4, 1, 6548, 'ELEKTRA LA ENTRADA HONDURAS', '10.48.140.100', 0, 0);
INSERT INTO UNIFORMES.TATIENDAS (FIPAIS, FICANAL, FISUCURSAL, FCNOMBRE, FCDIRIP, FIIDCDISTRIBUCION, FIIDFORMADOR)
VALUES (4, 1, 7907, 'ELEKTRA YORO HONDURAS', '10.48.141.100', 0, 0);
INSERT INTO UNIFORMES.TATIENDAS (FIPAIS, FICANAL, FISUCURSAL, FCNOMBRE, FCDIRIP, FIIDCDISTRIBUCION, FIIDFORMADOR)
VALUES (4, 1, 8374, 'ELEKTRA TERCERA AVENIDA SPS HONDURAS', '10.48.120.100', 0, 0);
INSERT INTO UNIFORMES.TATIENDAS (FIPAIS, FICANAL, FISUCURSAL, FCNOMBRE, FCDIRIP, FIIDCDISTRIBUCION, FIIDFORMADOR)
VALUES (6, 1, 1603, 'EKT MADRE DE DIOS', '10.152.13.100', 0, 0);
INSERT INTO UNIFORMES.TATIENDAS (FIPAIS, FICANAL, FISUCURSAL, FCNOMBRE, FCDIRIP, FIIDCDISTRIBUCION, FIIDFORMADOR)
VALUES (6, 1, 4264, 'EKT PISCO', '10.48.27.100', 0, 0);
INSERT INTO UNIFORMES.TATIENDAS (FIPAIS, FICANAL, FISUCURSAL, FCNOMBRE, FCDIRIP, FIIDCDISTRIBUCION, FIIDFORMADOR)
VALUES (6, 1, 4265, 'EKT TRUJILLO AYACUCHO', '10.48.24.100', 0, 0);
INSERT INTO UNIFORMES.TATIENDAS (FIPAIS, FICANAL, FISUCURSAL, FCNOMBRE, FCDIRIP, FIIDCDISTRIBUCION, FIIDFORMADOR)
VALUES (6, 1, 4266, 'EKT TRUJILLO LA ESPERANZA', '10.48.25.100', 0, 0);
INSERT INTO UNIFORMES.TATIENDAS (FIPAIS, FICANAL, FISUCURSAL, FCNOMBRE, FCDIRIP, FIIDCDISTRIBUCION, FIIDFORMADOR)
VALUES (6, 1, 4267, 'EKT PROCERES SJL', '10.48.23.100', 0, 0);
INSERT INTO UNIFORMES.TATIENDAS (FIPAIS, FICANAL, FISUCURSAL, FCNOMBRE, FCDIRIP, FIIDCDISTRIBUCION, FIIDFORMADOR)
VALUES (6, 1, 4268, 'EKT SANCHEZ CERRO', '10.48.17.100', 0, 0);
INSERT INTO UNIFORMES.TATIENDAS (FIPAIS, FICANAL, FISUCURSAL, FCNOMBRE, FCDIRIP, FIIDCDISTRIBUCION, FIIDFORMADOR)
VALUES (6, 1, 4270, 'EKT SULLANA', '10.48.19.100', 0, 0);
INSERT INTO UNIFORMES.TATIENDAS (FIPAIS, FICANAL, FISUCURSAL, FCNOMBRE, FCDIRIP, FIIDCDISTRIBUCION, FIIDFORMADOR)
VALUES (6, 1, 4271, 'EKT CHICLAYO SALAVERRY', '10.48.15.100', 0, 0);
INSERT INTO UNIFORMES.TATIENDAS (FIPAIS, FICANAL, FISUCURSAL, FCNOMBRE, FCDIRIP, FIIDCDISTRIBUCION, FIIDFORMADOR)
VALUES (6, 1, 4272, 'EKT CHIMBOTE', '10.48.20.100', 0, 0);
INSERT INTO UNIFORMES.TATIENDAS (FIPAIS, FICANAL, FISUCURSAL, FCNOMBRE, FCDIRIP, FIIDCDISTRIBUCION, FIIDFORMADOR)
VALUES (6, 1, 4275, 'EKT GRAU PIURA', '10.48.14.100', 0, 0);
INSERT INTO UNIFORMES.TATIENDAS (FIPAIS, FICANAL, FISUCURSAL, FCNOMBRE, FCDIRIP, FIIDCDISTRIBUCION, FIIDFORMADOR)
VALUES (6, 1, 4276, 'EKT TRUJILLO EL PORVENIR', '10.48.26.100', 0, 0);
INSERT INTO UNIFORMES.TATIENDAS (FIPAIS, FICANAL, FISUCURSAL, FCNOMBRE, FCDIRIP, FIIDCDISTRIBUCION, FIIDFORMADOR)
VALUES (6, 1, 4277, 'EKT TALARA', '10.48.11.100', 0, 0);
INSERT INTO UNIFORMES.TATIENDAS (FIPAIS, FICANAL, FISUCURSAL, FCNOMBRE, FCDIRIP, FIIDCDISTRIBUCION, FIIDFORMADOR)
VALUES (6, 1, 4279, 'EKT HUAYCAN', '10.48.21.100', 0, 0);
INSERT INTO UNIFORMES.TATIENDAS (FIPAIS, FICANAL, FISUCURSAL, FCNOMBRE, FCDIRIP, FIIDCDISTRIBUCION, FIIDFORMADOR)
VALUES (6, 1, 4280, 'EKT HUANCAYO EL TAMBO', '10.48.22.100', 0, 0);
INSERT INTO UNIFORMES.TATIENDAS (FIPAIS, FICANAL, FISUCURSAL, FCNOMBRE, FCDIRIP, FIIDCDISTRIBUCION, FIIDFORMADOR)
VALUES (6, 1, 4281, 'EKT CHICLAYO BALTA', '10.48.13.100', 0, 0);
INSERT INTO UNIFORMES.TATIENDAS (FIPAIS, FICANAL, FISUCURSAL, FCNOMBRE, FCDIRIP, FIIDCDISTRIBUCION, FIIDFORMADOR)
VALUES (6, 1, 4282, 'EKT JAEN', '10.48.9.100', 0, 0);
INSERT INTO UNIFORMES.TATIENDAS (FIPAIS, FICANAL, FISUCURSAL, FCNOMBRE, FCDIRIP, FIIDCDISTRIBUCION, FIIDFORMADOR)
VALUES (6, 1, 4283, 'EKT LAMBAYEQUE', '10.48.18.100', 0, 0);
INSERT INTO UNIFORMES.TATIENDAS (FIPAIS, FICANAL, FISUCURSAL, FCNOMBRE, FCDIRIP, FIIDCDISTRIBUCION, FIIDFORMADOR)
VALUES (6, 1, 4285, 'EKT HUARAZ', '10.48.8.100', 0, 0);
INSERT INTO UNIFORMES.TATIENDAS (FIPAIS, FICANAL, FISUCURSAL, FCNOMBRE, FCDIRIP, FIIDCDISTRIBUCION, FIIDFORMADOR)
VALUES (6, 1, 4299, 'EKT CUZCO', '10.48.16.100', 0, 0);
INSERT INTO UNIFORMES.TATIENDAS (FIPAIS, FICANAL, FISUCURSAL, FCNOMBRE, FCDIRIP, FIIDCDISTRIBUCION, FIIDFORMADOR)
VALUES (6, 1, 3823, 'EKT PUCALLPA', '10.48.226.100', 0, 0);
INSERT INTO UNIFORMES.TATIENDAS (FIPAIS, FICANAL, FISUCURSAL, FCNOMBRE, FCDIRIP, FIIDCDISTRIBUCION, FIIDFORMADOR)
VALUES (6, 1, 3824, 'EKT TARAPOTO', '10.48.227.100', 0, 0);
INSERT INTO UNIFORMES.TATIENDAS (FIPAIS, FICANAL, FISUCURSAL, FCNOMBRE, FCDIRIP, FIIDCDISTRIBUCION, FIIDFORMADOR)
VALUES (6, 1, 3825, 'EKT IQUITOS', '10.48.228.100', 0, 0);
INSERT INTO UNIFORMES.TATIENDAS (FIPAIS, FICANAL, FISUCURSAL, FCNOMBRE, FCDIRIP, FIIDCDISTRIBUCION, FIIDFORMADOR)
VALUES (6, 1, 3826, 'EKT CAJAMARCA', '10.152.18.100', 0, 0);
INSERT INTO UNIFORMES.TATIENDAS (FIPAIS, FICANAL, FISUCURSAL, FCNOMBRE, FCDIRIP, FIIDCDISTRIBUCION, FIIDFORMADOR)
VALUES (6, 1, 109, 'EKT VENTANILLA', '10.48.33.100', 0, 0);
INSERT INTO UNIFORMES.TATIENDAS (FIPAIS, FICANAL, FISUCURSAL, FCNOMBRE, FCDIRIP, FIIDCDISTRIBUCION, FIIDFORMADOR)
VALUES (6, 1, 111, 'EKT PUENTE PIEDRA', '10.48.42.100', 0, 0);
INSERT INTO UNIFORMES.TATIENDAS (FIPAIS, FICANAL, FISUCURSAL, FCNOMBRE, FCDIRIP, FIIDCDISTRIBUCION, FIIDFORMADOR)
VALUES (6, 1, 388, 'ELEKTRA COM PERU', '10.48.241.100', 0, 0);
INSERT INTO UNIFORMES.TATIENDAS (FIPAIS, FICANAL, FISUCURSAL, FCNOMBRE, FCDIRIP, FIIDCDISTRIBUCION, FIIDFORMADOR)
VALUES (6, 1, 2243, 'EKT CAÑETE', '10.48.58.100', 0, 0);
INSERT INTO UNIFORMES.TATIENDAS (FIPAIS, FICANAL, FISUCURSAL, FCNOMBRE, FCDIRIP, FIIDCDISTRIBUCION, FIIDFORMADOR)
VALUES (6, 1, 2245, 'EKT BARRANCA', '10.48.30.100', 0, 0);
INSERT INTO UNIFORMES.TATIENDAS (FIPAIS, FICANAL, FISUCURSAL, FCNOMBRE, FCDIRIP, FIIDCDISTRIBUCION, FIIDFORMADOR)
VALUES (6, 1, 2246, 'EKT LURIN', '10.48.48.100', 0, 0);
INSERT INTO UNIFORMES.TATIENDAS (FIPAIS, FICANAL, FISUCURSAL, FCNOMBRE, FCDIRIP, FIIDCDISTRIBUCION, FIIDFORMADOR)
VALUES (6, 1, 2248, 'EKT JOSE GALVEZ', '10.48.29.100', 0, 0);
INSERT INTO UNIFORMES.TATIENDAS (FIPAIS, FICANAL, FISUCURSAL, FCNOMBRE, FCDIRIP, FIIDCDISTRIBUCION, FIIDFORMADOR)
VALUES (6, 1, 2249, 'EKT VILLA EL SALVADOR', '10.48.28.100', 0, 0);
INSERT INTO UNIFORMES.TATIENDAS (FIPAIS, FICANAL, FISUCURSAL, FCNOMBRE, FCDIRIP, FIIDCDISTRIBUCION, FIIDFORMADOR)
VALUES (6, 1, 7802, 'EKT CHULUCANAS', '10.48.73.50', 0, 0);
INSERT INTO UNIFORMES.TATIENDAS (FIPAIS, FICANAL, FISUCURSAL, FCNOMBRE, FCDIRIP, FIIDCDISTRIBUCION, FIIDFORMADOR)
VALUES (6, 1, 9467, 'EKT HUACHO', '10.48.53.100', 0, 0);
INSERT INTO UNIFORMES.TATIENDAS (FIPAIS, FICANAL, FISUCURSAL, FCNOMBRE, FCDIRIP, FIIDCDISTRIBUCION, FIIDFORMADOR)
VALUES (6, 1, 9470, 'EKT HUARAL', '10.48.54.100', 0, 0);
INSERT INTO UNIFORMES.TATIENDAS (FIPAIS, FICANAL, FISUCURSAL, FCNOMBRE, FCDIRIP, FIIDCDISTRIBUCION, FIIDFORMADOR)
VALUES (6, 1, 9483, 'EKT LA MARINA', '10.48.39.100', 0, 0);
INSERT INTO UNIFORMES.TATIENDAS (FIPAIS, FICANAL, FISUCURSAL, FCNOMBRE, FCDIRIP, FIIDCDISTRIBUCION, FIIDFORMADOR)
VALUES (6, 1, 9519, 'EKT EL AGUSTINO', '10.48.47.100', 0, 0);
INSERT INTO UNIFORMES.TATIENDAS (FIPAIS, FICANAL, FISUCURSAL, FCNOMBRE, FCDIRIP, FIIDCDISTRIBUCION, FIIDFORMADOR)
VALUES (6, 1, 9580, 'EKT ICA', '10.48.55.100', 0, 0);
INSERT INTO UNIFORMES.TATIENDAS (FIPAIS, FICANAL, FISUCURSAL, FCNOMBRE, FCDIRIP, FIIDCDISTRIBUCION, FIIDFORMADOR)
VALUES (6, 1, 9629, 'EKT ATE VITARTE', '10.48.35.100', 0, 0);
INSERT INTO UNIFORMES.TATIENDAS (FIPAIS, FICANAL, FISUCURSAL, FCNOMBRE, FCDIRIP, FIIDCDISTRIBUCION, FIIDFORMADOR)
VALUES (6, 1, 9713, 'EKT CHINCHA', '10.48.56.100', 0, 0);
INSERT INTO UNIFORMES.TATIENDAS (FIPAIS, FICANAL, FISUCURSAL, FCNOMBRE, FCDIRIP, FIIDCDISTRIBUCION, FIIDFORMADOR)
VALUES (6, 1, 9836, 'EKT CHOSICA', '10.48.46.100', 0, 0);
INSERT INTO UNIFORMES.TATIENDAS (FIPAIS, FICANAL, FISUCURSAL, FCNOMBRE, FCDIRIP, FIIDCDISTRIBUCION, FIIDFORMADOR)
VALUES (6, 1, 9849, 'EKT LOS OLIVOS', '10.48.41.100', 0, 0);
INSERT INTO UNIFORMES.TATIENDAS (FIPAIS, FICANAL, FISUCURSAL, FCNOMBRE, FCDIRIP, FIIDCDISTRIBUCION, FIIDFORMADOR)
VALUES (6, 1, 9852, 'EKT TOMAS VALLE', '10.48.32.100', 0, 0);
INSERT INTO UNIFORMES.TATIENDAS (FIPAIS, FICANAL, FISUCURSAL, FCNOMBRE, FCDIRIP, FIIDCDISTRIBUCION, FIIDFORMADOR)
VALUES (6, 1, 9865, 'EKT CANTO GRANDE', '10.48.44.100', 0, 0);
INSERT INTO UNIFORMES.TATIENDAS (FIPAIS, FICANAL, FISUCURSAL, FCNOMBRE, FCDIRIP, FIIDCDISTRIBUCION, FIIDFORMADOR)
VALUES (6, 1, 5983, 'EKT CHEPEN', '10.48.72.190', 0, 0);
INSERT INTO UNIFORMES.TATIENDAS (FIPAIS, FICANAL, FISUCURSAL, FCNOMBRE, FCDIRIP, FIIDCDISTRIBUCION, FIIDFORMADOR)
VALUES (6, 1, 5984, 'EKT PACASMAYO', '10.48.233.180', 0, 0);
INSERT INTO UNIFORMES.TATIENDAS (FIPAIS, FICANAL, FISUCURSAL, FCNOMBRE, FCDIRIP, FIIDCDISTRIBUCION, FIIDFORMADOR)
VALUES (6, 1, 5985, 'EKT PRO LIMA', '10.48.73.150', 0, 0);
INSERT INTO UNIFORMES.TATIENDAS (FIPAIS, FICANAL, FISUCURSAL, FCNOMBRE, FCDIRIP, FIIDCDISTRIBUCION, FIIDFORMADOR)
VALUES (6, 1, 5986, 'EKT JULIACA', '10.48.233.20', 0, 0);
INSERT INTO UNIFORMES.TATIENDAS (FIPAIS, FICANAL, FISUCURSAL, FCNOMBRE, FCDIRIP, FIIDCDISTRIBUCION, FIIDFORMADOR)
VALUES (6, 1, 5987, 'EKT TACNA SAN MARTIN', '10.48.232.240', 0, 0);
INSERT INTO UNIFORMES.TATIENDAS (FIPAIS, FICANAL, FISUCURSAL, FCNOMBRE, FCDIRIP, FIIDCDISTRIBUCION, FIIDFORMADOR)
VALUES (6, 1, 5988, 'EKT LA MERCED', '10.48.70.150', 0, 0);
INSERT INTO UNIFORMES.TATIENDAS (FIPAIS, FICANAL, FISUCURSAL, FCNOMBRE, FCDIRIP, FIIDCDISTRIBUCION, FIIDFORMADOR)
VALUES (6, 1, 5990, 'EKT CASMAS', '10.48.71.110', 0, 0);
INSERT INTO UNIFORMES.TATIENDAS (FIPAIS, FICANAL, FISUCURSAL, FCNOMBRE, FCDIRIP, FIIDCDISTRIBUCION, FIIDFORMADOR)
VALUES (6, 1, 5994, 'EKT PUNO', '10.48.234.220', 0, 0);
INSERT INTO UNIFORMES.TATIENDAS (FIPAIS, FICANAL, FISUCURSAL, FCNOMBRE, FCDIRIP, FIIDCDISTRIBUCION, FIIDFORMADOR)
VALUES (6, 1, 5996, 'EKT HUANUCO', '10.48.235.80', 0, 0);
INSERT INTO UNIFORMES.TATIENDAS (FIPAIS, FICANAL, FISUCURSAL, FCNOMBRE, FCDIRIP, FIIDCDISTRIBUCION, FIIDFORMADOR)
VALUES (6, 1, 5261, 'EKT TINGO MARIA', '10.152.11.100', 0, 0);
INSERT INTO UNIFORMES.TATIENDAS (FIPAIS, FICANAL, FISUCURSAL, FCNOMBRE, FCDIRIP, FIIDCDISTRIBUCION, FIIDFORMADOR)
VALUES (6, 1, 7803, 'EKT AREQUIPA LA NEGRITA', '10.48.68.180', 0, 0);
INSERT INTO UNIFORMES.TATIENDAS (FIPAIS, FICANAL, FISUCURSAL, FCNOMBRE, FCDIRIP, FIIDCDISTRIBUCION, FIIDFORMADOR)
VALUES (6, 1, 7841, 'EKT CHORRILLOS', '10.48.45.100', 0, 0);
INSERT INTO UNIFORMES.TATIENDAS (FIPAIS, FICANAL, FISUCURSAL, FCNOMBRE, FCDIRIP, FIIDCDISTRIBUCION, FIIDFORMADOR)
VALUES (6, 1, 7867, 'EKT SAN MARTIN DE PORRAS', '10.48.31.100', 0, 0);
INSERT INTO UNIFORMES.TATIENDAS (FIPAIS, FICANAL, FISUCURSAL, FCNOMBRE, FCDIRIP, FIIDCDISTRIBUCION, FIIDFORMADOR)
VALUES (6, 1, 7870, 'EKT VILLA MARIA DEL TRIUNFO', '10.48.34.100', 0, 0);
INSERT INTO UNIFORMES.TATIENDAS (FIPAIS, FICANAL, FISUCURSAL, FCNOMBRE, FCDIRIP, FIIDCDISTRIBUCION, FIIDFORMADOR)
VALUES (6, 1, 7883, 'EKT COMAS', '10.48.38.100', 0, 0);
INSERT INTO UNIFORMES.TATIENDAS (FIPAIS, FICANAL, FISUCURSAL, FCNOMBRE, FCDIRIP, FIIDCDISTRIBUCION, FIIDFORMADOR)
VALUES (6, 1, 7896, 'EKT SAN JUAN DE LURIGANCHO', '10.48.49.100', 0, 0);
INSERT INTO UNIFORMES.TATIENDAS (FIPAIS, FICANAL, FISUCURSAL, FCNOMBRE, FCDIRIP, FIIDCDISTRIBUCION, FIIDFORMADOR)
VALUES (6, 1, 8012, 'EKT AYACUCHO', '10.48.52.100', 0, 0);
INSERT INTO UNIFORMES.TATIENDAS (FIPAIS, FICANAL, FISUCURSAL, FCNOMBRE, FCDIRIP, FIIDCDISTRIBUCION, FIIDFORMADOR)
VALUES (6, 1, 8013, 'EKT TACNA SANTA ROSA', '10.48.232.210', 0, 0);
INSERT INTO UNIFORMES.TATIENDAS (FIPAIS, FICANAL, FISUCURSAL, FCNOMBRE, FCDIRIP, FIIDCDISTRIBUCION, FIIDFORMADOR)
VALUES (6, 1, 8014, 'EKT ILO', '10.48.234.180', 0, 0);
INSERT INTO UNIFORMES.TATIENDAS (FIPAIS, FICANAL, FISUCURSAL, FCNOMBRE, FCDIRIP, FIIDCDISTRIBUCION, FIIDFORMADOR)
VALUES (6, 1, 8016, 'CAÑETE IMPERIAL', '10.48.66.80', 0, 0);
INSERT INTO UNIFORMES.TATIENDAS (FIPAIS, FICANAL, FISUCURSAL, FCNOMBRE, FCDIRIP, FIIDCDISTRIBUCION, FIIDFORMADOR)
VALUES (7, 1, 4438, 'NO ESPECIALIZADO EKT COLON', '10.48.94.100', 0, 0);
INSERT INTO UNIFORMES.TATIENDAS (FIPAIS, FICANAL, FISUCURSAL, FCNOMBRE, FCDIRIP, FIIDCDISTRIBUCION, FIIDFORMADOR)
VALUES (7, 1, 4773, 'NO ESPECIALIZADO EKT BUGABA PANAMA', '10.48.7.100', 0, 0);
INSERT INTO UNIFORMES.TATIENDAS (FIPAIS, FICANAL, FISUCURSAL, FCNOMBRE, FCDIRIP, FIIDCDISTRIBUCION, FIIDFORMADOR)
VALUES (7, 1, 3194, 'NO ESPECIALIZADO EKT LOS PUEBLOS PANAMA', '10.48.75.100', 0, 0);
INSERT INTO UNIFORMES.TATIENDAS (FIPAIS, FICANAL, FISUCURSAL, FCNOMBRE, FCDIRIP, FIIDCDISTRIBUCION, FIIDFORMADOR)
VALUES (7, 1, 3264, 'NO ESPECIALIZADO EKT ARRAIJAN  PANAMA', '10.48.83.100', 0, 0);
INSERT INTO UNIFORMES.TATIENDAS (FIPAIS, FICANAL, FISUCURSAL, FCNOMBRE, FCDIRIP, FIIDCDISTRIBUCION, FIIDFORMADOR)
VALUES (7, 1, 3265, 'NO ESPECIALIZADO EKT LA DOÑA PANAMA', '10.48.77.100', 0, 0);
INSERT INTO UNIFORMES.TATIENDAS (FIPAIS, FICANAL, FISUCURSAL, FCNOMBRE, FCDIRIP, FIIDCDISTRIBUCION, FIIDFORMADOR)
VALUES (7, 1, 3268, 'NO ESPECIALIZADO EKT SANTIAGO PANAMA', '10.48.84.100', 0, 0);
INSERT INTO UNIFORMES.TATIENDAS (FIPAIS, FICANAL, FISUCURSAL, FCNOMBRE, FCDIRIP, FIIDCDISTRIBUCION, FIIDFORMADOR)
VALUES (7, 1, 3270, 'NO ESPECIALIZADO EKT DAVID PANAMA', '10.48.85.100', 0, 0);
INSERT INTO UNIFORMES.TATIENDAS (FIPAIS, FICANAL, FISUCURSAL, FCNOMBRE, FCDIRIP, FIIDCDISTRIBUCION, FIIDFORMADOR)
VALUES (7, 1, 3271, 'NO ESPECIAIZADO EKT CHORRERA PANAMA', '10.48.81.100', 0, 0);
INSERT INTO UNIFORMES.TATIENDAS (FIPAIS, FICANAL, FISUCURSAL, FCNOMBRE, FCDIRIP, FIIDCDISTRIBUCION, FIIDFORMADOR)
VALUES (7, 1, 3272, 'NO ESPECIALIZADO EKT PENONOME PANAMA', '10.48.79.100', 0, 0);
INSERT INTO UNIFORMES.TATIENDAS (FIPAIS, FICANAL, FISUCURSAL, FCNOMBRE, FCDIRIP, FIIDCDISTRIBUCION, FIIDFORMADOR)
VALUES (7, 1, 3882, 'NO ESPECIALIZADO EKT LOS ANDES PANAMA', '10.48.76.100', 0, 0);
INSERT INTO UNIFORMES.TATIENDAS (FIPAIS, FICANAL, FISUCURSAL, FCNOMBRE, FCDIRIP, FIIDCDISTRIBUCION, FIIDFORMADOR)
VALUES (7, 1, 3883, 'NO ESPECIALIZADO EKT CHITRE PANAMA', '10.48.82.100', 0, 0);

COMMIT;